{
"type": "FeatureCollection",
"name": "limites_ra",
"crs": { "type": "name", "properties": { "name": "urn:ogc:def:crs:OGC:1.3:CRS84" } },
"features": [
{ "type": "Feature", "properties": { "ra_cira": 1, "ra_nome": "Plano Piloto", "ra_codigo": "RA-I", "regiao_saude": "Central" }, "geometry": { "type": "Polygon", "coordinates": [ [ [ -47.859501544695654, -15.688227458448896 ], [ -47.862082136455534, -15.689690342381349 ], [ -47.875405455958209, -15.696256152500467 ], [ -47.875937177305616, -15.679576829814172 ], [ -47.878432933167311, -15.682948725171009 ], [ -47.905473633734402, -15.696390167428655 ], [ -47.908385166275679, -15.69347307703457 ], [ -47.909396956224029, -15.693477396300468 ], [ -47.91025905783151, -15.693733040223062 ], [ -47.910315761652257, -15.694503142635998 ], [ -47.91077184853107, -15.694453993449184 ], [ -47.910939656464564, -15.694802683675027 ], [ -47.911401457803642, -15.694676516801799 ], [ -47.911543583440704, -15.694916639156228 ], [ -47.911412728257268, -15.695293065287952 ], [ -47.913146240718071, -15.69592016106167 ], [ -47.914683958517962, -15.693921942182264 ], [ -47.914836113712717, -15.693477411008399 ], [ -47.920070525939764, -15.702970900019602 ], [ -47.921823573656404, -15.710405974582249 ], [ -47.922852884520573, -15.716804202315176 ], [ -47.923260036590698, -15.716919670850695 ], [ -47.923139980093829, -15.717987675598067 ], [ -47.923461457589376, -15.71855636922832 ], [ -47.923309074476805, -15.719019815066869 ], [ -47.922633739825393, -15.719445184801211 ], [ -47.92229637496979, -15.721023502382932 ], [ -47.922434867327539, -15.721573774486854 ], [ -47.921611834940997, -15.722240022958278 ], [ -47.921588050807657, -15.722652031757915 ], [ -47.921869451825799, -15.722781185418475 ], [ -47.922180757203392, -15.724586743443165 ], [ -47.92174972072803, -15.724653772115733 ], [ -47.921526133026909, -15.725290960575165 ], [ -47.921020441897028, -15.725550770092935 ], [ -47.920595258638834, -15.72615624302656 ], [ -47.920353427247029, -15.726231548464922 ], [ -47.919984841752189, -15.725990929094211 ], [ -47.91785892514612, -15.727327379309401 ], [ -47.916326859183904, -15.72770232829609 ], [ -47.916221945890705, -15.728020596689134 ], [ -47.915804581775134, -15.728074411812317 ], [ -47.915643000308236, -15.728307849601508 ], [ -47.915320671689983, -15.728097742783056 ], [ -47.914968731455126, -15.728294089204821 ], [ -47.914227236555682, -15.728277750282606 ], [ -47.913714327828792, -15.727887102501246 ], [ -47.91339449667052, -15.728426786391454 ], [ -47.913083118341191, -15.728598209093171 ], [ -47.912312371688813, -15.728656032904974 ], [ -47.911959774243485, -15.728405674557651 ], [ -47.910777784513208, -15.72855999194114 ], [ -47.910195637682165, -15.728162837896726 ], [ -47.90941195860222, -15.728658225264837 ], [ -47.908792950650408, -15.728504192286964 ], [ -47.908580380949182, -15.728654112829172 ], [ -47.908559433235084, -15.728118349878462 ], [ -47.908232251847252, -15.727827641635677 ], [ -47.90760090138626, -15.727928760435363 ], [ -47.90740546457517, -15.727707948379992 ], [ -47.907076323967267, -15.727963025968828 ], [ -47.906207923376947, -15.727447741563468 ], [ -47.90489050456889, -15.727712011902204 ], [ -47.904458555939371, -15.727525104159565 ], [ -47.904381872026953, -15.727216319557064 ], [ -47.9026059720969, -15.727443110637896 ], [ -47.902393067644347, -15.727309939057291 ], [ -47.902214444351742, -15.727758251695144 ], [ -47.901781050129294, -15.727692209739647 ], [ -47.901376060192874, -15.727867041021463 ], [ -47.901184483167278, -15.727508601050863 ], [ -47.900658134887756, -15.727862768861266 ], [ -47.900116804063039, -15.727692284454063 ], [ -47.900700105911326, -15.72762181708984 ], [ -47.900715121075685, -15.727390856964053 ], [ -47.899939451588452, -15.727538308388187 ], [ -47.899629804323304, -15.727287979239499 ], [ -47.89929256877334, -15.727363657151063 ], [ -47.898980444198848, -15.727194380618423 ], [ -47.898819247279398, -15.72746767423547 ], [ -47.898379202929043, -15.727659634271109 ], [ -47.897843850845, -15.727501308183763 ], [ -47.897576872295737, -15.727943231428739 ], [ -47.896863954009, -15.727837611547285 ], [ -47.896342177209775, -15.728397464502397 ], [ -47.895259743008111, -15.728726490384458 ], [ -47.89489305535556, -15.7295812974907 ], [ -47.89485348891774, -15.730120291923498 ], [ -47.894686555774953, -15.730213747757617 ], [ -47.894067428591029, -15.730048375059697 ], [ -47.894081965340099, -15.729573291797335 ], [ -47.893538894532341, -15.729375389411464 ], [ -47.892010859549487, -15.729619941647032 ], [ -47.891896981143823, -15.729797960049378 ], [ -47.890422519661705, -15.729626651672774 ], [ -47.889955973613716, -15.729759401756541 ], [ -47.888917882831571, -15.729482909047203 ], [ -47.887465226395548, -15.729361371120739 ], [ -47.887020022770479, -15.729157146728378 ], [ -47.886728910298615, -15.72923198424556 ], [ -47.886655846337476, -15.729435850841298 ], [ -47.886338387346392, -15.72920832920757 ], [ -47.885903446928204, -15.72921591190309 ], [ -47.884698835214991, -15.728805974544969 ], [ -47.883330445020647, -15.729191522516633 ], [ -47.882671419286325, -15.72978240933077 ], [ -47.881927619866502, -15.730091223338109 ], [ -47.881084038016731, -15.730079281203718 ], [ -47.879589313777068, -15.730923448517936 ], [ -47.879205773383482, -15.731648069719274 ], [ -47.878014502063955, -15.732866386437379 ], [ -47.877939788069547, -15.73351576581819 ], [ -47.87650222852502, -15.735283008165302 ], [ -47.876337691196881, -15.73655422136787 ], [ -47.876086393186732, -15.737004460441916 ], [ -47.875818267346958, -15.737133759825999 ], [ -47.875281621824982, -15.738103850177682 ], [ -47.873778907734561, -15.739242074337042 ], [ -47.873698683811718, -15.739667776459289 ], [ -47.873149664979948, -15.74009090889631 ], [ -47.872975753025592, -15.740483538088972 ], [ -47.872550136114036, -15.740653587528749 ], [ -47.872447745943958, -15.741101243328963 ], [ -47.871997206356333, -15.741187483425241 ], [ -47.870275544102675, -15.74210270487189 ], [ -47.868464136020165, -15.742537411795283 ], [ -47.867544318464446, -15.742524436360407 ], [ -47.865459848936183, -15.743471063415512 ], [ -47.864164849143854, -15.744482517877035 ], [ -47.863737951555812, -15.745199629749804 ], [ -47.863214814060186, -15.74564703394978 ], [ -47.863067345003081, -15.746785468789374 ], [ -47.862701920219422, -15.74738423046489 ], [ -47.861281646230672, -15.747931968753235 ], [ -47.859527163554382, -15.747858286896395 ], [ -47.857626405821811, -15.748921121557663 ], [ -47.856415127434637, -15.749337784197937 ], [ -47.85534735290458, -15.749478747907977 ], [ -47.853222099522355, -15.750434448441332 ], [ -47.851995574636689, -15.751071892030737 ], [ -47.850434157404706, -15.752639480059399 ], [ -47.848761924709009, -15.753397611547395 ], [ -47.84649717509707, -15.754833423928002 ], [ -47.845170113604823, -15.757193505867251 ], [ -47.845038376521579, -15.757748046328214 ], [ -47.84517639757464, -15.759231694726012 ], [ -47.844844206007046, -15.759938541547053 ], [ -47.842598331756619, -15.760661459509775 ], [ -47.841271019547108, -15.761942338165539 ], [ -47.840532484027698, -15.763342893467867 ], [ -47.839262015397907, -15.763987066593678 ], [ -47.837298476609277, -15.764637754031186 ], [ -47.836940429604965, -15.765065298414196 ], [ -47.836738798507241, -15.765036460164625 ], [ -47.835947512352213, -15.765614744020617 ], [ -47.83547214770973, -15.766459272128277 ], [ -47.835585961994106, -15.766854192192897 ], [ -47.835420915213078, -15.766898054324644 ], [ -47.835596282410641, -15.766904002425481 ], [ -47.835622003604421, -15.767108064661269 ], [ -47.835478520349838, -15.76738485073561 ], [ -47.835090805448807, -15.767487231860816 ], [ -47.834608943260484, -15.768832073662431 ], [ -47.834563580973985, -15.770090393714323 ], [ -47.835111355810099, -15.77093730445635 ], [ -47.834875173536517, -15.771779277253456 ], [ -47.833655741577608, -15.773232089845948 ], [ -47.831851224841806, -15.773620716868686 ], [ -47.831687835843411, -15.773167174082873 ], [ -47.831145810320166, -15.773126593176748 ], [ -47.82923144081618, -15.769741897854949 ], [ -47.829176312437696, -15.769382443554578 ], [ -47.829051603542212, -15.769402832175839 ], [ -47.828345354755584, -15.765797523760572 ], [ -47.82811178730605, -15.763496904059259 ], [ -47.828222551228706, -15.763382952491188 ], [ -47.826935620787729, -15.760547465989887 ], [ -47.827284990507032, -15.759095952095073 ], [ -47.82860480862675, -15.758132637738504 ], [ -47.829480696043206, -15.75698353974866 ], [ -47.829934551469918, -15.755393089883189 ], [ -47.829784724304744, -15.754692804577379 ], [ -47.829124443396793, -15.753861808371807 ], [ -47.828595716483655, -15.753567301728655 ], [ -47.828617401721772, -15.753297867836153 ], [ -47.828748635083564, -15.753471338581642 ], [ -47.828838611268296, -15.753341077254122 ], [ -47.828657971577258, -15.753113918742885 ], [ -47.828535116366311, -15.753331067886277 ], [ -47.828025093769689, -15.752683909493916 ], [ -47.828251831704044, -15.752596764212738 ], [ -47.827518817165291, -15.751616133491366 ], [ -47.827716149254542, -15.750675641445474 ], [ -47.829582855424782, -15.749219723966814 ], [ -47.833982270132495, -15.746458038705002 ], [ -47.83567423319279, -15.745740965098747 ], [ -47.838641147678985, -15.744999936402827 ], [ -47.840131399356643, -15.744218141950826 ], [ -47.84105231195791, -15.74335902131131 ], [ -47.844298143256324, -15.738884095904382 ], [ -47.845603152543326, -15.738220623051401 ], [ -47.845723134063533, -15.738361022720056 ], [ -47.846529552513836, -15.738089793647472 ], [ -47.847717540163671, -15.737503668486603 ], [ -47.848110763514562, -15.736886315308286 ], [ -47.848825682356363, -15.736462029157394 ], [ -47.850050958973057, -15.735071494472642 ], [ -47.850451697241873, -15.735000871103209 ], [ -47.852796474345368, -15.732910473782782 ], [ -47.853093237544854, -15.732524445168705 ], [ -47.853473470028852, -15.731112822380673 ], [ -47.855178904823859, -15.730980663618832 ], [ -47.85595188126586, -15.730636065030229 ], [ -47.856268377138193, -15.730040851044118 ], [ -47.856213502517114, -15.729328216289161 ], [ -47.856602452738137, -15.729630548159689 ], [ -47.85738771035129, -15.728970583388818 ], [ -47.857647495897396, -15.729068535178342 ], [ -47.858808776449848, -15.728035105948928 ], [ -47.857480925018599, -15.728699402114017 ], [ -47.857091630636084, -15.728553662735914 ], [ -47.858343367028894, -15.728063318099977 ], [ -47.858526035791598, -15.727785998718891 ], [ -47.857579459035186, -15.728237149393454 ], [ -47.859250179547921, -15.726914810120524 ], [ -47.859383214927796, -15.727167550374691 ], [ -47.85967796838208, -15.72702640068592 ], [ -47.861122461736997, -15.725717753913935 ], [ -47.861171867131851, -15.72550360110397 ], [ -47.861041202823607, -15.72562667349543 ], [ -47.860992544675192, -15.725474428490207 ], [ -47.860252559708904, -15.726412695945333 ], [ -47.859371195750406, -15.727082728327414 ], [ -47.860520330360245, -15.724359238878442 ], [ -47.861358646653557, -15.723591545402178 ], [ -47.861746034308091, -15.723614615786525 ], [ -47.862207945787908, -15.723466355618685 ], [ -47.862341359633341, -15.723641149982866 ], [ -47.86239800855089, -15.723489074782391 ], [ -47.862315989981198, -15.72339343779352 ], [ -47.861300284343933, -15.723518143400314 ], [ -47.86099756583021, -15.723749294895706 ], [ -47.8602833885151, -15.724541360244562 ], [ -47.859397385411825, -15.726629160962371 ], [ -47.857401553940981, -15.728189536836734 ], [ -47.856108685314403, -15.728844960941633 ], [ -47.857415105006289, -15.727722800426216 ], [ -47.857654944806399, -15.726992725287284 ], [ -47.8582434988054, -15.727181797382306 ], [ -47.859330686415305, -15.72646579104374 ], [ -47.859534460253379, -15.725899305373293 ], [ -47.859514639488566, -15.725594054666725 ], [ -47.858770315224817, -15.725213085460563 ], [ -47.859115744894993, -15.724514887624093 ], [ -47.857726724443872, -15.724257361022744 ], [ -47.857312200811627, -15.72450557782803 ], [ -47.856859937087975, -15.724254346192293 ], [ -47.856970009196317, -15.724683563371693 ], [ -47.855425678486959, -15.725865466702425 ], [ -47.855484166082356, -15.725974372423565 ], [ -47.854533592145138, -15.726484545279833 ], [ -47.853860633089042, -15.727222567092898 ], [ -47.853957844850811, -15.727386930725048 ], [ -47.852890765893001, -15.727226864141723 ], [ -47.852602469961361, -15.727458318694483 ], [ -47.85219365655751, -15.728000420803612 ], [ -47.852301628305014, -15.728644132161218 ], [ -47.85217836545015, -15.728904311799297 ], [ -47.852129910248578, -15.728385502961613 ], [ -47.85184906811341, -15.72767382991937 ], [ -47.85170994754391, -15.727520674331796 ], [ -47.85170979076333, -15.727163034230616 ], [ -47.851662167852638, -15.727017463693709 ], [ -47.851668782213885, -15.727524782662933 ], [ -47.852094852714004, -15.728513302564327 ], [ -47.852084639208222, -15.728973775351159 ], [ -47.851773955479878, -15.728139999478962 ], [ -47.851345416768154, -15.728016131498894 ], [ -47.850810666692574, -15.728267973053358 ], [ -47.850895118862518, -15.72853691200808 ], [ -47.84909799904576, -15.728925268269316 ], [ -47.848494592145002, -15.729244598791203 ], [ -47.8483870424364, -15.729108467358156 ], [ -47.84782570831603, -15.729664814705728 ], [ -47.847664648686731, -15.72952068220804 ], [ -47.847362025523232, -15.729740208557526 ], [ -47.847464443692793, -15.730011676474522 ], [ -47.847279409637395, -15.730372154453574 ], [ -47.847153067422767, -15.7303181063255 ], [ -47.847236599603775, -15.730741012555002 ], [ -47.847175237929989, -15.730890720659742 ], [ -47.847003827249182, -15.730803158006443 ], [ -47.847163054966181, -15.73094203165668 ], [ -47.846698699299061, -15.731471116613333 ], [ -47.846745193251337, -15.731698080357628 ], [ -47.846285900670154, -15.732462491452983 ], [ -47.846075504636119, -15.733320678548226 ], [ -47.844955278362946, -15.733727049027744 ], [ -47.844826623106805, -15.733991903423492 ], [ -47.844594344109623, -15.733944472874319 ], [ -47.844620592724866, -15.734153214917962 ], [ -47.844456407057237, -15.734034408975525 ], [ -47.844400883630499, -15.73431295725646 ], [ -47.84379349160232, -15.734972304021435 ], [ -47.842355788149391, -15.734886365677832 ], [ -47.840770429848135, -15.735129091631109 ], [ -47.840203690247641, -15.734927642469891 ], [ -47.839347541346235, -15.734230987107827 ], [ -47.838964429937711, -15.734462114456905 ], [ -47.838651823455372, -15.734170556151023 ], [ -47.838444772428659, -15.734223244231169 ], [ -47.838404479702113, -15.734801377979942 ], [ -47.838619118817739, -15.735279147887518 ], [ -47.83853321253968, -15.73567435810639 ], [ -47.838071012995826, -15.736263076266576 ], [ -47.836977956268932, -15.736591103559675 ], [ -47.836653126428409, -15.736786274906958 ], [ -47.836699435277723, -15.736911882055216 ], [ -47.836283087626022, -15.737109356810757 ], [ -47.836187691702719, -15.736999158769121 ], [ -47.835985863449565, -15.737244224910446 ], [ -47.835610510715746, -15.737021332362643 ], [ -47.836525061841222, -15.738232599624265 ], [ -47.836714907553201, -15.738829633988303 ], [ -47.83651113835046, -15.739628193710292 ], [ -47.83633375922242, -15.739630303067251 ], [ -47.836474085728511, -15.739678527819445 ], [ -47.836271208487446, -15.74003694695101 ], [ -47.836382453154386, -15.740198384182646 ], [ -47.836146925797358, -15.740564877668696 ], [ -47.835628352240072, -15.740841783202795 ], [ -47.835475860438024, -15.741444404418083 ], [ -47.835708223487771, -15.741750315207442 ], [ -47.83561862517822, -15.742026740979835 ], [ -47.835053093043143, -15.742035053479023 ], [ -47.83489233603887, -15.741519893654106 ], [ -47.833070649665856, -15.740904324713952 ], [ -47.832699739897251, -15.740931649167328 ], [ -47.832107110240656, -15.741508879849656 ], [ -47.832231911045213, -15.74187148465605 ], [ -47.832112041015016, -15.742393297483297 ], [ -47.83029306483202, -15.743083061782077 ], [ -47.830292010007568, -15.743726409206655 ], [ -47.830095363655374, -15.743668714338709 ], [ -47.829772725209629, -15.742985784804832 ], [ -47.829299401073243, -15.742680853740486 ], [ -47.828823450195628, -15.742633500101403 ], [ -47.828381359507958, -15.743120044147282 ], [ -47.828028657160779, -15.743228753207017 ], [ -47.827995653273994, -15.743695283255542 ], [ -47.827409220139103, -15.74434170646353 ], [ -47.826425174427392, -15.744857232317466 ], [ -47.825869235301511, -15.744638881919261 ], [ -47.825334187076194, -15.744791444554551 ], [ -47.823980490083521, -15.745541843363352 ], [ -47.823128133793396, -15.747167666761472 ], [ -47.821923664081517, -15.747831873310631 ], [ -47.82110993337168, -15.749117135013323 ], [ -47.821145422088577, -15.749495754296497 ], [ -47.821465597029722, -15.749613355394979 ], [ -47.821909397600578, -15.75042045215829 ], [ -47.822088507485788, -15.751219641027404 ], [ -47.82201278846339, -15.751597924563221 ], [ -47.821266853913521, -15.75234001272295 ], [ -47.820512268952342, -15.752672297689777 ], [ -47.819742648855843, -15.752582620484134 ], [ -47.819297644125157, -15.752054919044657 ], [ -47.817632237427851, -15.751281590974918 ], [ -47.817119330376336, -15.751065200456061 ], [ -47.816787381680548, -15.751149741642909 ], [ -47.815842632880162, -15.750687795981579 ], [ -47.814911395068862, -15.750467778146323 ], [ -47.815460079890151, -15.750794466689232 ], [ -47.815820044724163, -15.750739794679559 ], [ -47.816649651061915, -15.751231878681077 ], [ -47.816415978504359, -15.751426791541787 ], [ -47.815681811695249, -15.751360071080422 ], [ -47.816146485710753, -15.751455269093512 ], [ -47.817459457453694, -15.753836589352206 ], [ -47.81760491825829, -15.75378987051729 ], [ -47.817867184921298, -15.754146423499906 ], [ -47.81843362192609, -15.755219369661779 ], [ -47.818619327002168, -15.75519725301794 ], [ -47.819182140006987, -15.756305915471099 ], [ -47.819241078594942, -15.756477309929011 ], [ -47.819053379530992, -15.756591474960324 ], [ -47.819193827741344, -15.75690367365495 ], [ -47.819361602269225, -15.756867065668146 ], [ -47.819864828832984, -15.758604832938511 ], [ -47.819592255086597, -15.758797583359428 ], [ -47.819541488220892, -15.759457529145983 ], [ -47.819171700777581, -15.760079746761807 ], [ -47.818128872107046, -15.760710328615035 ], [ -47.817987122131456, -15.760579322736769 ], [ -47.818010466500112, -15.760791354638835 ], [ -47.817884296750911, -15.760649646347591 ], [ -47.81765956317701, -15.760721920298796 ], [ -47.817578558334887, -15.761036407872981 ], [ -47.81723761221685, -15.761076323328348 ], [ -47.817304029965371, -15.761177470460078 ], [ -47.816633552054547, -15.761560349110376 ], [ -47.816255447795911, -15.762130953808045 ], [ -47.816103479981706, -15.762110637565188 ], [ -47.815289195296273, -15.762910619613319 ], [ -47.813660064678182, -15.763672793649041 ], [ -47.8142280443777, -15.764209511480082 ], [ -47.814294594348844, -15.764098178684472 ], [ -47.815255754711615, -15.764288567534226 ], [ -47.815254013027825, -15.764508494593736 ], [ -47.815406770606984, -15.764337576979448 ], [ -47.816683103755096, -15.764795931667567 ], [ -47.817271131330301, -15.764745096405605 ], [ -47.817815875826575, -15.764349987910132 ], [ -47.818408831885968, -15.764443034674942 ], [ -47.818863414281331, -15.765090628304881 ], [ -47.818713015863246, -15.765950728860282 ], [ -47.818562659351606, -15.765944984781184 ], [ -47.818063203774273, -15.767192120811947 ], [ -47.81819194781837, -15.767341052453629 ], [ -47.818041520701655, -15.768053858684423 ], [ -47.81786180069787, -15.768103658341879 ], [ -47.818020660144846, -15.768128814425632 ], [ -47.817945488932928, -15.768531446490268 ], [ -47.817735909392574, -15.768532195950812 ], [ -47.818033016924275, -15.768619552034764 ], [ -47.818012894006209, -15.768715704446185 ], [ -47.817709538752624, -15.768628553005479 ], [ -47.817832180159456, -15.76918694295829 ], [ -47.817571730121749, -15.769524354514035 ], [ -47.817216047779112, -15.771316841136541 ], [ -47.81742891040804, -15.771716265354796 ], [ -47.817273508359925, -15.772330653335345 ], [ -47.817407525967617, -15.773854814427407 ], [ -47.817004263767828, -15.774828386410778 ], [ -47.815916277139962, -15.775511690704965 ], [ -47.815777907052883, -15.775361809149091 ], [ -47.815814492691139, -15.775573246140219 ], [ -47.815348919064718, -15.775735922861617 ], [ -47.815121609841654, -15.776066295056069 ], [ -47.814621908988741, -15.776247585840643 ], [ -47.814104611079678, -15.77674650919676 ], [ -47.813903410316868, -15.776713367305804 ], [ -47.813980654797376, -15.776860138760355 ], [ -47.813711302933932, -15.777192026724377 ], [ -47.813065656159253, -15.777765803821222 ], [ -47.81288629077909, -15.77766695259978 ], [ -47.812932318126428, -15.777879649163358 ], [ -47.812385282397152, -15.77803816527654 ], [ -47.81166638757248, -15.778805625446862 ], [ -47.810960915533514, -15.779165047670416 ], [ -47.810642811222813, -15.780089218764418 ], [ -47.810675125195388, -15.780499843753063 ], [ -47.810357802809065, -15.781139492695859 ], [ -47.810081536844322, -15.781293236856456 ], [ -47.809957358178451, -15.78177198753097 ], [ -47.809375694268574, -15.782419593454243 ], [ -47.808727572533783, -15.782784842532346 ], [ -47.808502107132355, -15.783346617627156 ], [ -47.808100730669317, -15.783584351616678 ], [ -47.808020749802346, -15.784011784222153 ], [ -47.807584295990807, -15.784528339269185 ], [ -47.806380318285598, -15.785390532977949 ], [ -47.806330133172651, -15.785712694085952 ], [ -47.806680372408586, -15.786128027884379 ], [ -47.806513964417547, -15.786442155583709 ], [ -47.806865593206076, -15.786798436956627 ], [ -47.806727818223322, -15.787259410443017 ], [ -47.804852102923547, -15.788472323275361 ], [ -47.80412701229568, -15.788555723544947 ], [ -47.803745135756174, -15.788898256714115 ], [ -47.802624735781116, -15.789196731505212 ], [ -47.801622292431055, -15.789212449316198 ], [ -47.801470015262623, -15.789028174114234 ], [ -47.800997170031721, -15.789362928706563 ], [ -47.800206386526376, -15.789536656618617 ], [ -47.800295907901393, -15.789662067988898 ], [ -47.79925638208406, -15.790298497288795 ], [ -47.798965307680071, -15.790163670215483 ], [ -47.799234891305517, -15.789915409284291 ], [ -47.799151395215027, -15.789709718794109 ], [ -47.798334193092273, -15.789895616207286 ], [ -47.798057027863244, -15.7900996660355 ], [ -47.798126610295299, -15.790538386876005 ], [ -47.797062658148008, -15.790269224137768 ], [ -47.796852597589059, -15.790076073358536 ], [ -47.796973942944035, -15.789875796354243 ], [ -47.795816491011614, -15.78942518276356 ], [ -47.795283276434752, -15.78895967996613 ], [ -47.795441163740549, -15.788801229279846 ], [ -47.795190756813263, -15.788262806186358 ], [ -47.794883567854505, -15.788452557824789 ], [ -47.794968002020106, -15.788627985363894 ], [ -47.794715501555508, -15.788904480555365 ], [ -47.794527029352018, -15.78892890397314 ], [ -47.794713423657875, -15.789205910182126 ], [ -47.794642994187797, -15.789571911721316 ], [ -47.794069713537461, -15.789527940820918 ], [ -47.793725825732132, -15.789859206092466 ], [ -47.794278063195186, -15.79073126908413 ], [ -47.793166427168522, -15.79058068842882 ], [ -47.792138768915606, -15.789889373153649 ], [ -47.792062015688252, -15.790044908981072 ], [ -47.791372257622037, -15.79023371075248 ], [ -47.790706956248115, -15.790225545953824 ], [ -47.790635321199055, -15.789981855238894 ], [ -47.79017086513533, -15.789773675521861 ], [ -47.789491023493682, -15.788470065806647 ], [ -47.789383076101956, -15.790488791168203 ], [ -47.789145569375499, -15.790673541092206 ], [ -47.788391022078692, -15.789358380589158 ], [ -47.787839321067096, -15.78899143627131 ], [ -47.787755785182675, -15.788610365430374 ], [ -47.78777883185834, -15.789021382876316 ], [ -47.787931028177042, -15.789307351637564 ], [ -47.787724316764674, -15.789274633079653 ], [ -47.787845016579638, -15.789714360236273 ], [ -47.78740519622292, -15.789665669775266 ], [ -47.787887469735224, -15.790500994249665 ], [ -47.787288458302832, -15.790886076841819 ], [ -47.786661716997777, -15.790414796993209 ], [ -47.786406418679938, -15.790456997430374 ], [ -47.786309080760141, -15.790682440776472 ], [ -47.785876250602008, -15.790665715770244 ], [ -47.785837961877434, -15.791483411487215 ], [ -47.78546003748869, -15.79173486369025 ], [ -47.785613939479745, -15.792314514274709 ], [ -47.785417506175619, -15.793562917974215 ], [ -47.784813997943218, -15.793479889327372 ], [ -47.784378517189076, -15.793840741637867 ], [ -47.784371361229233, -15.794088071513036 ], [ -47.784729117039369, -15.794571341871343 ], [ -47.784626034466633, -15.79590741824245 ], [ -47.784420619421446, -15.796211698592721 ], [ -47.784509703537296, -15.797079563424644 ], [ -47.783986457794455, -15.797382592181561 ], [ -47.783917714555322, -15.797855797369898 ], [ -47.785855310667216, -15.802230998191243 ], [ -47.786685814425645, -15.801853476182696 ], [ -47.787264929169083, -15.801794925477363 ], [ -47.788257976006875, -15.800841375058532 ], [ -47.78863179190671, -15.799946078857801 ], [ -47.789361688111605, -15.800006969103991 ], [ -47.789281644449211, -15.799584063502147 ], [ -47.789431213052104, -15.799410274945535 ], [ -47.78926305318128, -15.799105367343943 ], [ -47.78992422436805, -15.798936567340547 ], [ -47.789285349849152, -15.798492842608743 ], [ -47.789603328456081, -15.798084061714119 ], [ -47.789363892360477, -15.797764535507591 ], [ -47.789572210497262, -15.79739229527185 ], [ -47.789245663414938, -15.797202765629772 ], [ -47.789390165551723, -15.796223441766191 ], [ -47.789235348119526, -15.796282137130277 ], [ -47.789163521452643, -15.796118081101257 ], [ -47.789527360683131, -15.795755284084692 ], [ -47.790705642588925, -15.795708530108383 ], [ -47.791089491193809, -15.795355319919061 ], [ -47.791346944948629, -15.79569857120846 ], [ -47.791725162681665, -15.795465220160718 ], [ -47.792011444164807, -15.795577683260174 ], [ -47.792093731008983, -15.796168833903698 ], [ -47.792723226406842, -15.795859969262475 ], [ -47.7929043102991, -15.796108656275432 ], [ -47.793709577282236, -15.796345841320729 ], [ -47.793953706870035, -15.796090078479436 ], [ -47.7946038450674, -15.795911650605792 ], [ -47.795414681985029, -15.797281411606624 ], [ -47.795527993382052, -15.796738101608973 ], [ -47.795909908553554, -15.796623395190306 ], [ -47.795749630761257, -15.796348965154177 ], [ -47.795828493707205, -15.795961928270804 ], [ -47.796978829035496, -15.796533939464707 ], [ -47.796884927902525, -15.796131087934485 ], [ -47.797574871322247, -15.795764246358084 ], [ -47.797825589662835, -15.796020322281109 ], [ -47.798240080251503, -15.797222354604035 ], [ -47.798456168056958, -15.797319292728183 ], [ -47.798725705267913, -15.797030985805897 ], [ -47.798740353241371, -15.796444711254505 ], [ -47.798506376332405, -15.796136173761585 ], [ -47.799051927126271, -15.795444401095772 ], [ -47.798699992744368, -15.795420458236102 ], [ -47.798575046818399, -15.795214071835796 ], [ -47.799631550361759, -15.794738298257203 ], [ -47.800773996791207, -15.79471893812725 ], [ -47.800762944966749, -15.794939381690876 ], [ -47.800960258448946, -15.795016044932749 ], [ -47.80138438629546, -15.794839796062799 ], [ -47.801295450988711, -15.794151559755601 ], [ -47.80170571227243, -15.794043507834797 ], [ -47.80337946790366, -15.794481088754793 ], [ -47.803562461681992, -15.794368421442835 ], [ -47.803691236906658, -15.794124807173594 ], [ -47.803020247231181, -15.793760532784569 ], [ -47.802550623510008, -15.79319735458486 ], [ -47.802428605661703, -15.792830047358327 ], [ -47.802581869590448, -15.792729040100138 ], [ -47.803544859022303, -15.792801768574472 ], [ -47.804217572780054, -15.792353451549316 ], [ -47.805387753960673, -15.79275583111064 ], [ -47.806768040334703, -15.792819204801106 ], [ -47.807352561834357, -15.793201667139915 ], [ -47.807990483926076, -15.792928311238583 ], [ -47.809210722376285, -15.793187583024238 ], [ -47.809915553999453, -15.793871015540402 ], [ -47.809901914325501, -15.794253972125615 ], [ -47.810390469067521, -15.794335355498148 ], [ -47.810300073164683, -15.795005234702421 ], [ -47.809678973756789, -15.795428646062447 ], [ -47.809785684988533, -15.795695287420955 ], [ -47.812204585191509, -15.797421442646989 ], [ -47.812424214200163, -15.798030605528739 ], [ -47.812781178789272, -15.798229889160108 ], [ -47.813546747670635, -15.799751172630405 ], [ -47.814006840360797, -15.801108866687212 ], [ -47.815302773972526, -15.802962797831732 ], [ -47.815224373838674, -15.803881128253565 ], [ -47.814728693347078, -15.804706896685797 ], [ -47.813355487154688, -15.805858907936958 ], [ -47.813369786065763, -15.806304015681226 ], [ -47.814117536213537, -15.806452565090604 ], [ -47.816112226355649, -15.805913538581787 ], [ -47.816184825936382, -15.805761177637843 ], [ -47.816989075906449, -15.805689952955598 ], [ -47.817055625529257, -15.806526204705264 ], [ -47.817243547992419, -15.806804275192906 ], [ -47.817092193234977, -15.807209703230857 ], [ -47.817556038282198, -15.807876692848286 ], [ -47.817420487710791, -15.807961569204521 ], [ -47.817998674752914, -15.808411548101974 ], [ -47.818404119175824, -15.808490398635643 ], [ -47.818875237287592, -15.809019501812791 ], [ -47.818304129251729, -15.809783279289825 ], [ -47.818181117448141, -15.810389263351997 ], [ -47.818552409259709, -15.813408684427531 ], [ -47.819075612091709, -15.815142846500615 ], [ -47.819387625752768, -15.817157477412794 ], [ -47.818968195412907, -15.818115421958382 ], [ -47.818279427199165, -15.819003276780622 ], [ -47.817778649096077, -15.819225639624127 ], [ -47.817212371925216, -15.819812244994411 ], [ -47.816014271502937, -15.821693143613638 ], [ -47.816713041478479, -15.821410700959667 ], [ -47.817139395497414, -15.821440867610324 ], [ -47.816987802048438, -15.821324218961736 ], [ -47.817449764067831, -15.821012322978387 ], [ -47.819540538977549, -15.821330123931808 ], [ -47.819902336962684, -15.821627962224465 ], [ -47.819872980895745, -15.822103681963798 ], [ -47.820168995292548, -15.821725149399432 ], [ -47.821225165844879, -15.821998419797817 ], [ -47.821626331047824, -15.822265400534816 ], [ -47.822887861412369, -15.824028866937173 ], [ -47.823180947608719, -15.824920474482507 ], [ -47.823059830163395, -15.824905516133256 ], [ -47.823099124542914, -15.825299253371082 ], [ -47.824163733612082, -15.825433029222497 ], [ -47.824181476290363, -15.825668745928063 ], [ -47.824573159601279, -15.825626434997066 ], [ -47.827138455818378, -15.827830310129166 ], [ -47.827543034102227, -15.828488682848697 ], [ -47.827320623857389, -15.829790947353871 ], [ -47.826782426244826, -15.830780199337703 ], [ -47.825617014908154, -15.831924247105345 ], [ -47.825141177120578, -15.832865426769017 ], [ -47.82567767183351, -15.832944214801083 ], [ -47.826294625927687, -15.832603980786676 ], [ -47.827556514973004, -15.832508519025524 ], [ -47.828737123390603, -15.83216076187659 ], [ -47.829291965772605, -15.832427788961269 ], [ -47.829047016275382, -15.832010408116755 ], [ -47.829119486634191, -15.83178431394861 ], [ -47.830583308384568, -15.831334928819778 ], [ -47.83147940324676, -15.830782032855401 ], [ -47.832573438737711, -15.830872565827597 ], [ -47.832642358148284, -15.830741094683207 ], [ -47.833817373962233, -15.831023387531925 ], [ -47.834200388710897, -15.831338496674338 ], [ -47.834480806009509, -15.831206601496616 ], [ -47.835137971326866, -15.83156244376182 ], [ -47.835418560010751, -15.831510438530794 ], [ -47.836145917199232, -15.83190466144897 ], [ -47.836069558015616, -15.832093046093261 ], [ -47.836237052032963, -15.831946704332109 ], [ -47.836474903388741, -15.832251905275546 ], [ -47.836563879980993, -15.832164226062783 ], [ -47.837130300645903, -15.832507294844707 ], [ -47.837162603561964, -15.832769682119189 ], [ -47.837986991024891, -15.833063299476059 ], [ -47.837920330937138, -15.833258629789045 ], [ -47.838586402887536, -15.833969384152571 ], [ -47.839767276832561, -15.835979685494259 ], [ -47.839962935337468, -15.836830226635049 ], [ -47.840217912867445, -15.837033360548903 ], [ -47.84094765010466, -15.838701160375841 ], [ -47.840808003549753, -15.838770447645697 ], [ -47.840881721717409, -15.839438050881039 ], [ -47.841318924083374, -15.839424109751299 ], [ -47.841405420319845, -15.839159908934812 ], [ -47.841800834587374, -15.839029141430721 ], [ -47.84261922283526, -15.83911833453914 ], [ -47.842842367325169, -15.839301374488731 ], [ -47.843774842400563, -15.839065268272961 ], [ -47.846188537743785, -15.839669053532283 ], [ -47.847493903004498, -15.839818950837454 ], [ -47.84749423098048, -15.839934465450668 ], [ -47.848485566763856, -15.840165428102573 ], [ -47.850035844381445, -15.839810894057731 ], [ -47.849871231079476, -15.840277334154473 ], [ -47.849890252137826, -15.840363974504262 ], [ -47.850117826375183, -15.839767861385253 ], [ -47.850580164270426, -15.839424863653473 ], [ -47.851515926327707, -15.839414888533403 ], [ -47.851585776558558, -15.839211404892904 ], [ -47.852788618800552, -15.839396339055117 ], [ -47.853143485531326, -15.839780806240014 ], [ -47.853512395183117, -15.839777368518773 ], [ -47.85470629705943, -15.840669187080788 ], [ -47.854996852327837, -15.840714493022285 ], [ -47.855066391951695, -15.840976094995222 ], [ -47.856764536179831, -15.842496303817894 ], [ -47.858098480263045, -15.84418131700383 ], [ -47.858936027726614, -15.84457383365277 ], [ -47.858934563250791, -15.844753605894399 ], [ -47.859384745144858, -15.844889185838179 ], [ -47.859785813043736, -15.845260952568138 ], [ -47.860827402104945, -15.845582453241404 ], [ -47.861519051845661, -15.84612338874391 ], [ -47.861478032203586, -15.84631977627787 ], [ -47.863320436580956, -15.848652499845128 ], [ -47.863439319518193, -15.849206658803064 ], [ -47.863777248780735, -15.849618212352784 ], [ -47.863794006795693, -15.849960355436346 ], [ -47.863063372075388, -15.850059281829676 ], [ -47.862097862896853, -15.850724388458923 ], [ -47.860281299954622, -15.850760947877907 ], [ -47.858448559321353, -15.851504267248046 ], [ -47.858515477310604, -15.852267350246276 ], [ -47.858809759534459, -15.852786693400216 ], [ -47.858812784817687, -15.85379575889144 ], [ -47.859000112823828, -15.85319201246808 ], [ -47.859309777583739, -15.853322595285718 ], [ -47.858981614239994, -15.854120961760493 ], [ -47.859592855140015, -15.853090071422182 ], [ -47.860083868738869, -15.853038170009967 ], [ -47.860356033841178, -15.852645992424888 ], [ -47.86092585209532, -15.852362859918848 ], [ -47.862484368429122, -15.85207558221142 ], [ -47.863136974846483, -15.852214462568284 ], [ -47.863675631700914, -15.852011130497036 ], [ -47.86435313446357, -15.852306216051357 ], [ -47.864271249894095, -15.852415140485318 ], [ -47.865454278563199, -15.85266369504733 ], [ -47.866166277427745, -15.852305459404644 ], [ -47.86670079411325, -15.852388575664014 ], [ -47.866887709689458, -15.852104226360732 ], [ -47.867536406879786, -15.852647291075696 ], [ -47.867350687476424, -15.85323812185573 ], [ -47.867631626308018, -15.853522444001351 ], [ -47.868233714561228, -15.853775619957364 ], [ -47.86861001419841, -15.853679445316718 ], [ -47.869311642214385, -15.853852773267525 ], [ -47.869821658001015, -15.854175351857622 ], [ -47.869493095008849, -15.854389241289178 ], [ -47.869095657809396, -15.854385464573738 ], [ -47.868797910804119, -15.854708196074039 ], [ -47.868738702801053, -15.855870565887217 ], [ -47.869439506415098, -15.85666294365908 ], [ -47.869775887457578, -15.856850586041677 ], [ -47.869927870502167, -15.856593744662897 ], [ -47.870105947797505, -15.856777610788772 ], [ -47.870050226792571, -15.856956914237223 ], [ -47.87037343567453, -15.857180793852365 ], [ -47.870265416912979, -15.857415393000368 ], [ -47.870684975120135, -15.858325900437665 ], [ -47.871869426258499, -15.859006521255445 ], [ -47.873182667150594, -15.858690372356058 ], [ -47.873742558970591, -15.858385916066142 ], [ -47.87344364608402, -15.85783594374424 ], [ -47.87311044217553, -15.857621033310096 ], [ -47.872837122149733, -15.857738531507591 ], [ -47.872124044861678, -15.857583105102693 ], [ -47.873063621339817, -15.857403803012819 ], [ -47.873648652160689, -15.857827071142623 ], [ -47.874155660938158, -15.858833133422504 ], [ -47.874596464802799, -15.85908023967165 ], [ -47.874505293616437, -15.859569306478679 ], [ -47.874865982827551, -15.859183956320445 ], [ -47.874247884689765, -15.858718742931908 ], [ -47.874098643985683, -15.858206024742758 ], [ -47.87433102650953, -15.857658485911202 ], [ -47.873511795024861, -15.85713718776074 ], [ -47.873046283416599, -15.856249451601398 ], [ -47.872728646426744, -15.856195233494734 ], [ -47.872175936399913, -15.855633294789509 ], [ -47.872523647247199, -15.855716178630921 ], [ -47.870956932162606, -15.854881765790557 ], [ -47.870518166215867, -15.853828130129617 ], [ -47.870086667275771, -15.853373055152531 ], [ -47.869085944394087, -15.852936687023233 ], [ -47.868652810080746, -15.851786923253457 ], [ -47.868614779446112, -15.851173885805602 ], [ -47.868231195688232, -15.850848885777072 ], [ -47.868190877371347, -15.850055867511831 ], [ -47.86851853871466, -15.849333681368302 ], [ -47.869313814448738, -15.848886098077108 ], [ -47.869757404415438, -15.848445551834448 ], [ -47.869868689762889, -15.848070305575495 ], [ -47.86898169954209, -15.847079260798683 ], [ -47.86863647018528, -15.845261960861295 ], [ -47.868234981565131, -15.844832405881343 ], [ -47.868280713657867, -15.844647012136257 ], [ -47.8669180042722, -15.842402486275709 ], [ -47.866654134431798, -15.841534996656234 ], [ -47.864754310856945, -15.839597389343258 ], [ -47.863410519753991, -15.837740866485692 ], [ -47.862883234061805, -15.837390448221775 ], [ -47.86251082731912, -15.836672106184771 ], [ -47.862125904822165, -15.836308611956152 ], [ -47.861774493564745, -15.836447862827324 ], [ -47.861908997509964, -15.835895202320691 ], [ -47.861635836128237, -15.835725327031037 ], [ -47.861550551158402, -15.835148141058603 ], [ -47.860929765079533, -15.834733873433047 ], [ -47.860762991147496, -15.83428317628759 ], [ -47.85973948170038, -15.833708863084695 ], [ -47.85844826369587, -15.831985968575415 ], [ -47.857521845478743, -15.831485478175594 ], [ -47.856279680726992, -15.830134654260686 ], [ -47.854914281655482, -15.829508887666501 ], [ -47.85474752165814, -15.829101185489723 ], [ -47.854937370850479, -15.827846167164246 ], [ -47.855468484030709, -15.827332691709204 ], [ -47.857790440232208, -15.826951694944423 ], [ -47.860004621430086, -15.827410008120934 ], [ -47.861695053701432, -15.828017783276957 ], [ -47.863500810965228, -15.828306971443755 ], [ -47.864641273612989, -15.828274747702812 ], [ -47.866185368599673, -15.827885658583982 ], [ -47.868144482308679, -15.828599202964204 ], [ -47.869737450528461, -15.829844156513065 ], [ -47.870719395950168, -15.829973609713203 ], [ -47.871543878776571, -15.829424997252703 ], [ -47.871923988818644, -15.828300911811935 ], [ -47.871811875887147, -15.827262509806252 ], [ -47.870830497572257, -15.826533797588704 ], [ -47.871170956022205, -15.82557914390893 ], [ -47.871878397407812, -15.824546098489384 ], [ -47.872586769106292, -15.824194082814753 ], [ -47.874781963475506, -15.82475771447179 ], [ -47.875200777200618, -15.824601120616784 ], [ -47.875563143721727, -15.824732462264185 ], [ -47.876008889223421, -15.824577045944919 ], [ -47.876852534021836, -15.824624996102816 ], [ -47.877676592088761, -15.825373778036399 ], [ -47.87935266235683, -15.826023852514638 ], [ -47.879763124637257, -15.827467586910537 ], [ -47.8810861119332, -15.828695305977542 ], [ -47.882203727110522, -15.829037299262847 ], [ -47.882633538944461, -15.828887319222153 ], [ -47.882893157649832, -15.828481547944648 ], [ -47.883200448484089, -15.828586635155402 ], [ -47.883393880920764, -15.830008383089396 ], [ -47.883948368204152, -15.830990965343446 ], [ -47.88430993979452, -15.833907345030731 ], [ -47.88497433584395, -15.835568155616762 ], [ -47.886819484412371, -15.837571102802602 ], [ -47.889742895617658, -15.839298276019955 ], [ -47.890605103256355, -15.840158170628147 ], [ -47.892309621695787, -15.840976666282469 ], [ -47.893639550049009, -15.84103456421437 ], [ -47.893678090432161, -15.841177931497397 ], [ -47.895246661565558, -15.840869555727577 ], [ -47.895335112718534, -15.840983666270674 ], [ -47.895296967251156, -15.840855701385747 ], [ -47.895529684811365, -15.840786899469958 ], [ -47.896080063257472, -15.840908008424872 ], [ -47.898064428411089, -15.840672167723634 ], [ -47.898138298248178, -15.841152581306313 ], [ -47.898770974675195, -15.841808373235066 ], [ -47.899350641437294, -15.841980183742052 ], [ -47.899740224241349, -15.842414786184548 ], [ -47.900467245968755, -15.842635052260025 ], [ -47.900488591626001, -15.842944251310197 ], [ -47.900594109046096, -15.842829522188659 ], [ -47.903538287128825, -15.844390982644766 ], [ -47.903690452379664, -15.844608698854818 ], [ -47.904155400263619, -15.844664892054482 ], [ -47.904063122153168, -15.844028498696821 ], [ -47.905682900323846, -15.845188286503001 ], [ -47.90727168397602, -15.845916226836769 ], [ -47.9091833213295, -15.846074138248598 ], [ -47.911319922492112, -15.846696607310493 ], [ -47.914476383750625, -15.848436332280643 ], [ -47.917514086408232, -15.850467004961581 ], [ -47.919885345990942, -15.851609452930596 ], [ -47.920969156118126, -15.851358874765276 ], [ -47.922586459025034, -15.851553298843053 ], [ -47.923080675725487, -15.851756993512678 ], [ -47.923560500578468, -15.851343475083755 ], [ -47.924895121988506, -15.851707886609548 ], [ -47.924969688059846, -15.851087637876136 ], [ -47.925352869186312, -15.850841146764079 ], [ -47.925966250937904, -15.851077205260006 ], [ -47.926671336315785, -15.850862132141929 ], [ -47.927627767581669, -15.851356296891764 ], [ -47.928230882041078, -15.851148200055194 ], [ -47.929621809396863, -15.851522236296544 ], [ -47.930534026513918, -15.851187429609771 ], [ -47.930866530714297, -15.851515778031057 ], [ -47.931411883461962, -15.851300169236564 ], [ -47.932199904873592, -15.851329286604347 ], [ -47.932319845725381, -15.851287865267725 ], [ -47.931722469694002, -15.848495694493907 ], [ -47.931483339433157, -15.845098957346082 ], [ -47.940110825707663, -15.844563890717207 ], [ -47.941360188125437, -15.844337865670568 ], [ -47.953296937204435, -15.840579121988805 ], [ -47.948400442613107, -15.810152657054283 ], [ -47.942488267603679, -15.811009887831103 ], [ -47.940989762158416, -15.811058873007507 ], [ -47.939530799082199, -15.810770421553199 ], [ -47.934831975328301, -15.809142395659848 ], [ -47.927482647223087, -15.80630518727261 ], [ -47.914668444432294, -15.799151680499522 ], [ -47.91409488436711, -15.798734075902045 ], [ -47.913646411036069, -15.798090193042155 ], [ -47.912992675801419, -15.796130304230347 ], [ -47.911355452945962, -15.796623994862575 ], [ -47.911194748852637, -15.796534081369959 ], [ -47.908475183151779, -15.788470332995908 ], [ -47.914420436330488, -15.786431216724962 ], [ -47.913922475073669, -15.784974450608383 ], [ -47.938514856707364, -15.777271462514458 ], [ -47.937042089319569, -15.772996117093829 ], [ -47.936266835932159, -15.771248058614734 ], [ -47.91701050427119, -15.74019187003641 ], [ -47.91733205773221, -15.740005884247127 ], [ -47.91950455667061, -15.739967696942795 ], [ -47.921155525963243, -15.742618612466543 ], [ -47.921121919981267, -15.744181347749715 ], [ -47.927937381514745, -15.74023382514541 ], [ -47.942341633470825, -15.747905268657869 ], [ -47.948996997829681, -15.747752041265676 ], [ -47.963316447343701, -15.748858036460724 ], [ -47.969571754438711, -15.752619698169497 ], [ -47.972751571103885, -15.755836201857838 ], [ -47.976091816790117, -15.763215611761925 ], [ -47.976295542920298, -15.764194850806103 ], [ -47.975828285851513, -15.766043393040398 ], [ -47.975644982642933, -15.772014449775142 ], [ -47.97122698787846, -15.776644505106125 ], [ -47.97783135165772, -15.782523072814906 ], [ -47.978251978943092, -15.782589550568494 ], [ -48.003618797220881, -15.755439583993139 ], [ -48.004338236629351, -15.754905918661665 ], [ -48.006909582575808, -15.753904303629453 ], [ -48.017187413095719, -15.751558820404059 ], [ -48.047619684014499, -15.753706058009262 ], [ -48.049946015775447, -15.748300010720291 ], [ -48.052445908037022, -15.744637537937228 ], [ -48.054029885902217, -15.743006613465317 ], [ -48.057402939412526, -15.740497756064618 ], [ -48.060066382084507, -15.739149308161634 ], [ -48.063123039716679, -15.738171347350999 ], [ -48.070493163868996, -15.73701855288382 ], [ -48.074546861089168, -15.735943103972188 ], [ -48.078016544317656, -15.734136186754137 ], [ -48.081948162297159, -15.731490846695674 ], [ -48.083677476516307, -15.729823501539524 ], [ -48.084801416954001, -15.728208297784636 ], [ -48.085972518220665, -15.725561281555356 ], [ -48.086516075650913, -15.72314601674595 ], [ -48.089706188578226, -15.678855550581709 ], [ -48.089080510219631, -15.675357306353773 ], [ -48.076819062037785, -15.633049635914434 ], [ -48.075943943532714, -15.630692895674418 ], [ -48.074296243501209, -15.628106349790482 ], [ -48.072605735038373, -15.62636377805179 ], [ -48.070002551357277, -15.624561738895395 ], [ -48.048619383988076, -15.614745621996631 ], [ -48.045960746061219, -15.61313839942772 ], [ -48.043520783494486, -15.610901660368183 ], [ -48.029162001927652, -15.593440382925296 ], [ -48.026118335960227, -15.590267059291023 ], [ -48.013840500034426, -15.579720085909868 ], [ -48.012334545207501, -15.578887608365859 ], [ -48.010728282224761, -15.578304234684465 ], [ -48.0093347429654, -15.578038593822932 ], [ -48.007403580965196, -15.577973438145559 ], [ -48.005640538078048, -15.578230123670735 ], [ -48.004102871463353, -15.578704793544128 ], [ -48.001756393109062, -15.580053913353321 ], [ -47.956570863263913, -15.614323868468983 ], [ -47.883660077207139, -15.667802579337717 ], [ -47.8608504444218, -15.687285892757847 ], [ -47.859501544695654, -15.688227458448896 ] ] ] } },
{ "type": "Feature", "properties": { "ra_cira": 2, "ra_nome": "Gama", "ra_codigo": "RA-II", "regiao_saude": "Sul" }, "geometry": { "type": "Polygon", "coordinates": [ [ [ -48.094372341476912, -15.932246647199799 ], [ -48.09214561175714, -15.933517012996811 ], [ -48.091354498553819, -15.934471916932289 ], [ -48.091247985205769, -15.935028742969843 ], [ -48.082831567329038, -15.941675601177614 ], [ -48.080807169110649, -15.939662600058748 ], [ -48.079701837593404, -15.939027634305248 ], [ -48.07793980428869, -15.938784548496013 ], [ -48.075895031105595, -15.939411038836889 ], [ -48.06248557277975, -15.947791597002709 ], [ -48.061546941520533, -15.948123570727324 ], [ -48.054808814732638, -15.952246210000439 ], [ -48.052784039930451, -15.953003967557644 ], [ -48.050773839088848, -15.953304227976933 ], [ -48.048493092323113, -15.953160489521823 ], [ -48.043932216308974, -15.951648448208882 ], [ -48.042247121482561, -15.950579987543239 ], [ -48.040738042994036, -15.949194244856749 ], [ -48.038221701343524, -15.945430192002945 ], [ -48.020871231277944, -15.965983396033318 ], [ -48.014870790936435, -15.972623339501043 ], [ -48.012270951279902, -15.97465230997893 ], [ -48.010236310444547, -15.975834757229761 ], [ -48.008085952738028, -15.976822898540382 ], [ -48.004525346311809, -15.977828376003821 ], [ -48.00708765226566, -15.986195173287392 ], [ -48.008813614850254, -15.989398832185564 ], [ -48.009462415045192, -15.990235841558253 ], [ -48.010618492732441, -15.992890990514818 ], [ -48.011526083902801, -15.997052933347783 ], [ -48.01230810065536, -15.997433245568095 ], [ -48.012445475684672, -15.997746353713271 ], [ -48.012839067678627, -15.997720858774734 ], [ -48.012998198087459, -15.997941347357653 ], [ -48.013274950230993, -15.997960479792351 ], [ -48.013450951155519, -15.998639188300055 ], [ -48.01400634628537, -15.999264286337066 ], [ -48.014988419005263, -15.999501985324946 ], [ -48.015709387426732, -16.000150494553882 ], [ -48.01616692859605, -16.000223398929869 ], [ -48.017755143118734, -16.001703452552729 ], [ -48.01799324802127, -16.002068075007756 ], [ -48.017990708735184, -16.002657581694336 ], [ -48.018448586510083, -16.002843858684855 ], [ -48.018940002923912, -16.002765186604439 ], [ -48.019149896826086, -16.00310984198121 ], [ -48.020727014806845, -16.004098146355066 ], [ -48.021123175231772, -16.005208319261715 ], [ -48.021501578670637, -16.005143933261792 ], [ -48.023011136991151, -16.006127873282519 ], [ -48.024060669389662, -16.007164170565002 ], [ -48.025343150463655, -16.007957696286152 ], [ -48.025865301313871, -16.008483496648275 ], [ -48.026483119386874, -16.008476810770986 ], [ -48.027567784484077, -16.009002990327282 ], [ -48.027788857561561, -16.009570904313989 ], [ -48.028187032457751, -16.009722995467534 ], [ -48.028188172466493, -16.010208378859119 ], [ -48.029248361592089, -16.010666800678866 ], [ -48.029815208731193, -16.011299008165778 ], [ -48.030090273360962, -16.011983712407414 ], [ -48.030260662375952, -16.011872950658354 ], [ -48.030940107499866, -16.012557549961052 ], [ -48.031419457090976, -16.012770467987128 ], [ -48.031592266415281, -16.013246414636836 ], [ -48.031867612273508, -16.013396568686304 ], [ -48.03239787888306, -16.014291311720118 ], [ -48.033498118771234, -16.014790894974006 ], [ -48.034568405071802, -16.015906104219045 ], [ -48.035146865574966, -16.016021744639726 ], [ -48.036432298323163, -16.01743820201591 ], [ -48.037439169962248, -16.017922534743878 ], [ -48.038026879391914, -16.018410857366444 ], [ -48.038156380956515, -16.01887030042948 ], [ -48.038639321399096, -16.019031337040929 ], [ -48.039527346065029, -16.019705027867047 ], [ -48.03954856420301, -16.020019378720249 ], [ -48.040021129119474, -16.019988820881817 ], [ -48.040563251190228, -16.020323569806109 ], [ -48.041980252517497, -16.019631659264391 ], [ -48.042978022967425, -16.019859105527349 ], [ -48.043268720622329, -16.019578530273961 ], [ -48.043655809335533, -16.019494471325569 ], [ -48.045048487374075, -16.020217467377325 ], [ -48.045595754687653, -16.020775958574141 ], [ -48.04597469308068, -16.022724274138348 ], [ -48.046498105310718, -16.023979136796871 ], [ -48.047828622543811, -16.025598486267008 ], [ -48.048060501168756, -16.027030667245487 ], [ -48.048255724772929, -16.027216755538724 ], [ -48.048830887002701, -16.027213104597742 ], [ -48.04921579700337, -16.027593089041716 ], [ -48.049152607434841, -16.028356069630341 ], [ -48.049493811723366, -16.028572799013521 ], [ -48.049277358281351, -16.029214708548604 ], [ -48.049522317925266, -16.029887786181799 ], [ -48.050173264846897, -16.030579418616714 ], [ -48.050844763761404, -16.03090899516328 ], [ -48.0515917249149, -16.033105571360394 ], [ -48.053354759727078, -16.035567032864439 ], [ -48.054084351369326, -16.037111111728155 ], [ -48.054047369854402, -16.037471141057221 ], [ -48.052008633485606, -16.036304605007579 ], [ -48.050718032950428, -16.03591087403769 ], [ -48.049489913651584, -16.035970164422174 ], [ -48.048157279839621, -16.036466937159275 ], [ -48.047121568625059, -16.037401454033571 ], [ -48.042961205015509, -16.043001414710254 ], [ -48.048358769995531, -16.049703660206479 ], [ -48.277807486462457, -16.049598628814209 ], [ -48.277444636171012, -16.049093783555975 ], [ -48.277475942157764, -16.048589430601155 ], [ -48.277842007300897, -16.04782811153726 ], [ -48.27772704398371, -16.047154457919554 ], [ -48.278155731439298, -16.045704406786086 ], [ -48.278693805132121, -16.044700712130933 ], [ -48.278521601966283, -16.044500951882657 ], [ -48.27772785722037, -16.044427704955833 ], [ -48.27742853950857, -16.044043017251134 ], [ -48.278611521063574, -16.042062651606095 ], [ -48.278610284854018, -16.04170079831907 ], [ -48.278293232540015, -16.041324605325315 ], [ -48.277522491733635, -16.041381650452969 ], [ -48.276858509471438, -16.040965693389747 ], [ -48.277174222850554, -16.039700509582243 ], [ -48.277137705084549, -16.039097375945492 ], [ -48.27613715427546, -16.037761169912486 ], [ -48.275582004738467, -16.03660247729098 ], [ -48.275217484060875, -16.036356612242894 ], [ -48.274006363887814, -16.036057440998892 ], [ -48.273392642823971, -16.035645915109672 ], [ -48.273300923181694, -16.0352092496436 ], [ -48.274093110334981, -16.034852992785318 ], [ -48.274122820032972, -16.034228294706171 ], [ -48.273600812761501, -16.033373021923747 ], [ -48.273119926250125, -16.033071334026072 ], [ -48.272874890363489, -16.032411260560973 ], [ -48.271852229725368, -16.031758037105561 ], [ -48.271902190344186, -16.031483261159835 ], [ -48.272721104113941, -16.031019378253266 ], [ -48.272982981651218, -16.030626711797535 ], [ -48.272643356550631, -16.029316746255542 ], [ -48.272349025419501, -16.029005553284481 ], [ -48.272180239402282, -16.027568642696636 ], [ -48.2713644849172, -16.027223066815985 ], [ -48.272183684302981, -16.025621913375801 ], [ -48.271982261572504, -16.025390994171765 ], [ -48.271206982118407, -16.025168157164668 ], [ -48.271482670496916, -16.02474805274354 ], [ -48.272456130126315, -16.024608948563674 ], [ -48.272523807124053, -16.024004031463058 ], [ -48.272244280817702, -16.023696201250917 ], [ -48.271068471129716, -16.023563525640192 ], [ -48.270734155631288, -16.022955893203211 ], [ -48.269834829980944, -16.022157994417789 ], [ -48.270306293552053, -16.021343156655377 ], [ -48.2702626982827, -16.020620232667355 ], [ -48.270628729822903, -16.019820756834456 ], [ -48.26996115446164, -16.018577810336723 ], [ -48.270153370504261, -16.017716816924999 ], [ -48.270116657094469, -16.016613684078571 ], [ -48.270785199078929, -16.015775244585321 ], [ -48.271747163555972, -16.015281734031383 ], [ -48.271160822292863, -16.014853342151259 ], [ -48.271174657361627, -16.01458058369705 ], [ -48.272029425505067, -16.013908892447088 ], [ -48.272238263563636, -16.013241381798302 ], [ -48.272159851979723, -16.01112282789957 ], [ -48.271409132603686, -16.009617834346948 ], [ -48.272428822870751, -16.00899961824846 ], [ -48.27224124709349, -16.008710716009194 ], [ -48.271117362254678, -16.007975125922034 ], [ -48.270492913473753, -16.006236499353559 ], [ -48.269723340634911, -16.00525373179368 ], [ -48.269992658215365, -16.00392689567035 ], [ -48.268857805323336, -16.002418191832245 ], [ -48.267763532268866, -16.001923685039078 ], [ -48.267815204847182, -16.001357947375379 ], [ -48.267594280220827, -16.001062548750141 ], [ -48.267215657212837, -16.001025688741738 ], [ -48.266559275425877, -16.001434746408673 ], [ -48.26622930046446, -16.001236638726645 ], [ -48.266058471883774, -15.998566083686724 ], [ -48.265371880170306, -15.997899736358363 ], [ -48.265386489725707, -15.996644452367786 ], [ -48.264558249658677, -15.99628448675651 ], [ -48.264049982153281, -15.996343664873569 ], [ -48.262788132468913, -15.995283112730686 ], [ -48.262557750996905, -15.994846940706831 ], [ -48.262650798598074, -15.994305116490487 ], [ -48.263957749991903, -15.992436644267878 ], [ -48.262877852007655, -15.991826441593124 ], [ -48.261548978754931, -15.989617500370182 ], [ -48.261643152401959, -15.989392101291477 ], [ -48.262450845444, -15.989555004535898 ], [ -48.262855979907982, -15.988778103898092 ], [ -48.262303873828095, -15.987614459909432 ], [ -48.262039603480453, -15.98620352974258 ], [ -48.261626238981044, -15.985234146029072 ], [ -48.260964656721548, -15.984908052840693 ], [ -48.259370131789268, -15.984593597872585 ], [ -48.259186392555208, -15.984395125320171 ], [ -48.259143399081189, -15.983877517827892 ], [ -48.258203179627451, -15.983386369584311 ], [ -48.258205384656101, -15.983121541962728 ], [ -48.259117489917543, -15.982320415201158 ], [ -48.258431500284217, -15.981324366928519 ], [ -48.258597586921937, -15.980527849770256 ], [ -48.258868303186368, -15.980274349576339 ], [ -48.260028400403193, -15.980140459401156 ], [ -48.260644400921073, -15.979139704781453 ], [ -48.260366686214056, -15.978691213178701 ], [ -48.259579513467081, -15.978607922691262 ], [ -48.259302681116722, -15.978410069336935 ], [ -48.258729633247249, -15.97733592516558 ], [ -48.258508066465552, -15.977235841105436 ], [ -48.257966552938456, -15.977715815261874 ], [ -48.257151119984528, -15.977528574760175 ], [ -48.256496251879241, -15.977099024411826 ], [ -48.255255825616629, -15.977306849618831 ], [ -48.254398048711224, -15.977015858591361 ], [ -48.253787767691705, -15.977249661596064 ], [ -48.253503501892745, -15.977013784963271 ], [ -48.253359641495742, -15.976437046368057 ], [ -48.253938808793286, -15.97622198041444 ], [ -48.253473819310436, -15.975878809655022 ], [ -48.251767447381766, -15.976120026560981 ], [ -48.251563731302895, -15.976078510763065 ], [ -48.251417388630138, -15.975673095610258 ], [ -48.250697508697122, -15.975850203044468 ], [ -48.250362083683576, -15.975617180362452 ], [ -48.249265628929429, -15.975504564719392 ], [ -48.248474885593623, -15.975766312963358 ], [ -48.248342526221279, -15.975513227143882 ], [ -48.247322845388275, -15.975627565990097 ], [ -48.247000524047763, -15.975110541218541 ], [ -48.24698647104087, -15.974544234225013 ], [ -48.246799043183358, -15.9743763213534 ], [ -48.246472432588874, -15.974499498642452 ], [ -48.246365299711734, -15.974382729960439 ], [ -48.246588368065794, -15.973942483603231 ], [ -48.246040952523238, -15.973688884970789 ], [ -48.246077526501274, -15.973306192764074 ], [ -48.245657925459248, -15.973237731281792 ], [ -48.245734776584094, -15.972851406577362 ], [ -48.246121148968548, -15.972569993134234 ], [ -48.246085303453981, -15.972317347318493 ], [ -48.245488831640422, -15.972296336367146 ], [ -48.245148267756434, -15.972622236402326 ], [ -48.244698284816629, -15.972714095608344 ], [ -48.244458287189083, -15.973322333672479 ], [ -48.243575687249709, -15.972811741873404 ], [ -48.243198509282756, -15.973051887148115 ], [ -48.242814987681051, -15.972574132410177 ], [ -48.241517592578298, -15.972118161695379 ], [ -48.241213354492601, -15.97166257427102 ], [ -48.240948218307672, -15.971980639034204 ], [ -48.240252407992578, -15.971998984329261 ], [ -48.239974832347485, -15.971852988618313 ], [ -48.240375395249302, -15.971120105217558 ], [ -48.24022356923119, -15.970840086620173 ], [ -48.239600547712037, -15.971013665461896 ], [ -48.239050449025548, -15.971815849588619 ], [ -48.238451544231161, -15.971761403459217 ], [ -48.238332821271435, -15.972502068835931 ], [ -48.238173028250635, -15.972560754960194 ], [ -48.236910695015141, -15.972352938384399 ], [ -48.235838911494099, -15.971875273792403 ], [ -48.235175766424973, -15.972197588238796 ], [ -48.234599330007953, -15.971818884614501 ], [ -48.23380074555827, -15.971816102527351 ], [ -48.233481486378764, -15.972015965121489 ], [ -48.233074255413136, -15.971726847918282 ], [ -48.232617019381387, -15.971974442973181 ], [ -48.231447563322106, -15.971580139712627 ], [ -48.231056862905604, -15.971054376230946 ], [ -48.230423468593706, -15.971049293693843 ], [ -48.229475928697937, -15.970493868490918 ], [ -48.229243252337653, -15.9705637840876 ], [ -48.229077569109442, -15.970957759207916 ], [ -48.228521270798765, -15.97123984074207 ], [ -48.227852917857895, -15.970979939562197 ], [ -48.227392668606896, -15.971168806827723 ], [ -48.22691252322231, -15.970959030487922 ], [ -48.226440345556448, -15.971472953569934 ], [ -48.225963696606989, -15.97085071536036 ], [ -48.225205262741788, -15.97132656852844 ], [ -48.225074434502766, -15.971025476571409 ], [ -48.224587403515216, -15.970812842887717 ], [ -48.224736512491923, -15.970128562584632 ], [ -48.223869890195068, -15.9697844957171 ], [ -48.223511784296136, -15.969889813801494 ], [ -48.223575989173504, -15.970336733082465 ], [ -48.223148708627583, -15.97072016746403 ], [ -48.222788228393384, -15.970704115038542 ], [ -48.222487108839928, -15.970359146257518 ], [ -48.221472812047814, -15.970646639454541 ], [ -48.220845601168079, -15.969868751179195 ], [ -48.22074058783717, -15.969444866464535 ], [ -48.219886541180301, -15.969697016547928 ], [ -48.21903235667974, -15.969040860239291 ], [ -48.218527050510531, -15.969523056169136 ], [ -48.218367010807526, -15.969134160423366 ], [ -48.217871733586065, -15.968961795997133 ], [ -48.217945754345465, -15.968354011787881 ], [ -48.217012459738299, -15.968443327620976 ], [ -48.216978281510528, -15.967975304242939 ], [ -48.216461172520752, -15.967825871929387 ], [ -48.216132388080879, -15.967941397990549 ], [ -48.21596808153248, -15.967493937208406 ], [ -48.214705398813713, -15.967337291499412 ], [ -48.213842947754436, -15.965947017356898 ], [ -48.212893268687992, -15.965876247462322 ], [ -48.212312272946988, -15.966208314825177 ], [ -48.211608100193388, -15.965821521845822 ], [ -48.211137216051455, -15.96514815608213 ], [ -48.209425100130822, -15.964869842039267 ], [ -48.208891024744347, -15.965227320372724 ], [ -48.208511085303606, -15.965007062237312 ], [ -48.208026036054953, -15.965048174009446 ], [ -48.207410277875816, -15.964614903866835 ], [ -48.206949058459038, -15.964763297305447 ], [ -48.206705319663669, -15.964339585958713 ], [ -48.206285766035492, -15.96468173631262 ], [ -48.205945750510658, -15.964138197255432 ], [ -48.205600020698036, -15.964373986310251 ], [ -48.204722879720464, -15.964248931189358 ], [ -48.203307247139804, -15.963332333709964 ], [ -48.201666470995796, -15.963128532488749 ], [ -48.201392029871897, -15.962800693540462 ], [ -48.20115697570845, -15.96285308464579 ], [ -48.200689515002672, -15.962270866112236 ], [ -48.200017568544318, -15.962585995943051 ], [ -48.199757663888988, -15.963492963863967 ], [ -48.199218650534007, -15.963430086122544 ], [ -48.198581768964985, -15.963980375801007 ], [ -48.19803317265059, -15.963799594822959 ], [ -48.197614825424957, -15.963418359355842 ], [ -48.196887547436383, -15.96336599598083 ], [ -48.19556397608072, -15.962686726357138 ], [ -48.194686241367982, -15.963228864533361 ], [ -48.194197036697936, -15.963100436024943 ], [ -48.193778623261871, -15.963550892163264 ], [ -48.193727518934438, -15.963879760892141 ], [ -48.193133412621314, -15.963897629858531 ], [ -48.19274305547362, -15.963450737293764 ], [ -48.192521713346892, -15.963454037653776 ], [ -48.192354448074639, -15.963136274245931 ], [ -48.192567565731224, -15.962840793599321 ], [ -48.192397651035932, -15.961520823089371 ], [ -48.191968338984779, -15.961518504977052 ], [ -48.191758192997369, -15.960975026050336 ], [ -48.192064338491598, -15.960705524058676 ], [ -48.191782539864477, -15.960318290181252 ], [ -48.191026698396051, -15.959984700747416 ], [ -48.190398344418156, -15.958964468628436 ], [ -48.189791263404139, -15.958603739325044 ], [ -48.188511410793069, -15.956853918769138 ], [ -48.188405954773621, -15.956149363893134 ], [ -48.186928104058715, -15.953431233461073 ], [ -48.186975172172374, -15.951986332589071 ], [ -48.186572302951433, -15.949560297674799 ], [ -48.187172659967054, -15.94755640723378 ], [ -48.187263866521768, -15.946708370260405 ], [ -48.187067192268302, -15.945725726027572 ], [ -48.185721660126646, -15.945538660606022 ], [ -48.181716129077373, -15.945941028538847 ], [ -48.179123439262654, -15.946676468625656 ], [ -48.176282972207218, -15.94626448665811 ], [ -48.175100141552612, -15.946675348767501 ], [ -48.173009688729366, -15.947079758937532 ], [ -48.172782186377979, -15.946273298945814 ], [ -48.166374871723072, -15.946782591432815 ], [ -48.163110167075146, -15.946853896193677 ], [ -48.162944008068479, -15.94560397871347 ], [ -48.161082294431075, -15.942673090881081 ], [ -48.160098293844371, -15.940169928344169 ], [ -48.158825041553712, -15.938743595063555 ], [ -48.156790615369822, -15.937128048236257 ], [ -48.155644292832086, -15.936990861207128 ], [ -48.154162199003942, -15.934648239109514 ], [ -48.153519909833463, -15.934134333148007 ], [ -48.153385268021914, -15.933796621597438 ], [ -48.153139363982348, -15.934443990989756 ], [ -48.153572496402226, -15.943941867367565 ], [ -48.153374875108213, -15.947140460331655 ], [ -48.151570489302763, -15.946353228777044 ], [ -48.150378052474558, -15.945409001863181 ], [ -48.148851722958455, -15.944837627158048 ], [ -48.147206624702939, -15.943534266268527 ], [ -48.144591214065549, -15.942976872324868 ], [ -48.144179732267347, -15.942952403986581 ], [ -48.143786314927972, -15.943207822231548 ], [ -48.143475673551706, -15.943049818558041 ], [ -48.143105385497826, -15.94322608181869 ], [ -48.141875653015461, -15.943242087538025 ], [ -48.140807372080573, -15.943736808908284 ], [ -48.139482066297639, -15.943964210189653 ], [ -48.137927519237095, -15.944717334857382 ], [ -48.135801652355426, -15.945210695491209 ], [ -48.134514066283757, -15.945214153383086 ], [ -48.133394560864033, -15.944855628706984 ], [ -48.130652867082162, -15.942781273683892 ], [ -48.128503464293608, -15.942479775194297 ], [ -48.127504826744037, -15.942754407225172 ], [ -48.127385297079904, -15.942537098714762 ], [ -48.126694234502153, -15.942205279526567 ], [ -48.126808584447716, -15.942806100978913 ], [ -48.126563911570834, -15.943421080457684 ], [ -48.126959116972955, -15.944012821211729 ], [ -48.126734075681, -15.945276868491515 ], [ -48.126322665209251, -15.945727495223146 ], [ -48.126688919318582, -15.946014469281089 ], [ -48.1264258138157, -15.946954935326476 ], [ -48.126227617660064, -15.947075862057817 ], [ -48.125934936494623, -15.946899411918325 ], [ -48.125682650009189, -15.946989366758471 ], [ -48.12578082448303, -15.947439051097469 ], [ -48.12538638693897, -15.947823948985725 ], [ -48.125472100325908, -15.948031364140377 ], [ -48.124364166152063, -15.94901796807655 ], [ -48.124448111199513, -15.949358135230229 ], [ -48.123869857319811, -15.949657620342998 ], [ -48.123927424079461, -15.95020457285335 ], [ -48.123597796696458, -15.950824138592115 ], [ -48.123338506748588, -15.950906091543228 ], [ -48.122952120168335, -15.951717352872572 ], [ -48.122997561035348, -15.952228636744257 ], [ -48.122286804808233, -15.95304189462556 ], [ -48.122539776002753, -15.954232036970113 ], [ -48.122233240111079, -15.954807549786347 ], [ -48.122399539296808, -15.955121806273354 ], [ -48.121991482764614, -15.955719118775127 ], [ -48.121708600090713, -15.95537249472928 ], [ -48.121128854316261, -15.955290564151008 ], [ -48.121176623578016, -15.954717433423665 ], [ -48.120262327876318, -15.954757935040695 ], [ -48.119776787870038, -15.954003670654942 ], [ -48.120172204544645, -15.953973289840899 ], [ -48.120071515437608, -15.953678598244762 ], [ -48.118824326127232, -15.953751750095156 ], [ -48.117329982931174, -15.952695332484641 ], [ -48.117279803319768, -15.95310137188873 ], [ -48.116760828802754, -15.952589086106679 ], [ -48.11655615193623, -15.95295014070207 ], [ -48.116366426047556, -15.952980606667129 ], [ -48.116114837223016, -15.952818746822869 ], [ -48.116338066904497, -15.95252279410745 ], [ -48.116250065738058, -15.952384298736279 ], [ -48.115790512545146, -15.952491624696762 ], [ -48.116016195244597, -15.952094782522016 ], [ -48.115097869501589, -15.952033945158487 ], [ -48.11493084239082, -15.951685403420987 ], [ -48.114152868043334, -15.951086433059803 ], [ -48.112711765542194, -15.951587775869864 ], [ -48.11238595486487, -15.95133232432347 ], [ -48.111994972676364, -15.951309655229389 ], [ -48.111854838685417, -15.950925365347313 ], [ -48.111473503973784, -15.950829550309633 ], [ -48.110745345331452, -15.949662649121516 ], [ -48.109068833446351, -15.948571593801043 ], [ -48.108788421457405, -15.947823068535794 ], [ -48.108212171581684, -15.94741307001666 ], [ -48.108192720787663, -15.947053451260528 ], [ -48.107306646261918, -15.946661916746686 ], [ -48.106448366769875, -15.944603836491611 ], [ -48.105958248291437, -15.94425317246051 ], [ -48.105523817576575, -15.944379344017356 ], [ -48.10525598141836, -15.943888500972246 ], [ -48.105092025855413, -15.942943981619718 ], [ -48.103797813160455, -15.941990380216382 ], [ -48.103666707993334, -15.941487902429841 ], [ -48.103269715305238, -15.941020915873214 ], [ -48.103517050961592, -15.940313563441439 ], [ -48.102176778226784, -15.937240553540548 ], [ -48.101126734642406, -15.936817682680536 ], [ -48.09985757637422, -15.935550640728279 ], [ -48.098880948175939, -15.935216494554094 ], [ -48.098311656432003, -15.93441980395527 ], [ -48.09723775009585, -15.933680945014951 ], [ -48.096565080334273, -15.933431321193568 ], [ -48.096325785201152, -15.932860056541093 ], [ -48.095825752716628, -15.932881002761825 ], [ -48.094949563510681, -15.932353702738789 ], [ -48.094372341476912, -15.932246647199799 ] ] ] } },
{ "type": "Feature", "properties": { "ra_cira": 3, "ra_nome": "Taguatinga", "ra_codigo": "RA-III", "regiao_saude": "Sudoeste" }, "geometry": { "type": "Polygon", "coordinates": [ [ [ -48.046609479072366, -15.756179025770805 ], [ -48.045279323830641, -15.761233041525164 ], [ -48.044879297445995, -15.765144011551188 ], [ -48.044874812045087, -15.767468374652013 ], [ -48.045505437273313, -15.772407576839296 ], [ -48.046808418034665, -15.77669030882384 ], [ -48.053444116084776, -15.792206864466905 ], [ -48.051549056891822, -15.791860185037278 ], [ -48.051519067228412, -15.792231711763513 ], [ -48.052295194010576, -15.792848257190624 ], [ -48.053584232381759, -15.797538975426352 ], [ -48.054351226886958, -15.798936194842724 ], [ -48.055242316709133, -15.802247453699104 ], [ -48.055810311626828, -15.803133138151413 ], [ -48.055559184676106, -15.803324045311493 ], [ -48.056222261955213, -15.80422552578213 ], [ -48.056385427105667, -15.804824093618919 ], [ -48.056339542149104, -15.805730993239152 ], [ -48.054314364828784, -15.807071568975463 ], [ -48.056305365822865, -15.808102332659386 ], [ -48.054815091018362, -15.811830919981164 ], [ -48.05485990510504, -15.814218203148789 ], [ -48.054277625571011, -15.814215675138135 ], [ -48.053873318954331, -15.81734052141395 ], [ -48.052354333280306, -15.823488704246538 ], [ -48.051488587837895, -15.825834182695706 ], [ -48.053945023453743, -15.826995204465055 ], [ -48.052973398989387, -15.828856856811932 ], [ -48.051467806910708, -15.829960308836279 ], [ -48.051012533547429, -15.830505693743074 ], [ -48.049797933165046, -15.832943882581437 ], [ -48.049424277082394, -15.834767231739178 ], [ -48.048888613800528, -15.835791576248088 ], [ -48.045597989011924, -15.834222367820386 ], [ -48.045457478144016, -15.83433448932332 ], [ -48.036846195475825, -15.850519426917087 ], [ -48.033095974506374, -15.848959347051819 ], [ -48.030561882865541, -15.85571635576582 ], [ -48.028970538219539, -15.858703790182032 ], [ -48.030206357341569, -15.859330725722209 ], [ -48.025516812213304, -15.868004777230896 ], [ -48.03061563848317, -15.870539771032753 ], [ -48.027764452379827, -15.875907725555741 ], [ -48.043179038805469, -15.873783346904336 ], [ -48.045630220506581, -15.874279210925268 ], [ -48.047454640545368, -15.875391591087732 ], [ -48.047707038946058, -15.875040764144586 ], [ -48.037467912446509, -15.868194994730624 ], [ -48.039916434268925, -15.863628620350557 ], [ -48.043682597776865, -15.863384243348122 ], [ -48.044717976152654, -15.861449981017083 ], [ -48.045090194691305, -15.861636170497233 ], [ -48.045549020150943, -15.860780979625128 ], [ -48.045814358123287, -15.860916028820837 ], [ -48.046241475999366, -15.860116257438817 ], [ -48.046499913368066, -15.860251527614267 ], [ -48.047425178580994, -15.859479889488906 ], [ -48.047977036083765, -15.859677919414278 ], [ -48.048894152961878, -15.858134412262464 ], [ -48.049706273967054, -15.85722068178289 ], [ -48.049774998177185, -15.856483230263395 ], [ -48.050235141031713, -15.855469856482305 ], [ -48.053824277684029, -15.856959291298111 ], [ -48.054136135035584, -15.856860441790696 ], [ -48.054397743069828, -15.856509976124714 ], [ -48.056538952166051, -15.857426112802134 ], [ -48.057133740226128, -15.857430214033576 ], [ -48.05948449357183, -15.858403443464848 ], [ -48.06070336245326, -15.858694554487466 ], [ -48.061769479650827, -15.858580781199052 ], [ -48.06438132187985, -15.857204789578043 ], [ -48.065374035210603, -15.856150934501107 ], [ -48.066705255289797, -15.853577843830021 ], [ -48.06747720112876, -15.852648818823504 ], [ -48.067641253614561, -15.851623767287407 ], [ -48.068300497994215, -15.851647422999658 ], [ -48.069490041392619, -15.852133748836399 ], [ -48.07174839141156, -15.848581593676714 ], [ -48.073104990073446, -15.847388600246177 ], [ -48.074504715069772, -15.847898268201513 ], [ -48.075106278679655, -15.846147637025302 ], [ -48.075353018414177, -15.843601094100082 ], [ -48.076596168171491, -15.843811774876645 ], [ -48.077608472091825, -15.844954276727007 ], [ -48.078971829623917, -15.845449772492314 ], [ -48.079792154709168, -15.846066024069573 ], [ -48.080409559962789, -15.84597028824844 ], [ -48.082120634535933, -15.846818312208367 ], [ -48.082893707422215, -15.846954614979227 ], [ -48.083604925849968, -15.84782118294881 ], [ -48.083319668683629, -15.848264212194334 ], [ -48.083421328410502, -15.848521087350978 ], [ -48.084115612874804, -15.84852833163198 ], [ -48.084288630907302, -15.849076363286954 ], [ -48.085981842848838, -15.85026133489767 ], [ -48.0862074984556, -15.850642151980649 ], [ -48.087225082164849, -15.850884036385727 ], [ -48.087656512761249, -15.851235010561807 ], [ -48.089979036337205, -15.846844589555269 ], [ -48.090701381834307, -15.845917809331731 ], [ -48.090913630395725, -15.844456550101931 ], [ -48.090678668506392, -15.841479356241033 ], [ -48.091892387651541, -15.841891400523336 ], [ -48.093303205797142, -15.837730082309381 ], [ -48.08787152394887, -15.835871287113582 ], [ -48.093306924657519, -15.821815303411993 ], [ -48.092470731806827, -15.821511166119443 ], [ -48.093189693695066, -15.819602733055676 ], [ -48.093128950312448, -15.819117313311244 ], [ -48.094021484683282, -15.816801577948167 ], [ -48.094466681720199, -15.816306908270073 ], [ -48.096671694576933, -15.811697140064089 ], [ -48.101453899954898, -15.805312017634359 ], [ -48.10161133894298, -15.805467567150348 ], [ -48.101726394920888, -15.805372961762734 ], [ -48.107603916561004, -15.798838620936156 ], [ -48.108595584818637, -15.799546383360628 ], [ -48.112417111782257, -15.794522140149196 ], [ -48.11170855616583, -15.794009109571013 ], [ -48.111023646429764, -15.794013495557458 ], [ -48.108258507237252, -15.790135469219733 ], [ -48.107264515553709, -15.790499782157767 ], [ -48.10704974164485, -15.79016839753122 ], [ -48.107062754125067, -15.789808371086934 ], [ -48.106817381020164, -15.789742167718611 ], [ -48.106480968790919, -15.789304066653981 ], [ -48.105798220659288, -15.789030943380489 ], [ -48.104987713796397, -15.788176176233682 ], [ -48.104269650357281, -15.787041623214636 ], [ -48.103308678738898, -15.786494545648591 ], [ -48.102997953450519, -15.786070907804794 ], [ -48.103111832439296, -15.785123380227752 ], [ -48.102855750440391, -15.784307634830146 ], [ -48.102914854553788, -15.783308519839405 ], [ -48.103591390780174, -15.780916048037358 ], [ -48.102653807160124, -15.780408537512018 ], [ -48.1026254735972, -15.779720073177643 ], [ -48.102804799681202, -15.779550554039913 ], [ -48.102509084676669, -15.779246991948863 ], [ -48.102648714553851, -15.778730864770104 ], [ -48.102497615849977, -15.778418533212161 ], [ -48.102796139369794, -15.777952070814571 ], [ -48.103029092169493, -15.77790468767437 ], [ -48.103069038844481, -15.777322246088351 ], [ -48.103706558838674, -15.776174467429106 ], [ -48.103757834079957, -15.775671390096644 ], [ -48.104137408912194, -15.775257365529747 ], [ -48.105064780494153, -15.775305494271564 ], [ -48.105025982292844, -15.774924905353119 ], [ -48.105411170975252, -15.774570140806658 ], [ -48.105526645550931, -15.774012364380626 ], [ -48.105258646127794, -15.773693510338207 ], [ -48.105552883434825, -15.773257838315905 ], [ -48.106120273138494, -15.773045855657212 ], [ -48.106381963955691, -15.772277752752768 ], [ -48.106805541952482, -15.771947159563378 ], [ -48.1076058512622, -15.771728207366602 ], [ -48.108164752305413, -15.772003036871832 ], [ -48.109922914063837, -15.771641282094194 ], [ -48.110483968064109, -15.771059372551843 ], [ -48.11120131897551, -15.771245626721193 ], [ -48.111915525278299, -15.770436889319107 ], [ -48.110904466356196, -15.770263921880943 ], [ -48.110238016504326, -15.769724189824519 ], [ -48.109696099220706, -15.769666119687924 ], [ -48.109205606675594, -15.769224390600963 ], [ -48.108668889203699, -15.76903628975456 ], [ -48.10775393350346, -15.769288367866046 ], [ -48.106768112282275, -15.768689639561195 ], [ -48.106334718605325, -15.768162474220256 ], [ -48.10576821881385, -15.768060407393495 ], [ -48.105231716388332, -15.767570737923371 ], [ -48.102665444565801, -15.766846735158452 ], [ -48.100992206229606, -15.76593028856219 ], [ -48.100540848372709, -15.765882366010437 ], [ -48.100356559496369, -15.765652308669376 ], [ -48.098898233231594, -15.765273138761421 ], [ -48.097362377069111, -15.765888186611306 ], [ -48.0963085563113, -15.76526653361937 ], [ -48.094516022291735, -15.765015110281718 ], [ -48.092043057071649, -15.76364102183871 ], [ -48.091331441893409, -15.763491721293995 ], [ -48.089705380419716, -15.762496851797739 ], [ -48.088626071035897, -15.761550189280829 ], [ -48.088281131952527, -15.761633279303883 ], [ -48.087395838041374, -15.761406022726462 ], [ -48.086508556754708, -15.760745200624999 ], [ -48.085771110746485, -15.760564130191101 ], [ -48.085197949392231, -15.760063257162621 ], [ -48.083655763960763, -15.759871511350529 ], [ -48.083034140037299, -15.759575125739573 ], [ -48.082866758366059, -15.759314651558823 ], [ -48.08214452690855, -15.759443888851884 ], [ -48.081576704372104, -15.759314231779536 ], [ -48.080802784422353, -15.75879272539507 ], [ -48.080522165459236, -15.758263330842645 ], [ -48.08016216169753, -15.758244046767862 ], [ -48.079884585924631, -15.757940884869846 ], [ -48.078780001867955, -15.757762109879003 ], [ -48.076916730467239, -15.757106376475003 ], [ -48.075680085327413, -15.757958265624515 ], [ -48.075097733016115, -15.7577240539995 ], [ -48.074878138842138, -15.758135564609338 ], [ -48.074056846945872, -15.758332534776649 ], [ -48.073448273507964, -15.75875650095851 ], [ -48.072590439279018, -15.759022527598429 ], [ -48.07189513151021, -15.758705991180996 ], [ -48.071253878526079, -15.758665475139823 ], [ -48.068799793802064, -15.75943852486505 ], [ -48.06829615194367, -15.758528904470214 ], [ -48.06707868615274, -15.757722966643163 ], [ -48.066428916050725, -15.756904846136559 ], [ -48.06574396933479, -15.755085900440514 ], [ -48.065661842232466, -15.754221848236627 ], [ -48.066141120299761, -15.753376526673103 ], [ -48.066523351240008, -15.752073566494548 ], [ -48.06711599277115, -15.751408984696896 ], [ -48.067154352633764, -15.751095923237123 ], [ -48.066788640449211, -15.750257268188163 ], [ -48.067735126197384, -15.74966634417528 ], [ -48.067799351986174, -15.748725719299399 ], [ -48.0682577158355, -15.748114743663274 ], [ -48.068474441388126, -15.746962196163665 ], [ -48.070351327539477, -15.74500715361426 ], [ -48.071509176893379, -15.742407189855086 ], [ -48.072509783523252, -15.741366383784785 ], [ -48.072167783273997, -15.740366719599699 ], [ -48.07225133120243, -15.739805690572833 ], [ -48.072598280692887, -15.73900727518415 ], [ -48.073327829580627, -15.738266824948814 ], [ -48.073672830154379, -15.737588246536742 ], [ -48.073294069568497, -15.73700588178086 ], [ -48.072906977807882, -15.736853663841226 ], [ -48.072907731825026, -15.736457251298015 ], [ -48.070493163868996, -15.73701855288382 ], [ -48.06403361125215, -15.737973008316976 ], [ -48.061902565627534, -15.738502395802024 ], [ -48.060066382084507, -15.739149308161634 ], [ -48.057402939412526, -15.740497756064618 ], [ -48.054029885902217, -15.743006613465317 ], [ -48.052445908037022, -15.744637537937228 ], [ -48.049946015775447, -15.748300010720291 ], [ -48.046609479072366, -15.756179025770805 ] ] ] } },
{ "type": "Feature", "properties": { "ra_cira": 4, "ra_nome": "Brazlândia", "ra_codigo": "RA-IV", "regiao_saude": "Oeste" }, "geometry": { "type": "Polygon", "coordinates": [ [ [ -48.034846593847767, -15.53162551801039 ], [ -48.034309691628629, -15.531546111221651 ], [ -48.032511521796849, -15.530618872855049 ], [ -48.031998258076605, -15.530800461504167 ], [ -48.031766297279276, -15.531221909979992 ], [ -48.03186291547555, -15.531652062074683 ], [ -48.03314230873778, -15.533564014903188 ], [ -48.041574302059452, -15.541216215665143 ], [ -48.04239869944368, -15.542215906705632 ], [ -48.043477965000811, -15.544419731729009 ], [ -48.043800804910894, -15.545558683252343 ], [ -48.043877172503919, -15.546639740527715 ], [ -48.043602175308017, -15.548112628852607 ], [ -48.043089447744144, -15.549245170254114 ], [ -48.041920552860802, -15.550584720605791 ], [ -48.035910906804858, -15.55420259310017 ], [ -48.03490434213257, -15.555149906535915 ], [ -48.034187812197942, -15.55622455676593 ], [ -48.033717360309666, -15.557585455153552 ], [ -48.03360195426383, -15.558880703765082 ], [ -48.033870675408906, -15.560232263948867 ], [ -48.035349764568679, -15.56358300223088 ], [ -48.035316503720239, -15.564561218827238 ], [ -48.034818666205219, -15.565547235194604 ], [ -48.024878075958412, -15.573009039617842 ], [ -48.016998852710714, -15.582402411529694 ], [ -48.026118335960227, -15.590267059291023 ], [ -48.027904978598549, -15.592000879794828 ], [ -48.043520783494486, -15.610901660368183 ], [ -48.045254962042819, -15.612589091474744 ], [ -48.048619383988076, -15.614745621996631 ], [ -48.070002551357277, -15.624561738895395 ], [ -48.072605735038373, -15.62636377805179 ], [ -48.07456334621375, -15.628449930589202 ], [ -48.075943943532714, -15.630692895674418 ], [ -48.076819062037785, -15.633049635914434 ], [ -48.089080510219631, -15.675357306353773 ], [ -48.089635778180188, -15.677842488095891 ], [ -48.089662662719178, -15.680784266609145 ], [ -48.086753195978496, -15.720420850793214 ], [ -48.086516075650913, -15.72314601674595 ], [ -48.085972518220665, -15.725561281555356 ], [ -48.085279595575109, -15.727290457911304 ], [ -48.084168863330646, -15.729204834632473 ], [ -48.081948162297159, -15.731490846695674 ], [ -48.077097754558068, -15.734681287945683 ], [ -48.074546861089168, -15.735943103972188 ], [ -48.072907731825026, -15.736457251298015 ], [ -48.072906977807882, -15.736853663841226 ], [ -48.073294069568497, -15.73700588178086 ], [ -48.073672830154379, -15.737588246536742 ], [ -48.073327829580627, -15.738266824948814 ], [ -48.072598280692887, -15.73900727518415 ], [ -48.07225133120243, -15.739805690572833 ], [ -48.072167783273997, -15.740366719599699 ], [ -48.072509783523252, -15.741366383784785 ], [ -48.071509176893379, -15.742407189855086 ], [ -48.070351327539477, -15.74500715361426 ], [ -48.068474441388126, -15.746962196163665 ], [ -48.0682577158355, -15.748114743663274 ], [ -48.067799351986174, -15.748725719299399 ], [ -48.067735126197384, -15.74966634417528 ], [ -48.066788640449211, -15.750257268188163 ], [ -48.067154352633764, -15.751095923237123 ], [ -48.06711599277115, -15.751408984696896 ], [ -48.066523351240008, -15.752073566494548 ], [ -48.066141120299761, -15.753376526673103 ], [ -48.065661842232466, -15.754221848236627 ], [ -48.06574396933479, -15.755085900440514 ], [ -48.066428916050725, -15.756904846136559 ], [ -48.06707868615274, -15.757722966643163 ], [ -48.06829615194367, -15.758528904470214 ], [ -48.068799793802064, -15.75943852486505 ], [ -48.071253878526079, -15.758665475139823 ], [ -48.07189513151021, -15.758705991180996 ], [ -48.072590439279018, -15.759022527598429 ], [ -48.073448273507964, -15.75875650095851 ], [ -48.074056846945872, -15.758332534776649 ], [ -48.074878138842138, -15.758135564609338 ], [ -48.075097733016115, -15.7577240539995 ], [ -48.075680085327413, -15.757958265624515 ], [ -48.076916730467239, -15.757106376475003 ], [ -48.078780001867955, -15.757762109879003 ], [ -48.079884585924631, -15.757940884869846 ], [ -48.08016216169753, -15.758244046767862 ], [ -48.080522165459236, -15.758263330842645 ], [ -48.080802784422353, -15.75879272539507 ], [ -48.081576704372104, -15.759314231779536 ], [ -48.08214452690855, -15.759443888851884 ], [ -48.082866758366059, -15.759314651558823 ], [ -48.083034140037299, -15.759575125739573 ], [ -48.083655763960763, -15.759871511350529 ], [ -48.085197949392231, -15.760063257162621 ], [ -48.085771110746485, -15.760564130191101 ], [ -48.086508556754708, -15.760745200624999 ], [ -48.087395838041374, -15.761406022726462 ], [ -48.088281131952527, -15.761633279303883 ], [ -48.088626071035897, -15.761550189280829 ], [ -48.089705380419716, -15.762496851797739 ], [ -48.091331441893409, -15.763491721293995 ], [ -48.092043057071649, -15.76364102183871 ], [ -48.094516022291735, -15.765015110281718 ], [ -48.0963085563113, -15.76526653361937 ], [ -48.097362377069111, -15.765888186611306 ], [ -48.098898233231594, -15.765273138761421 ], [ -48.100356559496369, -15.765652308669376 ], [ -48.100540848372709, -15.765882366010437 ], [ -48.100992206229606, -15.76593028856219 ], [ -48.102665444565801, -15.766846735158452 ], [ -48.105231716388332, -15.767570737923371 ], [ -48.10576821881385, -15.768060407393495 ], [ -48.106334718605325, -15.768162474220256 ], [ -48.106768112282275, -15.768689639561195 ], [ -48.10775393350346, -15.769288367866046 ], [ -48.108668889203699, -15.76903628975456 ], [ -48.10915288536134, -15.769199798429931 ], [ -48.109395676432058, -15.76949880620495 ], [ -48.110238016504326, -15.769724189824519 ], [ -48.110904466356196, -15.770263921880943 ], [ -48.112293289301398, -15.770551847818393 ], [ -48.113027414940703, -15.770971926894996 ], [ -48.113466119028267, -15.770989215497828 ], [ -48.114203130734296, -15.771468857230314 ], [ -48.116306019677488, -15.771038126057281 ], [ -48.117215684315852, -15.771152509967674 ], [ -48.11881894239378, -15.770726442836112 ], [ -48.120246909706395, -15.77106903016762 ], [ -48.120803127304441, -15.770759550196066 ], [ -48.121029750280442, -15.770021741077519 ], [ -48.121446567352955, -15.770111269859319 ], [ -48.122347557772478, -15.769933961112505 ], [ -48.123207529569399, -15.769544030549898 ], [ -48.12373438365951, -15.77000974784443 ], [ -48.124600008892642, -15.769920334981798 ], [ -48.125071286699267, -15.769607581178619 ], [ -48.125257283393836, -15.768997926704003 ], [ -48.125659197702475, -15.768809871507296 ], [ -48.125788617134155, -15.769107627594364 ], [ -48.126295393622826, -15.769207647882942 ], [ -48.126395220693041, -15.76968908167381 ], [ -48.126932557825626, -15.769843389587782 ], [ -48.127574056455856, -15.769575051593174 ], [ -48.128633991145158, -15.769623403892663 ], [ -48.129887192275781, -15.770847880767061 ], [ -48.131543718554724, -15.77141184934964 ], [ -48.132349094685722, -15.770507381025025 ], [ -48.131995368546498, -15.769681046395782 ], [ -48.132645935829743, -15.769802163223176 ], [ -48.133879330205531, -15.769681952011295 ], [ -48.134255698293074, -15.769317018876711 ], [ -48.134745626736439, -15.76787728253511 ], [ -48.135587977239915, -15.767826839167652 ], [ -48.135914215340001, -15.768196713585944 ], [ -48.136246695143861, -15.76796627274131 ], [ -48.136673304010401, -15.768017784725156 ], [ -48.137537537591307, -15.767698296810371 ], [ -48.138225472806148, -15.768173480342327 ], [ -48.141607417493844, -15.767643032189049 ], [ -48.141800712346047, -15.767700044425995 ], [ -48.141802567586566, -15.767974120215571 ], [ -48.142205377057678, -15.767914699345068 ], [ -48.142785065073461, -15.768270830673542 ], [ -48.143261620149538, -15.768055254883464 ], [ -48.143823967482568, -15.768059554959194 ], [ -48.145274917188736, -15.768816751245396 ], [ -48.145764066476417, -15.768634498884154 ], [ -48.146596337370866, -15.768761625266515 ], [ -48.147157996409149, -15.768608654478598 ], [ -48.148460275691534, -15.769009730231634 ], [ -48.149159073205723, -15.768671034792938 ], [ -48.149736152469444, -15.768704156349829 ], [ -48.15013142806513, -15.768313885231496 ], [ -48.150463482989991, -15.768324390581498 ], [ -48.15092148374432, -15.768012955600339 ], [ -48.1519875637767, -15.768139485515311 ], [ -48.153423164840881, -15.767786586213978 ], [ -48.154516511471378, -15.767780329071567 ], [ -48.155217118313985, -15.767537667083211 ], [ -48.155756777004783, -15.767606856022141 ], [ -48.155849931708495, -15.76739805055235 ], [ -48.156358768179011, -15.767293554109564 ], [ -48.157120597515465, -15.767497259545589 ], [ -48.158304452641644, -15.767058079370774 ], [ -48.158252767840423, -15.766516214555029 ], [ -48.157981107698518, -15.766276320690237 ], [ -48.158435905681763, -15.765133220645259 ], [ -48.158133965360115, -15.764827237383694 ], [ -48.158143814610909, -15.764414960925849 ], [ -48.157670496206883, -15.764446444076242 ], [ -48.157568036881678, -15.764287557487702 ], [ -48.157937225658515, -15.763929250071707 ], [ -48.15861214249302, -15.763731073100827 ], [ -48.158265189724716, -15.763304076121816 ], [ -48.15850761131118, -15.763258164744421 ], [ -48.15871928155579, -15.763679601734456 ], [ -48.1588933312281, -15.763669554557659 ], [ -48.159218049187487, -15.763006388428408 ], [ -48.15901238154467, -15.762147757849 ], [ -48.159072927102002, -15.762022402024749 ], [ -48.159419840496824, -15.76224618585838 ], [ -48.159630247656445, -15.762071791482436 ], [ -48.15951007598678, -15.761715646805389 ], [ -48.15989416946551, -15.76121246664893 ], [ -48.159834654788206, -15.760717955849175 ], [ -48.160334225381845, -15.760502737369979 ], [ -48.160836859767635, -15.759991752793404 ], [ -48.161135960810405, -15.759641927863127 ], [ -48.16125521862169, -15.759109269037101 ], [ -48.162975257316994, -15.757556510529517 ], [ -48.163357516909549, -15.756824347205526 ], [ -48.163888090302315, -15.756867750502476 ], [ -48.164071476185661, -15.756532516361617 ], [ -48.164736207535071, -15.756585091669187 ], [ -48.164690810390255, -15.756390303891195 ], [ -48.165396038697416, -15.755466365015364 ], [ -48.166025174952061, -15.755430303534453 ], [ -48.16609784181761, -15.755172687613641 ], [ -48.166725789709453, -15.754723299995709 ], [ -48.167048427811999, -15.753934829488555 ], [ -48.167408387965786, -15.753616698434081 ], [ -48.167355514173366, -15.753281690701373 ], [ -48.168286340549606, -15.753093287913336 ], [ -48.168633191416497, -15.752697866808042 ], [ -48.168827234544956, -15.752768529181694 ], [ -48.169872084346423, -15.752413315613301 ], [ -48.171228751343669, -15.751283128987296 ], [ -48.172440679910515, -15.75065494348387 ], [ -48.173935659946132, -15.750903465393499 ], [ -48.173883307475911, -15.751845632205644 ], [ -48.174260443875092, -15.752596013992141 ], [ -48.174657303713381, -15.752863892567467 ], [ -48.175113252313579, -15.752741651027755 ], [ -48.175913746428918, -15.751817917243274 ], [ -48.180922784275317, -15.748632641059485 ], [ -48.185306285598344, -15.746451475453455 ], [ -48.186389831246615, -15.746233354549194 ], [ -48.188797745435679, -15.746656850062704 ], [ -48.189514246721743, -15.747217079351554 ], [ -48.193270189221259, -15.748590880517574 ], [ -48.196747029106319, -15.749444752329644 ], [ -48.203444364798635, -15.750384673864032 ], [ -48.205608729451718, -15.750337680087636 ], [ -48.205557037938192, -15.747044463307711 ], [ -48.208247218245866, -15.740339062758135 ], [ -48.206609724072059, -15.732254447919416 ], [ -48.207714585608223, -15.723797693828653 ], [ -48.207775599563206, -15.717672629693707 ], [ -48.210267940813246, -15.712763458693884 ], [ -48.213877608352213, -15.711211580820578 ], [ -48.215880178695528, -15.710140445211993 ], [ -48.217229558065235, -15.70988623341734 ], [ -48.218826194261005, -15.708998690897065 ], [ -48.220502252520426, -15.708681454124038 ], [ -48.221341473795896, -15.709021194814371 ], [ -48.222021184854349, -15.70817986974636 ], [ -48.222341374517903, -15.7085883367797 ], [ -48.222493881076531, -15.708158515519864 ], [ -48.222753249437119, -15.708139300325616 ], [ -48.223285913653463, -15.708997710277488 ], [ -48.22355571791018, -15.708870380418652 ], [ -48.223872386678352, -15.709158087938571 ], [ -48.223940736944265, -15.70953461272765 ], [ -48.224594434465963, -15.709784216191183 ], [ -48.224950022308398, -15.709546459621821 ], [ -48.225316436883091, -15.70975999993513 ], [ -48.225929632860854, -15.709401797104295 ], [ -48.226412713706807, -15.709465611813959 ], [ -48.226525575346287, -15.709101682665208 ], [ -48.227515340818158, -15.708958271830985 ], [ -48.227614264995154, -15.708777391365928 ], [ -48.227345632460057, -15.708561099894602 ], [ -48.227444227825444, -15.708391642509858 ], [ -48.228768745171124, -15.709276461310878 ], [ -48.230043884107879, -15.709280052699125 ], [ -48.230617808819964, -15.709651245392385 ], [ -48.231000464316637, -15.709624647034518 ], [ -48.231453267937951, -15.70920017731475 ], [ -48.231582874962605, -15.709330061391009 ], [ -48.231400966144328, -15.709587051805464 ], [ -48.231696313743029, -15.709658286546437 ], [ -48.232566191945978, -15.709521367216047 ], [ -48.23268806596154, -15.709046799616187 ], [ -48.233438685505, -15.708505233613336 ], [ -48.234321032771106, -15.708659055492648 ], [ -48.234801860186195, -15.708951847396907 ], [ -48.235398501278631, -15.708668110518872 ], [ -48.235881885712523, -15.708946468076926 ], [ -48.236484787176515, -15.708664447622777 ], [ -48.236925490381452, -15.707918073048074 ], [ -48.237218673587648, -15.707978630370217 ], [ -48.237655640572648, -15.708442947592108 ], [ -48.238990335852115, -15.707766620772484 ], [ -48.239310298834859, -15.70717727396157 ], [ -48.24093457667955, -15.706014520879604 ], [ -48.240999574252051, -15.705587728223874 ], [ -48.241289055745789, -15.705342740559324 ], [ -48.241078430982476, -15.704971827533633 ], [ -48.241537108798845, -15.704276419658131 ], [ -48.241417305876432, -15.703733429739913 ], [ -48.240771563043992, -15.703631965572386 ], [ -48.240332702219781, -15.70298181582868 ], [ -48.240508660964821, -15.701884351054165 ], [ -48.240207812954473, -15.701173143971278 ], [ -48.239967781880601, -15.701155643306448 ], [ -48.240019195247477, -15.700332629303158 ], [ -48.23982941542414, -15.700161535280193 ], [ -48.24006561867899, -15.699425964126089 ], [ -48.239923732304263, -15.699034399181381 ], [ -48.239481431196175, -15.698827458893987 ], [ -48.239686737307991, -15.698660919433387 ], [ -48.239462942544286, -15.698297671067184 ], [ -48.239196018062877, -15.696859969606734 ], [ -48.239576248734522, -15.696400443060092 ], [ -48.239774456326053, -15.695039843551696 ], [ -48.240178554222247, -15.694995508506169 ], [ -48.240503615284432, -15.694458497763764 ], [ -48.240898999114364, -15.694363618081008 ], [ -48.241535480944414, -15.693865618603013 ], [ -48.241332035667781, -15.69306404934416 ], [ -48.240908812067524, -15.693143353413372 ], [ -48.240633595609864, -15.692811024556034 ], [ -48.240727045211074, -15.691914284561497 ], [ -48.241307612808789, -15.69087425465105 ], [ -48.241149730875406, -15.690615673766727 ], [ -48.24110130015945, -15.688504689011122 ], [ -48.241357329736751, -15.688024455102219 ], [ -48.24120827234298, -15.687345726486994 ], [ -48.241508110839234, -15.687046845831377 ], [ -48.241296883548934, -15.686826071692661 ], [ -48.241325464000667, -15.686435633957107 ], [ -48.241004313711095, -15.68618795344104 ], [ -48.239582143253735, -15.682231209636862 ], [ -48.239402069688794, -15.680779474674109 ], [ -48.239533153068983, -15.680483208865759 ], [ -48.239377006690781, -15.680094533376744 ], [ -48.239541981763708, -15.679536082142254 ], [ -48.238939570196173, -15.679355408176621 ], [ -48.239058895219657, -15.678766179073051 ], [ -48.238740102076719, -15.678646089312211 ], [ -48.238578500257077, -15.677829182527699 ], [ -48.237919480242532, -15.676385726149997 ], [ -48.23695058928665, -15.672274209911961 ], [ -48.23659694105897, -15.671873572198345 ], [ -48.236539716686849, -15.67134445318902 ], [ -48.235974974512288, -15.670382549490872 ], [ -48.235909772165385, -15.669892903186811 ], [ -48.235434861871248, -15.66940966174058 ], [ -48.235502605759429, -15.668971960898196 ], [ -48.235104783021868, -15.668799536353644 ], [ -48.235086900053901, -15.668273721767166 ], [ -48.234641802028001, -15.667294774544329 ], [ -48.23461141060659, -15.665596096841922 ], [ -48.235161032862855, -15.661592584569531 ], [ -48.234621743814458, -15.658908857047122 ], [ -48.234185202080418, -15.657938715978895 ], [ -48.233684758890448, -15.657371449022598 ], [ -48.234752457295791, -15.656007393214576 ], [ -48.235575588670287, -15.654443984188893 ], [ -48.235975805734796, -15.652914512655288 ], [ -48.236281263196176, -15.652561489746226 ], [ -48.236564571142146, -15.650592785383221 ], [ -48.236258060444079, -15.649464138505376 ], [ -48.235507931025609, -15.648392350251427 ], [ -48.235070927544825, -15.647023521886187 ], [ -48.235052876465886, -15.646077532824201 ], [ -48.234713659391268, -15.644920781158868 ], [ -48.234525806102781, -15.643268777410889 ], [ -48.23410099693902, -15.642321743785468 ], [ -48.233945050122173, -15.641153766632165 ], [ -48.232613593066745, -15.640490585204295 ], [ -48.231770622600806, -15.639252013032158 ], [ -48.229810846409393, -15.637642424081291 ], [ -48.229264794252856, -15.635401378637493 ], [ -48.228619876889773, -15.633806854703119 ], [ -48.226981373385499, -15.632070971898893 ], [ -48.226094056704774, -15.631444681559604 ], [ -48.225897926419833, -15.630512668109667 ], [ -48.225205366031553, -15.629694476978962 ], [ -48.223484346399836, -15.628305677948774 ], [ -48.220657083130114, -15.627351289789027 ], [ -48.219902483592278, -15.625792447322164 ], [ -48.218562655519733, -15.624330696239406 ], [ -48.217886555495554, -15.62284337426834 ], [ -48.217217525408607, -15.622181616601019 ], [ -48.216537666345076, -15.622132600124232 ], [ -48.215175532173063, -15.622720300892892 ], [ -48.214167814641087, -15.622913632909933 ], [ -48.211589601973927, -15.62253562656646 ], [ -48.209059854130174, -15.623152689182886 ], [ -48.207787658429424, -15.623062597630678 ], [ -48.206030833143181, -15.623710173751434 ], [ -48.205127654051765, -15.623721028361844 ], [ -48.204350724490268, -15.624223445373424 ], [ -48.203576985469354, -15.624464075533988 ], [ -48.203202808627267, -15.62431930609932 ], [ -48.202926403220879, -15.623901438251274 ], [ -48.202467070702355, -15.6238104572972 ], [ -48.202285024583581, -15.623373243450335 ], [ -48.201955082595859, -15.623221054018048 ], [ -48.201693143259661, -15.623367890975279 ], [ -48.201459664593507, -15.623271894771575 ], [ -48.201364363552699, -15.622930831804982 ], [ -48.200008969832417, -15.623108832589473 ], [ -48.200008975073629, -15.502278248251894 ], [ -48.034776041147978, -15.50241218557977 ], [ -48.034126493396364, -15.50360555743563 ], [ -48.034150169026873, -15.504774630657945 ], [ -48.03692658576486, -15.510507494061521 ], [ -48.03941791065813, -15.516630350154117 ], [ -48.039731301332488, -15.517901493178572 ], [ -48.039779551083733, -15.519110413384965 ], [ -48.039081424894135, -15.524523154229518 ], [ -48.038603686584949, -15.526279444005388 ], [ -48.037912544920943, -15.527666368510365 ], [ -48.03552432068102, -15.53120376789083 ], [ -48.034846593847767, -15.53162551801039 ] ] ] } },
{ "type": "Feature", "properties": { "ra_cira": 5, "ra_nome": "Sobradinho", "ra_codigo": "RA-V", "regiao_saude": "Norte" }, "geometry": { "type": "Polygon", "coordinates": [ [ [ -47.763785248243295, -15.527337530092597 ], [ -47.763724991597954, -15.527924883617489 ], [ -47.763506946980101, -15.528259315065419 ], [ -47.762787527333174, -15.528647256781676 ], [ -47.761632188268031, -15.528146690824158 ], [ -47.761975071469813, -15.527267111147117 ], [ -47.760761839766509, -15.5275618118281 ], [ -47.76037966498906, -15.526902066044869 ], [ -47.760182825099598, -15.526892693927815 ], [ -47.760373912497649, -15.527794440423222 ], [ -47.760168397851849, -15.52845864989377 ], [ -47.75973176921898, -15.527471709772263 ], [ -47.75945115456819, -15.52747305909956 ], [ -47.759319376460475, -15.527657544810371 ], [ -47.759350390148882, -15.528015736829875 ], [ -47.759926663557721, -15.528665458370954 ], [ -47.75961546128579, -15.529025916189315 ], [ -47.759186353524626, -15.530453884952896 ], [ -47.758768729496644, -15.530831806992818 ], [ -47.758541733228014, -15.530775312221927 ], [ -47.758264566274498, -15.530356228472957 ], [ -47.757830005710566, -15.530229436855379 ], [ -47.757299766534452, -15.529200647542524 ], [ -47.757599691267792, -15.528739116972323 ], [ -47.756793683456294, -15.528335819678786 ], [ -47.756473583637316, -15.528337179294111 ], [ -47.756224466642223, -15.528996139841766 ], [ -47.755932992596257, -15.52922103815771 ], [ -47.755363421991959, -15.529275035598033 ], [ -47.755349423687349, -15.529029385948661 ], [ -47.755618488849926, -15.528781459979779 ], [ -47.755255034199969, -15.528673919565371 ], [ -47.75468276909627, -15.529561296022418 ], [ -47.754367454852989, -15.529295060471613 ], [ -47.753715092363905, -15.529637390980785 ], [ -47.754060226371841, -15.53000826152824 ], [ -47.753714438527524, -15.52991106176057 ], [ -47.753627555424551, -15.530123942232633 ], [ -47.754430794332215, -15.531072998284982 ], [ -47.754487516040946, -15.531429677905164 ], [ -47.754259447581546, -15.531806984607918 ], [ -47.753787536267254, -15.531886306514886 ], [ -47.754184961104535, -15.532265736567986 ], [ -47.753443843683797, -15.532353839053089 ], [ -47.753547048405309, -15.532661257283257 ], [ -47.753148420170199, -15.5325699555129 ], [ -47.753225880305536, -15.532257752557749 ], [ -47.753107979866243, -15.532295712998016 ], [ -47.752931722294171, -15.53284271176058 ], [ -47.753214262402871, -15.532982157714338 ], [ -47.753219802876352, -15.533455354879317 ], [ -47.752667283050116, -15.53326315399589 ], [ -47.752385420719463, -15.533366625558926 ], [ -47.752378818567649, -15.533765647339576 ], [ -47.752033731169824, -15.533958242453574 ], [ -47.752316863433663, -15.534246287740595 ], [ -47.751940318981433, -15.534678265256485 ], [ -47.751194919362099, -15.534959337250491 ], [ -47.751484203767191, -15.535766477829227 ], [ -47.750837870747411, -15.535859998321587 ], [ -47.75161684999749, -15.536548672339631 ], [ -47.751454715278328, -15.536849332646705 ], [ -47.751080961098047, -15.53685850016381 ], [ -47.751141547959776, -15.537121114450349 ], [ -47.751582460564642, -15.537070633412275 ], [ -47.751648192252233, -15.537257042384917 ], [ -47.750668516187787, -15.53793816419825 ], [ -47.750742011326004, -15.538660243809566 ], [ -47.750154826357587, -15.538661247879574 ], [ -47.750050190549338, -15.539046134553782 ], [ -47.750257607716591, -15.539568385640923 ], [ -47.751170562462477, -15.539671064713026 ], [ -47.751508597774574, -15.539877738116367 ], [ -47.751553026745697, -15.540382061524127 ], [ -47.751883864937639, -15.540446573032177 ], [ -47.752192938429623, -15.540969539107554 ], [ -47.751699964845422, -15.54141463988398 ], [ -47.752029959178742, -15.542432287585747 ], [ -47.751967173884474, -15.542839502694557 ], [ -47.752248729816998, -15.542805639882245 ], [ -47.753041841903347, -15.542007438752176 ], [ -47.753078366448911, -15.542614946091694 ], [ -47.753568919754343, -15.543069766870715 ], [ -47.753580441958377, -15.543572061479077 ], [ -47.753381365165801, -15.543972579926008 ], [ -47.754105786817931, -15.543863403960188 ], [ -47.754305972397681, -15.543545753219735 ], [ -47.75486286574926, -15.543867477048634 ], [ -47.755655329743497, -15.544737417798391 ], [ -47.755803376291155, -15.54582326318592 ], [ -47.756361593052908, -15.546451304974768 ], [ -47.75658227112541, -15.548877458007825 ], [ -47.756239625795565, -15.549291787417847 ], [ -47.755806022910988, -15.549452197053313 ], [ -47.754912644553684, -15.550186816184777 ], [ -47.754710406244577, -15.550804951329424 ], [ -47.75486321709981, -15.551289311298117 ], [ -47.755540263623544, -15.55166035808144 ], [ -47.755208361388675, -15.552252297750989 ], [ -47.755214777506261, -15.552594341142916 ], [ -47.75603987185422, -15.553755981069353 ], [ -47.756143562147415, -15.554259288419724 ], [ -47.75858777724023, -15.555303646523765 ], [ -47.759108440545077, -15.555795586199526 ], [ -47.759383004094957, -15.55675944602816 ], [ -47.76036951018348, -15.557418230649811 ], [ -47.76118480285357, -15.557681038148724 ], [ -47.761550975144942, -15.558394288107642 ], [ -47.76259564321812, -15.558740143124052 ], [ -47.76353098401222, -15.559310979326227 ], [ -47.763899635454941, -15.559216161201688 ], [ -47.764005933090708, -15.558455035703593 ], [ -47.763805537135575, -15.558318118661392 ], [ -47.76423034324651, -15.558077643639653 ], [ -47.764674926805739, -15.55809228309078 ], [ -47.766020658849961, -15.558623319277832 ], [ -47.766383560287139, -15.55922851984284 ], [ -47.766334823915052, -15.559972294608283 ], [ -47.767283624669908, -15.561055465519781 ], [ -47.767253111996837, -15.561918487515145 ], [ -47.76679373762402, -15.562817505901609 ], [ -47.766990637262552, -15.563395272026826 ], [ -47.766385188500216, -15.563744157939968 ], [ -47.766802966139245, -15.564216194949939 ], [ -47.76675839800096, -15.56455182642706 ], [ -47.765722146482183, -15.565172911449727 ], [ -47.764767831875744, -15.564908143379203 ], [ -47.764255742736019, -15.565018264646289 ], [ -47.763855556884408, -15.566338041682259 ], [ -47.762728926012599, -15.567190344877986 ], [ -47.762332435734422, -15.567807937972535 ], [ -47.762470669275665, -15.569668068792522 ], [ -47.763001152639312, -15.57050182013794 ], [ -47.76328833223176, -15.571248094159962 ], [ -47.763189100055314, -15.571418660596409 ], [ -47.762307991101665, -15.572273303004234 ], [ -47.761701027292567, -15.572069258993617 ], [ -47.761423573414483, -15.57217543582342 ], [ -47.761323652225542, -15.572730033779502 ], [ -47.761094690016577, -15.572917548352626 ], [ -47.760408413035158, -15.572814882106822 ], [ -47.760101244045138, -15.57300994672142 ], [ -47.760142788434891, -15.573597812910911 ], [ -47.760447063384085, -15.573927500719613 ], [ -47.760677497612221, -15.57462567695117 ], [ -47.760452895472447, -15.575095455651471 ], [ -47.760482002666457, -15.576330857226814 ], [ -47.760228599896067, -15.578008130174858 ], [ -47.76071716794295, -15.578930586574309 ], [ -47.760726556940853, -15.579284110324169 ], [ -47.761023966251685, -15.579480772502064 ], [ -47.762763514888888, -15.579623995990003 ], [ -47.764637459187703, -15.58053042280851 ], [ -47.765647692197128, -15.582328620510101 ], [ -47.766078173963827, -15.583452193299047 ], [ -47.765789767846613, -15.585538407169581 ], [ -47.765219312689688, -15.586639228568297 ], [ -47.764663821021728, -15.587113272161915 ], [ -47.764605459216348, -15.587626978257699 ], [ -47.765484507056286, -15.58798585866292 ], [ -47.767037967920615, -15.588042084598035 ], [ -47.769171210639335, -15.588813456687088 ], [ -47.768874696428668, -15.589577839675147 ], [ -47.76753213298133, -15.589904845880174 ], [ -47.764552247715045, -15.589756289798558 ], [ -47.763227813301455, -15.591410625726501 ], [ -47.765610914807858, -15.592386458027175 ], [ -47.772895490512219, -15.594006008903715 ], [ -47.78049093554452, -15.593358913112818 ], [ -47.781175683901509, -15.600810608265308 ], [ -47.77490707175069, -15.606964303539641 ], [ -47.774485429511046, -15.608058348661528 ], [ -47.77345784978592, -15.608987682467989 ], [ -47.768411385847408, -15.612398260803381 ], [ -47.76278895236225, -15.615725343901696 ], [ -47.760613980075902, -15.617365392383793 ], [ -47.759471878201957, -15.621046589071414 ], [ -47.759451690116904, -15.622149213047754 ], [ -47.759815474290335, -15.623822241940074 ], [ -47.759768761668035, -15.624924016980207 ], [ -47.75300515413317, -15.639614791624146 ], [ -47.752316526683693, -15.640263792869654 ], [ -47.737880343798928, -15.664603312524122 ], [ -47.744297651543533, -15.671430247418982 ], [ -47.740203957245136, -15.674688306887989 ], [ -47.740760990500625, -15.675002180162654 ], [ -47.740719878554323, -15.675244202744899 ], [ -47.740931798109663, -15.675453966674313 ], [ -47.742125150385057, -15.675274982925307 ], [ -47.743566818238591, -15.676305086735024 ], [ -47.744349121949476, -15.676217183762359 ], [ -47.745570677396081, -15.67775727536468 ], [ -47.746026253550198, -15.679327628097681 ], [ -47.746554843580341, -15.680510222589609 ], [ -47.746862113847179, -15.680727672969093 ], [ -47.746774730111909, -15.681355015079104 ], [ -47.747098617929453, -15.682972777396168 ], [ -47.746412977172561, -15.685195319368969 ], [ -47.746624373534559, -15.685748483294084 ], [ -47.746271788830612, -15.686273066318781 ], [ -47.743789480095998, -15.687402514165113 ], [ -47.743176711130722, -15.688182151983254 ], [ -47.74252146082906, -15.688328817087266 ], [ -47.742048698291917, -15.688932331959949 ], [ -47.741271010446027, -15.689135584972359 ], [ -47.740151988000079, -15.690971660383848 ], [ -47.739534149406964, -15.691678366338849 ], [ -47.738706823854045, -15.691971870424558 ], [ -47.738494478530313, -15.692494974578398 ], [ -47.737109757694029, -15.693272262898345 ], [ -47.736455832687916, -15.694051492086611 ], [ -47.735877020925464, -15.694372853733306 ], [ -47.734984533367879, -15.695862976295691 ], [ -47.733781052383151, -15.696636667030877 ], [ -47.732723393640192, -15.697737544195901 ], [ -47.731403412244866, -15.697978014418862 ], [ -47.731384486667295, -15.698503214007539 ], [ -47.730165429244934, -15.698426958507824 ], [ -47.729216743645964, -15.698650739424082 ], [ -47.728781276969563, -15.698383301627784 ], [ -47.72765620231749, -15.698337936166846 ], [ -47.723904342561845, -15.697174541678919 ], [ -47.721745507002346, -15.696885215959126 ], [ -47.718787590713809, -15.697832671675551 ], [ -47.716813860872165, -15.697322504273757 ], [ -47.716607673885136, -15.697460868200647 ], [ -47.716510721072822, -15.698001516114125 ], [ -47.71604330509026, -15.698053026516865 ], [ -47.715663736610928, -15.698482066308324 ], [ -47.714904321441274, -15.69824249590107 ], [ -47.713281764900294, -15.699154716688422 ], [ -47.712163623672183, -15.699569922629504 ], [ -47.71113478938662, -15.699710585662459 ], [ -47.71097979001501, -15.699982565439548 ], [ -47.710423843344721, -15.699991813634428 ], [ -47.70947710683199, -15.700344336891446 ], [ -47.708171495924255, -15.700005572943336 ], [ -47.70592189067419, -15.700097455108876 ], [ -47.704877630663638, -15.699860421242988 ], [ -47.704301694346604, -15.700418234724141 ], [ -47.703274413195913, -15.700228725247303 ], [ -47.702884457188674, -15.699865586957493 ], [ -47.701383416238912, -15.69919347804081 ], [ -47.700334524782484, -15.699344728444606 ], [ -47.699301463052237, -15.699168908741248 ], [ -47.69919819003286, -15.699298981932515 ], [ -47.697841376096505, -15.699262546187345 ], [ -47.697513228318407, -15.699549753993582 ], [ -47.697124499843405, -15.699427925108408 ], [ -47.696345038423821, -15.699656224071541 ], [ -47.695064639681554, -15.700757943535653 ], [ -47.693910432556102, -15.700928076921015 ], [ -47.693545822892659, -15.701307766528766 ], [ -47.692679057190233, -15.701257127051127 ], [ -47.692678281233157, -15.701945518709799 ], [ -47.692449199420224, -15.701773612009148 ], [ -47.692244770782509, -15.701980651191837 ], [ -47.691725621315719, -15.701802692053665 ], [ -47.69121125079176, -15.701964729159405 ], [ -47.689915019878661, -15.703079092666224 ], [ -47.688325474319782, -15.703393113571536 ], [ -47.688044932371334, -15.703252414584657 ], [ -47.687863551512073, -15.703385341892425 ], [ -47.686144003819685, -15.703285560404685 ], [ -47.685365082702248, -15.703414545089665 ], [ -47.684151674762077, -15.703751278376853 ], [ -47.683541132627653, -15.70440629643273 ], [ -47.681990875980333, -15.704660590750203 ], [ -47.681819007454727, -15.705098909418579 ], [ -47.680987104801424, -15.705276213991358 ], [ -47.680649971398068, -15.705190175255852 ], [ -47.680522787835315, -15.705407641365017 ], [ -47.680211874322126, -15.705247359959079 ], [ -47.680179594610237, -15.705709003358065 ], [ -47.679785155252574, -15.705630976494739 ], [ -47.679586921972003, -15.706022840174018 ], [ -47.678749819202856, -15.70635741566457 ], [ -47.678455780976144, -15.707017144318051 ], [ -47.678096343175973, -15.707250999746259 ], [ -47.677742097946648, -15.707360219247322 ], [ -47.676599425864737, -15.707092422614908 ], [ -47.675795763640672, -15.707741541276144 ], [ -47.6758167428004, -15.708156586813555 ], [ -47.675422503443812, -15.708668771995256 ], [ -47.674713340443944, -15.708838775961729 ], [ -47.674555689755557, -15.709926480168079 ], [ -47.674160151547376, -15.709792098354777 ], [ -47.674204697800043, -15.708918319002553 ], [ -47.673380421231933, -15.709347713976831 ], [ -47.673169409070255, -15.709843462616483 ], [ -47.673382689383942, -15.710377409518832 ], [ -47.67290242851567, -15.710538760356508 ], [ -47.672864430321241, -15.710693166916245 ], [ -47.673771259111803, -15.711056388587588 ], [ -47.674374164863629, -15.711524605309062 ], [ -47.67494591773206, -15.712572953615581 ], [ -47.675639121435928, -15.713056712566859 ], [ -47.675889806543459, -15.714073835067419 ], [ -47.675819971907522, -15.71465290185767 ], [ -47.675277408049709, -15.715099861984298 ], [ -47.67508151658307, -15.71587390295511 ], [ -47.674582180002524, -15.715877497364213 ], [ -47.674108938206871, -15.716443071806303 ], [ -47.673792778457539, -15.716496812786202 ], [ -47.673961688731829, -15.716855552021318 ], [ -47.673864379856326, -15.717248135596083 ], [ -47.67418486455351, -15.717357149304313 ], [ -47.674688648629228, -15.717090370550578 ], [ -47.675025732169914, -15.717595715969832 ], [ -47.675501472871247, -15.717330356748485 ], [ -47.67571306675864, -15.717500343634168 ], [ -47.675793009663103, -15.718425799482654 ], [ -47.676195645579426, -15.719232413225829 ], [ -47.675763568319191, -15.719647341112564 ], [ -47.675355143163088, -15.719783342739742 ], [ -47.675067645559871, -15.720605149615755 ], [ -47.675768424926588, -15.721113101278995 ], [ -47.676298744636775, -15.721109064412056 ], [ -47.676495974201835, -15.721274450748455 ], [ -47.676625608459091, -15.721535673873525 ], [ -47.67638794491603, -15.722189983039959 ], [ -47.676615760309055, -15.722548118835494 ], [ -47.676193256927732, -15.722705067702281 ], [ -47.675705618399398, -15.722120774418565 ], [ -47.674845204396846, -15.722208481339933 ], [ -47.674142857958508, -15.721961518605303 ], [ -47.673892187663341, -15.722062566249162 ], [ -47.67412041985574, -15.722281500627835 ], [ -47.674614926208669, -15.722349412463926 ], [ -47.674551644614866, -15.723062130513702 ], [ -47.675688128726172, -15.72362308895295 ], [ -47.676114147488974, -15.723642574579763 ], [ -47.6761881363512, -15.723998949810742 ], [ -47.676017937322563, -15.724313306509986 ], [ -47.676184399057576, -15.724898273234063 ], [ -47.676750289402477, -15.725395889407597 ], [ -47.676567890285376, -15.726280074252125 ], [ -47.675643330494317, -15.726778707966352 ], [ -47.675404981039037, -15.727651615072652 ], [ -47.675287768216613, -15.727752307672695 ], [ -47.674594947232634, -15.727577507962273 ], [ -47.674544231908882, -15.727971252088427 ], [ -47.673935186195742, -15.728282332586218 ], [ -47.673660098929822, -15.728732232556844 ], [ -47.67367806296253, -15.729362990032273 ], [ -47.673906390672919, -15.729633393930129 ], [ -47.6751504676594, -15.730106176140859 ], [ -47.675469351619434, -15.730457169247746 ], [ -47.674625945409488, -15.73107163424238 ], [ -47.674753521031775, -15.731400951312553 ], [ -47.675430049688366, -15.731712309065884 ], [ -47.676284723723334, -15.732614465675978 ], [ -47.676540797685455, -15.732406839112883 ], [ -47.676856951642947, -15.732458508856014 ], [ -47.67696903416067, -15.731922087083991 ], [ -47.677200869161965, -15.731922935380187 ], [ -47.677898337968479, -15.732623297262917 ], [ -47.678277798337689, -15.732676042410793 ], [ -47.67855041473306, -15.733084189865204 ], [ -47.678618715364586, -15.733622347993553 ], [ -47.678890224587043, -15.733905450064171 ], [ -47.679919234175173, -15.733996503860945 ], [ -47.680519740366137, -15.733787200749708 ], [ -47.681504181810411, -15.732822241229877 ], [ -47.681776245159263, -15.732116194647856 ], [ -47.682498195153507, -15.732276422241645 ], [ -47.682931779643525, -15.732148757513476 ], [ -47.68307121454793, -15.731525739686298 ], [ -47.683517455797194, -15.731166627306019 ], [ -47.683999997239894, -15.731034712021826 ], [ -47.684887730963581, -15.731102871568964 ], [ -47.68513285111554, -15.730413741054349 ], [ -47.686666138147565, -15.729763096143225 ], [ -47.686934400422764, -15.729418375232896 ], [ -47.687524086832809, -15.729370533885922 ], [ -47.687942117918702, -15.728687231398938 ], [ -47.688435558040602, -15.728598742161116 ], [ -47.688702901849886, -15.727819581951014 ], [ -47.689281857298447, -15.727450009469047 ], [ -47.689475754496577, -15.726946247915524 ], [ -47.690389465168586, -15.726621978814189 ], [ -47.690642522048989, -15.726316405819651 ], [ -47.691445697598624, -15.726511540371753 ], [ -47.691789093285038, -15.726130003485354 ], [ -47.692325772334883, -15.726191755127894 ], [ -47.693000481187582, -15.725847974605143 ], [ -47.693500937185917, -15.726055788316588 ], [ -47.694059783308226, -15.725887510645515 ], [ -47.694636268765336, -15.726212046561846 ], [ -47.695247457237194, -15.726178755307572 ], [ -47.696267589768318, -15.726885666183779 ], [ -47.69753690546743, -15.727032268269646 ], [ -47.698365457783183, -15.727366497572227 ], [ -47.698748775849658, -15.727096178163144 ], [ -47.700007307992387, -15.727558046801702 ], [ -47.700894037994075, -15.727373206908958 ], [ -47.701047078397075, -15.728316785302122 ], [ -47.701792961395803, -15.728399441105633 ], [ -47.702647899541653, -15.728327701658859 ], [ -47.702809342918989, -15.728016987708827 ], [ -47.702587343786682, -15.727675179991476 ], [ -47.703025557531539, -15.727296217526145 ], [ -47.703149120958599, -15.726531239762167 ], [ -47.703870657033029, -15.726266404984516 ], [ -47.704277987441024, -15.726817967285834 ], [ -47.705076585597261, -15.727087955050417 ], [ -47.707673500122084, -15.726934936380509 ], [ -47.70824850926477, -15.727092390243678 ], [ -47.708545248258716, -15.727401332805769 ], [ -47.709278213798115, -15.727566947400101 ], [ -47.709905816909419, -15.726683655272382 ], [ -47.710213647035268, -15.72660061599367 ], [ -47.711073272209305, -15.727466037555745 ], [ -47.712449682094793, -15.727772152856543 ], [ -47.712808662127408, -15.728140239398796 ], [ -47.713338543598027, -15.728327999456738 ], [ -47.714091677852053, -15.72797592367866 ], [ -47.714470497668508, -15.72805396252002 ], [ -47.71463688725666, -15.727630965472221 ], [ -47.715385435780135, -15.727717064363668 ], [ -47.715909293282927, -15.727336494465963 ], [ -47.716700019267918, -15.727082441968768 ], [ -47.717968495213384, -15.727027186298418 ], [ -47.718345002720312, -15.726550014585751 ], [ -47.71867802355036, -15.725594087721403 ], [ -47.71950935266387, -15.725307911373454 ], [ -47.721124428579607, -15.726530412063669 ], [ -47.722910899924237, -15.726856635610918 ], [ -47.72380978288934, -15.726598863626613 ], [ -47.725007497564356, -15.726880611829333 ], [ -47.725406937430712, -15.726807724949925 ], [ -47.725521051541286, -15.727189113140424 ], [ -47.726148693111078, -15.727056868399742 ], [ -47.727702793657528, -15.727873769891456 ], [ -47.728673369959402, -15.727811252725603 ], [ -47.729244411122615, -15.728348631942042 ], [ -47.730768628093386, -15.726948214774437 ], [ -47.731178824882214, -15.726771223896128 ], [ -47.731875215298857, -15.72679027577913 ], [ -47.732512983557349, -15.726413371020909 ], [ -47.732870754630198, -15.726598576663314 ], [ -47.733197292550408, -15.72624917753361 ], [ -47.734346164943013, -15.726809663384769 ], [ -47.735396673637652, -15.726742373093813 ], [ -47.736857699334664, -15.727882071986576 ], [ -47.73754350287841, -15.728017281858575 ], [ -47.738217507377087, -15.727701000988638 ], [ -47.740668474809453, -15.72792025088661 ], [ -47.741820100534042, -15.727487337120337 ], [ -47.742580353055025, -15.727652819266343 ], [ -47.743069838321418, -15.72697267938433 ], [ -47.743503023492295, -15.726690991473676 ], [ -47.743732132912932, -15.725654840002584 ], [ -47.74439617027037, -15.725319666889057 ], [ -47.744407269960334, -15.724509453595697 ], [ -47.7456136421793, -15.72401058409673 ], [ -47.74750652160558, -15.724001883833488 ], [ -47.747940646147441, -15.723843198893176 ], [ -47.748147454944174, -15.723531554189139 ], [ -47.747968844592819, -15.723185224626141 ], [ -47.748084770021059, -15.722955990592894 ], [ -47.750076209307935, -15.721832078348235 ], [ -47.75101392165238, -15.72095288273157 ], [ -47.751143225282505, -15.720195155518969 ], [ -47.751876840534827, -15.719852112101034 ], [ -47.752076720681252, -15.719470884696763 ], [ -47.753106738632695, -15.719004652711524 ], [ -47.754270801412389, -15.718070451400484 ], [ -47.755816047587231, -15.718098278427249 ], [ -47.756182099860787, -15.717940281504482 ], [ -47.756464107249158, -15.717499141110164 ], [ -47.757056303518041, -15.71771071083128 ], [ -47.757466520108949, -15.71759480590541 ], [ -47.758584375688365, -15.716217919578513 ], [ -47.759157689445715, -15.715782803782384 ], [ -47.759561314628428, -15.714996410113512 ], [ -47.760386121586578, -15.714873818689608 ], [ -47.761665585733702, -15.71417310301174 ], [ -47.761874506152644, -15.713254882044936 ], [ -47.769871365980684, -15.721638308790439 ], [ -47.771901455374845, -15.72313501979678 ], [ -47.774128288006352, -15.724080717412113 ], [ -47.776668330940716, -15.724514777448595 ], [ -47.778604896670238, -15.724437445551684 ], [ -47.781353986460608, -15.723967392340647 ], [ -47.781619395481449, -15.724436258957303 ], [ -47.790073961412602, -15.727506987945418 ], [ -47.791529389855512, -15.724208139855772 ], [ -47.792690573518328, -15.722816551520705 ], [ -47.793895469266445, -15.721855419994105 ], [ -47.834115013182327, -15.694283713004179 ], [ -47.835853184533931, -15.693399370232735 ], [ -47.837570997453732, -15.692967912920894 ], [ -47.84981043588828, -15.692833579429101 ], [ -47.85155004206694, -15.692534902754645 ], [ -47.852552087147394, -15.692158915356758 ], [ -47.85808056239447, -15.689219322969231 ], [ -47.859501544695654, -15.688227458448896 ], [ -47.85477970326216, -15.687222924633776 ], [ -47.828893976295056, -15.678888100486066 ], [ -47.826611396423658, -15.677631952317425 ], [ -47.812587503017227, -15.66804425392608 ], [ -47.809042423334724, -15.666357569353936 ], [ -47.80955830001691, -15.665534784455758 ], [ -47.810015103836058, -15.665240812875409 ], [ -47.810607285838593, -15.664207264877104 ], [ -47.812311561475632, -15.662919726288235 ], [ -47.81253897861729, -15.662125255871759 ], [ -47.812320952992621, -15.661129376560233 ], [ -47.812899076497033, -15.660470021467564 ], [ -47.812802605752026, -15.659718276901366 ], [ -47.813381955774702, -15.659294240184678 ], [ -47.814576587869176, -15.657429024136343 ], [ -47.815455514286263, -15.657355827644047 ], [ -47.815500284329111, -15.656755662199604 ], [ -47.816094727786449, -15.6563835964619 ], [ -47.816361912011828, -15.655997594465523 ], [ -47.816331330081759, -15.65558658832534 ], [ -47.817182137432553, -15.654504145827435 ], [ -47.817437835514546, -15.653764179031315 ], [ -47.816485644489021, -15.652572527874932 ], [ -47.815974176753201, -15.649805498143898 ], [ -47.814586947479668, -15.648277382502402 ], [ -47.813896296612015, -15.647209299742338 ], [ -47.812838447795322, -15.646249065644408 ], [ -47.812702857485128, -15.645282451204528 ], [ -47.811905900721769, -15.644692495475521 ], [ -47.81184114345568, -15.644087272825974 ], [ -47.812110883941934, -15.643930228388347 ], [ -47.812255447900576, -15.643430868778175 ], [ -47.819664115818568, -15.641323924508832 ], [ -47.820235436728098, -15.640969138588313 ], [ -47.820900207574958, -15.639905004483243 ], [ -47.821859609640455, -15.636905374283758 ], [ -47.822593829051577, -15.63565305331181 ], [ -47.82287403282465, -15.634591024624363 ], [ -47.824252730881788, -15.632240135112317 ], [ -47.82466279204197, -15.63066781479804 ], [ -47.824796130244337, -15.626237613185696 ], [ -47.824433877690396, -15.624872093790819 ], [ -47.823644050612465, -15.623537933840359 ], [ -47.822293373571689, -15.622344640529832 ], [ -47.821045461263552, -15.621771976916563 ], [ -47.819201264012264, -15.621475969617544 ], [ -47.816659542345874, -15.621781900257069 ], [ -47.81594629436858, -15.621412560847075 ], [ -47.815755859409002, -15.620781796744877 ], [ -47.818463261075635, -15.615711653313868 ], [ -47.81957944378442, -15.612067078479816 ], [ -47.820163578922291, -15.611059331459421 ], [ -47.828760861213333, -15.604700321226026 ], [ -47.829458852870111, -15.604075822701716 ], [ -47.830068279494085, -15.602958762625235 ], [ -47.832186775414932, -15.60264662522796 ], [ -47.833435943173846, -15.60275924441259 ], [ -47.833946136079675, -15.602606644626581 ], [ -47.834090037011961, -15.602268531830337 ], [ -47.834196055742382, -15.599561894677691 ], [ -47.834352484620538, -15.599293597900822 ], [ -47.835820307665792, -15.598346056679064 ], [ -47.836155532026332, -15.595870180005628 ], [ -47.836773126486143, -15.593486544561658 ], [ -47.837358950364838, -15.592932331825207 ], [ -47.84191197892374, -15.590978624630921 ], [ -47.843038308459171, -15.590126840926928 ], [ -47.842283344935531, -15.589403283650009 ], [ -47.840946912657337, -15.589014419407102 ], [ -47.840968722819078, -15.588604027835007 ], [ -47.842325933405981, -15.588422247185994 ], [ -47.843436340054289, -15.587734719852403 ], [ -47.84379504911724, -15.587367187143439 ], [ -47.844023293883204, -15.586427680701346 ], [ -47.843935216826992, -15.584380799297262 ], [ -47.844222708150625, -15.583574229469306 ], [ -47.843599362525168, -15.58288843147831 ], [ -47.843796221514836, -15.582644655622772 ], [ -47.843947080005996, -15.581708096827574 ], [ -47.843468612680979, -15.58117510040794 ], [ -47.84305641889204, -15.581129016709978 ], [ -47.843186554868865, -15.580620039512212 ], [ -47.842947478176583, -15.579887309237158 ], [ -47.84350195800797, -15.578634816452251 ], [ -47.842552637427801, -15.576883902722493 ], [ -47.843737560823548, -15.574599738104382 ], [ -47.843904973210165, -15.573820022309942 ], [ -47.84374717499221, -15.573571584451056 ], [ -47.843826370891676, -15.573304337921511 ], [ -47.843559859347394, -15.573203791729805 ], [ -47.843537188479836, -15.573004844385625 ], [ -47.843025271575186, -15.573074429649987 ], [ -47.842876686973405, -15.572495210504316 ], [ -47.84161993017085, -15.572511459715036 ], [ -47.841555208147533, -15.572123235648574 ], [ -47.840901726359611, -15.571809230689917 ], [ -47.840276771732881, -15.571773136233331 ], [ -47.839909522420569, -15.571311701817972 ], [ -47.839754395249983, -15.571355962026235 ], [ -47.83983108881062, -15.571535783097538 ], [ -47.839542520284041, -15.571569966299986 ], [ -47.839266022451909, -15.570947680281728 ], [ -47.839140760437608, -15.568930718878818 ], [ -47.839368968160976, -15.568800982466184 ], [ -47.839564957648626, -15.569020817948863 ], [ -47.839805901045217, -15.568927009965348 ], [ -47.840035281006983, -15.567791543085416 ], [ -47.840488991475901, -15.567145410251598 ], [ -47.840704826768778, -15.566986607602125 ], [ -47.840924615129993, -15.567059004791698 ], [ -47.841179676822257, -15.566815527319529 ], [ -47.840871211513182, -15.566594635370469 ], [ -47.841026619319621, -15.565965354760104 ], [ -47.840849821288863, -15.565618050113459 ], [ -47.840232395418916, -15.565703214040756 ], [ -47.839890730359727, -15.565138460212008 ], [ -47.83946648640584, -15.565118251860063 ], [ -47.839242175585724, -15.564912995214485 ], [ -47.838874025540946, -15.563457986691029 ], [ -47.839078443955735, -15.562666432219764 ], [ -47.838989692568894, -15.562178235954917 ], [ -47.839538562778976, -15.561978621094701 ], [ -47.839520368086944, -15.561592896195627 ], [ -47.840290104510288, -15.561312002875599 ], [ -47.840844388643873, -15.559888373542307 ], [ -47.840853366330599, -15.558856897985571 ], [ -47.840614640954122, -15.557837375696867 ], [ -47.841088925404094, -15.557173898701603 ], [ -47.835953235943379, -15.550159776178145 ], [ -47.835410876575153, -15.548713929489011 ], [ -47.8353671684606, -15.547682218773058 ], [ -47.836403037251429, -15.542689123715814 ], [ -47.836571526438533, -15.540593734400598 ], [ -47.835821541266007, -15.531400549781887 ], [ -47.835443279173887, -15.530774578683195 ], [ -47.834771272976717, -15.5302957546765 ], [ -47.831603875994745, -15.530092713853646 ], [ -47.830269670306436, -15.529851769306088 ], [ -47.815014730076257, -15.523781581916761 ], [ -47.813102002668387, -15.52340453183567 ], [ -47.811401517286818, -15.523411869892453 ], [ -47.81000042438454, -15.523687793289541 ], [ -47.805334323329177, -15.525286062198317 ], [ -47.803527314891788, -15.525619680351268 ], [ -47.801924753601767, -15.525580300339538 ], [ -47.792665646435665, -15.524347585083905 ], [ -47.791135201991672, -15.524462408154381 ], [ -47.780966823785803, -15.528728388857335 ], [ -47.780025011222349, -15.529074809386273 ], [ -47.777635446073788, -15.52953504756969 ], [ -47.775880454183159, -15.529528468237428 ], [ -47.774673763335237, -15.529237778803214 ], [ -47.773155872339551, -15.52853042003405 ], [ -47.770856858926081, -15.526915241602433 ], [ -47.76979740666836, -15.526574880338698 ], [ -47.768427755531931, -15.526630307595406 ], [ -47.765507606787871, -15.527596510063601 ], [ -47.763785248243295, -15.527337530092597 ] ] ] } },
{ "type": "Feature", "properties": { "ra_cira": 6, "ra_nome": "Planaltina", "ra_codigo": "RA-VI", "regiao_saude": "Norte" }, "geometry": { "type": "Polygon", "coordinates": [ [ [ -47.418406916553174, -15.501819583386965 ], [ -47.418406909206908, -15.545077398131342 ], [ -47.417619736552851, -15.545529921654637 ], [ -47.417339336167252, -15.546143258536949 ], [ -47.416087066323996, -15.546306130804492 ], [ -47.415524508577185, -15.547020978754981 ], [ -47.415231007275423, -15.547098682566224 ], [ -47.414031656141418, -15.548223243890073 ], [ -47.413406857063826, -15.547705272001956 ], [ -47.412883067876294, -15.547591514042345 ], [ -47.412142311922267, -15.547120695103619 ], [ -47.411293848305711, -15.547155007121109 ], [ -47.410995987159595, -15.546986412621758 ], [ -47.410539972022121, -15.547544514702109 ], [ -47.409666295013771, -15.547901939931506 ], [ -47.408244422028012, -15.547894709955827 ], [ -47.40782426800682, -15.547667201197804 ], [ -47.407548326910309, -15.54725580091266 ], [ -47.407100516819256, -15.547230333407599 ], [ -47.406943420736553, -15.546818179597768 ], [ -47.406429183284054, -15.546907178504576 ], [ -47.405740425296365, -15.546717168183385 ], [ -47.405258728420279, -15.546896142048718 ], [ -47.404619349134073, -15.54679844162435 ], [ -47.404166709906612, -15.547232662382861 ], [ -47.403805271163812, -15.547051444908027 ], [ -47.402287901321905, -15.547773519792175 ], [ -47.402483731221658, -15.548650013808626 ], [ -47.402163734918638, -15.549269376701888 ], [ -47.402822511809063, -15.549291925461254 ], [ -47.40284507994231, -15.549635789118327 ], [ -47.40223736024523, -15.549946221400662 ], [ -47.402144262755911, -15.550374855084174 ], [ -47.401617970841485, -15.550562972180375 ], [ -47.401289269688299, -15.550350998637766 ], [ -47.401022996927153, -15.551354813457687 ], [ -47.400645657864139, -15.551543858320164 ], [ -47.399405594352984, -15.550856105513891 ], [ -47.399130126269263, -15.550920738501677 ], [ -47.39884501254182, -15.55145283069521 ], [ -47.398985708348654, -15.551827459044439 ], [ -47.398632775553331, -15.552284616698374 ], [ -47.39870731446414, -15.55281007728582 ], [ -47.398139820244211, -15.553297611984243 ], [ -47.399137298889649, -15.553529865642163 ], [ -47.39889426425173, -15.553811326323261 ], [ -47.399186802508844, -15.553934398959191 ], [ -47.398900306480222, -15.554419668347807 ], [ -47.399235306658994, -15.555092090028024 ], [ -47.399010301356803, -15.555485320535496 ], [ -47.399236650688053, -15.55575492883427 ], [ -47.399178322230327, -15.556062310143593 ], [ -47.399564783291098, -15.556172175556847 ], [ -47.399257414024433, -15.55649805217389 ], [ -47.399468321615956, -15.556761750197678 ], [ -47.399446064350045, -15.557105460663502 ], [ -47.399078105529057, -15.557299880302343 ], [ -47.398543080820453, -15.557160494911178 ], [ -47.398151104451429, -15.557614066146723 ], [ -47.397980622256021, -15.557386235903424 ], [ -47.397850259041554, -15.557581766966205 ], [ -47.396904777083918, -15.557574827400684 ], [ -47.396799885553939, -15.557853289887365 ], [ -47.396160401689592, -15.558102699200619 ], [ -47.395835229641996, -15.558511162762604 ], [ -47.395589113326771, -15.558431614704029 ], [ -47.395239164442074, -15.557863229197917 ], [ -47.394528379499043, -15.55801949586599 ], [ -47.394330489929423, -15.55776437595993 ], [ -47.39378860321591, -15.558245741020661 ], [ -47.393941210371842, -15.558779138556055 ], [ -47.394208459952061, -15.558949771458696 ], [ -47.393914990425188, -15.559283369583076 ], [ -47.394137066091453, -15.559449332440339 ], [ -47.394110527102939, -15.559695798629276 ], [ -47.393629673329087, -15.55994599028973 ], [ -47.393846462025977, -15.560294840476509 ], [ -47.393548920369405, -15.560524580167886 ], [ -47.393848931837951, -15.560774807815244 ], [ -47.39340113900392, -15.560878782687613 ], [ -47.393497552268762, -15.561715368857532 ], [ -47.393145589515633, -15.56172469166267 ], [ -47.393210974728852, -15.562210841159906 ], [ -47.392951353940582, -15.5620017816894 ], [ -47.392863711251827, -15.562277811684902 ], [ -47.39247315866762, -15.562153392835834 ], [ -47.392290881135722, -15.562443749902052 ], [ -47.39143538392306, -15.562526029878866 ], [ -47.390982621965001, -15.563863057893286 ], [ -47.391099701463773, -15.564070003587464 ], [ -47.390921255021347, -15.564285725571985 ], [ -47.390982396457467, -15.564691895598994 ], [ -47.390638453177864, -15.564972426889625 ], [ -47.390638832252229, -15.564580562498982 ], [ -47.390426255138316, -15.564713018104131 ], [ -47.390405006784853, -15.565847690770701 ], [ -47.390120503324859, -15.566311032156621 ], [ -47.390311837291989, -15.566468361241274 ], [ -47.390850228416355, -15.566480697968563 ], [ -47.390836780925987, -15.56671104003496 ], [ -47.39058753577801, -15.566822962544995 ], [ -47.390204878501073, -15.566644140718449 ], [ -47.389451291194817, -15.567449181269744 ], [ -47.388710780016588, -15.567323484630517 ], [ -47.388203850979352, -15.567523867672977 ], [ -47.387590985213372, -15.567154626552796 ], [ -47.386968668443167, -15.567117853538109 ], [ -47.38693143048549, -15.566737727579058 ], [ -47.38671150877525, -15.566639317892831 ], [ -47.386208724557868, -15.567082970013839 ], [ -47.385875023237958, -15.566938479918443 ], [ -47.385836811059249, -15.566469755697169 ], [ -47.385488279202718, -15.566199330525631 ], [ -47.38513237446989, -15.566592129721514 ], [ -47.385248739819559, -15.567073559343356 ], [ -47.38497585425754, -15.567158948928874 ], [ -47.384797248473362, -15.567006979486351 ], [ -47.38447610570352, -15.567379487620324 ], [ -47.383660725153973, -15.566824946822001 ], [ -47.38245034386415, -15.566627847237385 ], [ -47.382232690735073, -15.566794883393545 ], [ -47.381654680065928, -15.566617521955711 ], [ -47.381461487444639, -15.566741872522863 ], [ -47.380646877102116, -15.566691588657136 ], [ -47.380151817477334, -15.567281061237697 ], [ -47.380092139450426, -15.567639215528368 ], [ -47.380507232067409, -15.568029878727684 ], [ -47.380481657531568, -15.568549138778305 ], [ -47.380126944803983, -15.568920563965825 ], [ -47.379686217255681, -15.568816930828802 ], [ -47.379457879201247, -15.56916608396404 ], [ -47.379701370037999, -15.569867923157327 ], [ -47.379687733942305, -15.570679807177511 ], [ -47.379484296115031, -15.571260007288826 ], [ -47.379550657816516, -15.571659733087067 ], [ -47.379102619787851, -15.572633653805582 ], [ -47.379274817297265, -15.573490055803314 ], [ -47.378502246557133, -15.574266390489717 ], [ -47.378549676637519, -15.574735408300425 ], [ -47.378280932368938, -15.574928053827081 ], [ -47.37820379277791, -15.575271833050854 ], [ -47.377396108791444, -15.575698544410084 ], [ -47.376829753640642, -15.57655853790309 ], [ -47.375954163331059, -15.57658753463652 ], [ -47.374999921531433, -15.577223094416018 ], [ -47.374669058948996, -15.577137467242538 ], [ -47.374476931099188, -15.576707887462856 ], [ -47.374172165949481, -15.57654182739328 ], [ -47.374157907668057, -15.576736232906432 ], [ -47.373861692039924, -15.576783518373395 ], [ -47.373564078102284, -15.57726785485387 ], [ -47.37332354902037, -15.577091499139659 ], [ -47.373282814903277, -15.577416843024192 ], [ -47.373058845341433, -15.57753704458545 ], [ -47.372928143622524, -15.577449736122331 ], [ -47.373080503206012, -15.577228597846368 ], [ -47.372649082379759, -15.577103972499977 ], [ -47.372134914347484, -15.577602520064627 ], [ -47.371750668613686, -15.577507131747744 ], [ -47.371224049120805, -15.577653355691327 ], [ -47.370698937306493, -15.578195099347719 ], [ -47.370321110863529, -15.57831484969922 ], [ -47.370010889933816, -15.577866537740531 ], [ -47.369453826669179, -15.578784920612696 ], [ -47.369296503115891, -15.578828955299729 ], [ -47.369108636044487, -15.578578367060473 ], [ -47.368840234945694, -15.578918775345535 ], [ -47.368609976865166, -15.578928459525187 ], [ -47.368539780033352, -15.579304633142085 ], [ -47.368017925122182, -15.578828776038177 ], [ -47.367450000684187, -15.578661578558677 ], [ -47.367128220484673, -15.578738256603048 ], [ -47.366960452673617, -15.578572077885006 ], [ -47.366455866940335, -15.578626934131599 ], [ -47.366274274321157, -15.578214948681637 ], [ -47.365987580841356, -15.578079959347214 ], [ -47.365579739185101, -15.577992386157959 ], [ -47.365418169513134, -15.578200266009487 ], [ -47.365161829822419, -15.578076085503652 ], [ -47.364977890719793, -15.578280624470676 ], [ -47.364838104342702, -15.578002501973796 ], [ -47.364558100882896, -15.578084686955313 ], [ -47.364406407019153, -15.577724639575973 ], [ -47.364023620246144, -15.57814104595726 ], [ -47.363255901231049, -15.577779322468654 ], [ -47.362390110021025, -15.578006236105304 ], [ -47.362056905618552, -15.577711746028058 ], [ -47.361605234970426, -15.578357277081034 ], [ -47.361522704604113, -15.579262591430972 ], [ -47.361810409268465, -15.579584039747937 ], [ -47.361745437626382, -15.579731192594261 ], [ -47.361542031395913, -15.579669019018823 ], [ -47.361414713156471, -15.580135671555295 ], [ -47.36108148337172, -15.579906090035589 ], [ -47.36093391367956, -15.580136593945799 ], [ -47.360861218955591, -15.579834109528953 ], [ -47.360652932896016, -15.57973026957883 ], [ -47.360368475178134, -15.579926043271882 ], [ -47.360123704928775, -15.579534991088366 ], [ -47.359922423642885, -15.579744230655702 ], [ -47.359766856901949, -15.579318499101172 ], [ -47.359252272524913, -15.57971754319934 ], [ -47.359463798021828, -15.579952584520115 ], [ -47.359398030021865, -15.5802888493421 ], [ -47.358975194542111, -15.580009291814603 ], [ -47.358655751180827, -15.580110188857953 ], [ -47.358694472255301, -15.580322340250303 ], [ -47.358452378020225, -15.580242737065552 ], [ -47.358310625134642, -15.580476383465786 ], [ -47.358263173929494, -15.580126860809713 ], [ -47.357339624350068, -15.580768410773214 ], [ -47.357177706026874, -15.580688809644951 ], [ -47.357370889483818, -15.580476516842289 ], [ -47.356916314418285, -15.580505336084981 ], [ -47.357172219454867, -15.580200462213375 ], [ -47.3566938406058, -15.580152072493837 ], [ -47.35699015211808, -15.579937114865229 ], [ -47.356819731768638, -15.579649951294281 ], [ -47.35664443020147, -15.579779902465036 ], [ -47.356380370087159, -15.579685950081814 ], [ -47.356167463530234, -15.579921260108119 ], [ -47.356034420041922, -15.579577904848874 ], [ -47.355340761317088, -15.579794194707153 ], [ -47.355182023394242, -15.580008911374858 ], [ -47.354730900268315, -15.579914173666635 ], [ -47.354385531374191, -15.58016637038339 ], [ -47.35368081575276, -15.579966184712355 ], [ -47.353687350657459, -15.580416702247408 ], [ -47.353464343524792, -15.580580359630334 ], [ -47.351578969460022, -15.580607048330258 ], [ -47.350687259731238, -15.580399283868168 ], [ -47.350453928651049, -15.580149974115768 ], [ -47.350168838128198, -15.580479575429912 ], [ -47.350025072548327, -15.580173317740098 ], [ -47.349678818498255, -15.580629868459273 ], [ -47.349679763445209, -15.579718967625737 ], [ -47.349263118646817, -15.579539128001802 ], [ -47.349094148802244, -15.579103967375694 ], [ -47.348313727046531, -15.579080835753647 ], [ -47.347711681741231, -15.579499098891553 ], [ -47.347038484180494, -15.57901497808615 ], [ -47.346053762830067, -15.579786861461416 ], [ -47.345752055405129, -15.58036843728715 ], [ -47.345554475254147, -15.580210388095816 ], [ -47.344997508257094, -15.58065431647953 ], [ -47.344637149940205, -15.58129236354397 ], [ -47.343751575192904, -15.581276400481578 ], [ -47.343116197901693, -15.582110280876313 ], [ -47.342947870238731, -15.581804740720649 ], [ -47.342300307899023, -15.582419844705088 ], [ -47.341533356917516, -15.582432799663152 ], [ -47.341540495823544, -15.582915271281637 ], [ -47.340582083741637, -15.583681057429231 ], [ -47.339576386351709, -15.583800385076293 ], [ -47.338740146603286, -15.584629139052161 ], [ -47.33842692810051, -15.584634735795293 ], [ -47.337776345428061, -15.585333787855637 ], [ -47.336279714565897, -15.585782054875109 ], [ -47.33582292131436, -15.586221060265727 ], [ -47.335764326055923, -15.586562045810419 ], [ -47.335305638425112, -15.586786492692946 ], [ -47.3351165245207, -15.587349407649056 ], [ -47.334205298641059, -15.58750994706833 ], [ -47.333166606757018, -15.586983636060994 ], [ -47.331861736076462, -15.587233026506864 ], [ -47.331331415783644, -15.586920946973535 ], [ -47.33068694766424, -15.586187191447818 ], [ -47.330201582520402, -15.585960118410386 ], [ -47.32991337195277, -15.586108605103943 ], [ -47.329462732466439, -15.587024200826948 ], [ -47.32895783673019, -15.587392739084615 ], [ -47.328547773454758, -15.588082114453604 ], [ -47.328498451770457, -15.588531933644909 ], [ -47.327816328363497, -15.588970439543063 ], [ -47.326536854970591, -15.589138308565639 ], [ -47.325648764463509, -15.588600873556405 ], [ -47.32529509449094, -15.589058972260755 ], [ -47.325171555908483, -15.588356899287302 ], [ -47.324802689560308, -15.588770501239292 ], [ -47.324800449265766, -15.58909249993026 ], [ -47.324433835274291, -15.588955975433159 ], [ -47.324351960011306, -15.588431221852797 ], [ -47.324486296732999, -15.588050789065614 ], [ -47.324862834037987, -15.587720589361107 ], [ -47.32427476526253, -15.587778062285132 ], [ -47.324188286307894, -15.587340085999072 ], [ -47.323919142590633, -15.587146864687444 ], [ -47.323603391115419, -15.587500391307222 ], [ -47.323417355789907, -15.586866494196265 ], [ -47.323129546919141, -15.586830805878376 ], [ -47.323227028276683, -15.586531502175195 ], [ -47.322623938069235, -15.58657287892291 ], [ -47.322626399473002, -15.586408302931542 ], [ -47.322889515435776, -15.586323628838617 ], [ -47.322825850144575, -15.586205241221005 ], [ -47.322253434800437, -15.586308944276581 ], [ -47.321912852074774, -15.586166350560379 ], [ -47.321716608380186, -15.586410185002538 ], [ -47.32174753500977, -15.586714330933757 ], [ -47.321577934330797, -15.586671588627311 ], [ -47.321465510372235, -15.586916869683808 ], [ -47.32104385159176, -15.586723731443051 ], [ -47.320814270355463, -15.586320770945317 ], [ -47.320486173458882, -15.586942008391707 ], [ -47.319948980127123, -15.586689010322894 ], [ -47.319834995137001, -15.586798714868465 ], [ -47.319307518528277, -15.586661481149109 ], [ -47.318614090545161, -15.587146824195512 ], [ -47.318606046072617, -15.588534215660514 ], [ -47.31712238885126, -15.590540108216096 ], [ -47.317311483399529, -15.5917540048678 ], [ -47.317556704587417, -15.592072706618891 ], [ -47.317294099325288, -15.593124135821338 ], [ -47.31736017426033, -15.593515956006286 ], [ -47.316770075159376, -15.593808557823069 ], [ -47.316622632755497, -15.59416070574426 ], [ -47.316349432886796, -15.594044820054766 ], [ -47.316168250782766, -15.594186994675704 ], [ -47.315816663213724, -15.595326759613444 ], [ -47.31581166892601, -15.596896798416706 ], [ -47.315971378597013, -15.597007528357977 ], [ -47.316824741851029, -15.596787815030126 ], [ -47.317006031194815, -15.59716827933171 ], [ -47.317418441474601, -15.59690864423728 ], [ -47.317593788699455, -15.59710314729103 ], [ -47.317922596720521, -15.597032892608004 ], [ -47.31819077158957, -15.597413969554093 ], [ -47.317863970060053, -15.597658050241328 ], [ -47.317998485201805, -15.597800155923462 ], [ -47.318333089616445, -15.597681380785673 ], [ -47.318681967820886, -15.597247456724585 ], [ -47.319285354148519, -15.597335671793635 ], [ -47.319203004986207, -15.597719021796379 ], [ -47.31979463548425, -15.597363661740943 ], [ -47.320127812222573, -15.597505009341443 ], [ -47.320115174326574, -15.597868506713304 ], [ -47.320494169179625, -15.598154700198798 ], [ -47.32091732560211, -15.597878987068492 ], [ -47.321245746306388, -15.598290566305607 ], [ -47.321588852146519, -15.598041190741373 ], [ -47.321853933783721, -15.598734103828715 ], [ -47.322361642521535, -15.598459271591629 ], [ -47.322603676881513, -15.598535138746694 ], [ -47.322721945949105, -15.59918098738048 ], [ -47.32255010595901, -15.599442348092577 ], [ -47.323023644753349, -15.599695603252975 ], [ -47.322971425365019, -15.600366085608302 ], [ -47.323267092953081, -15.600517861266121 ], [ -47.322990839819823, -15.6010502158099 ], [ -47.323661215384611, -15.600961823751657 ], [ -47.323052190998858, -15.601532958794619 ], [ -47.323292111992302, -15.602202427817591 ], [ -47.323099380441022, -15.602469049428043 ], [ -47.323257358178232, -15.602842267883808 ], [ -47.322897181257957, -15.603033346113325 ], [ -47.322878011955545, -15.603233306321235 ], [ -47.323022745485211, -15.603776395886717 ], [ -47.3236527824128, -15.603840970578451 ], [ -47.32346816232414, -15.604403381483813 ], [ -47.323156261806247, -15.604435108853213 ], [ -47.323631324855079, -15.604881811726049 ], [ -47.323511944080217, -15.605452669891477 ], [ -47.32402804260736, -15.605590898989389 ], [ -47.323878084220553, -15.605992937207915 ], [ -47.32442557782408, -15.606059380424391 ], [ -47.324032569397474, -15.606493088639075 ], [ -47.324767793750361, -15.606420372350243 ], [ -47.325003756478424, -15.607156626274728 ], [ -47.325305359889896, -15.60732048692733 ], [ -47.32517749505007, -15.607517653489865 ], [ -47.325447488760815, -15.607929930268659 ], [ -47.324848528024809, -15.608033424321119 ], [ -47.325043670568299, -15.60843853202817 ], [ -47.324897289758795, -15.608633396575073 ], [ -47.325307920039819, -15.609230800177608 ], [ -47.325124046249677, -15.609649616382729 ], [ -47.325475639827211, -15.609813686876452 ], [ -47.325345118818973, -15.610112362591163 ], [ -47.325654703946036, -15.610474121241399 ], [ -47.326233243050595, -15.610255379167285 ], [ -47.32639906840992, -15.61069652180384 ], [ -47.326049853401628, -15.611080240298595 ], [ -47.326705213759851, -15.610987817555426 ], [ -47.327054201849315, -15.611654030945566 ], [ -47.326986949818028, -15.611864395872001 ], [ -47.327388838274757, -15.611991273722369 ], [ -47.327325812043668, -15.612302304847685 ], [ -47.327611133084062, -15.612919006949422 ], [ -47.328027298473572, -15.612695669590318 ], [ -47.328345276873755, -15.613192174046373 ], [ -47.32872607924601, -15.61327623409492 ], [ -47.328710212620628, -15.61348256164659 ], [ -47.328289533194351, -15.613524883567347 ], [ -47.327909309154094, -15.613306301200856 ], [ -47.327762563362, -15.613441075316329 ], [ -47.328201279893285, -15.613876726511741 ], [ -47.32796852299586, -15.614099627454353 ], [ -47.328315693445383, -15.614090157422153 ], [ -47.328427345759025, -15.614275004069132 ], [ -47.327898450439505, -15.614516473660769 ], [ -47.328079551201014, -15.614676528381516 ], [ -47.328483410982471, -15.614499238972899 ], [ -47.32842887842375, -15.614892121313929 ], [ -47.328703301717312, -15.615055770446775 ], [ -47.328578573882339, -15.615370410490586 ], [ -47.328975640475164, -15.615593446995133 ], [ -47.329192755694621, -15.615973045875498 ], [ -47.329072561348781, -15.616364142326105 ], [ -47.329208757223043, -15.616729880971015 ], [ -47.328397873805429, -15.617397924303591 ], [ -47.328733562083514, -15.617769638914249 ], [ -47.328699459383586, -15.618225008894242 ], [ -47.328854026697734, -15.618355642792968 ], [ -47.329167388266342, -15.618344874170893 ], [ -47.329221192840876, -15.617730699834995 ], [ -47.329609103900054, -15.617820199024896 ], [ -47.329982927737092, -15.619104236016542 ], [ -47.330180089928461, -15.619246926356739 ], [ -47.330055224725172, -15.619508776736007 ], [ -47.330649515850119, -15.620322411330134 ], [ -47.330459506977505, -15.621452258375198 ], [ -47.331102599763632, -15.622519479788039 ], [ -47.330701928074895, -15.622552154284335 ], [ -47.330146266895142, -15.622959984149443 ], [ -47.330079681650403, -15.623553691318408 ], [ -47.330206558546379, -15.623808637691553 ], [ -47.330532612451968, -15.623781468663196 ], [ -47.330672599336467, -15.624403229219775 ], [ -47.330519044013833, -15.624916955448963 ], [ -47.33102582626843, -15.625212793629986 ], [ -47.331037892763781, -15.625598011106964 ], [ -47.331450901020062, -15.625733778454332 ], [ -47.331042939365283, -15.626390575927553 ], [ -47.331567954195705, -15.626739395212333 ], [ -47.332232703561644, -15.626895057120413 ], [ -47.332023859913775, -15.627332211896897 ], [ -47.332441825340737, -15.627561176835544 ], [ -47.332106732523805, -15.627886457424516 ], [ -47.33253438532693, -15.627884786014953 ], [ -47.332643746506029, -15.628080640747051 ], [ -47.332233000004337, -15.628300656461235 ], [ -47.331963756364587, -15.627962743312338 ], [ -47.331852590821043, -15.628206073558438 ], [ -47.332059654191355, -15.628598833700371 ], [ -47.332874505773397, -15.628693407138217 ], [ -47.332660768104326, -15.62902958158152 ], [ -47.332947015572003, -15.629163445290704 ], [ -47.332764549039929, -15.629450529287215 ], [ -47.333139202972944, -15.629708887813409 ], [ -47.333519738525567, -15.629403482595464 ], [ -47.333930806623719, -15.629623106300281 ], [ -47.333725543481997, -15.630168580498545 ], [ -47.33340790271987, -15.630313402381281 ], [ -47.333465223423573, -15.630777544202166 ], [ -47.33323139276979, -15.630992299298647 ], [ -47.333741264624187, -15.631451794000229 ], [ -47.333500123941313, -15.631537741655427 ], [ -47.333083773374874, -15.63125219742423 ], [ -47.332878581348332, -15.631426735988082 ], [ -47.332958965513228, -15.632047634734732 ], [ -47.3333786190965, -15.632253625143189 ], [ -47.333044151720138, -15.632524933159871 ], [ -47.333236620226032, -15.632826948213236 ], [ -47.332564308624967, -15.633025386621711 ], [ -47.332594666889946, -15.633831489832163 ], [ -47.332131373522166, -15.633954240757159 ], [ -47.332017023993615, -15.634702906589023 ], [ -47.331575361946051, -15.634661027136001 ], [ -47.331777735629018, -15.635236907003049 ], [ -47.331157274093691, -15.635173130120107 ], [ -47.33114749653555, -15.635493160427526 ], [ -47.330760887206964, -15.635751818491151 ], [ -47.331049866706145, -15.636351702217102 ], [ -47.331363819488146, -15.636225212453089 ], [ -47.331612269382532, -15.63675064821099 ], [ -47.331327157110138, -15.637164512879799 ], [ -47.330981695469582, -15.636920762559502 ], [ -47.330786745851064, -15.637161129611291 ], [ -47.330814620787542, -15.637968853663523 ], [ -47.331279711380105, -15.637964245405781 ], [ -47.331323311003473, -15.638107592063609 ], [ -47.330640978927192, -15.638343232707793 ], [ -47.330680114373031, -15.638837612306295 ], [ -47.330488635013083, -15.639228107503888 ], [ -47.330347249574693, -15.638966489857218 ], [ -47.329801318800556, -15.639064283241563 ], [ -47.32971999830135, -15.639422555459298 ], [ -47.329936624409434, -15.639872669151734 ], [ -47.32952268796533, -15.639707059510998 ], [ -47.330065432260206, -15.640403859102266 ], [ -47.329716340072132, -15.640574339756691 ], [ -47.329878267213573, -15.640976764522541 ], [ -47.330480092269845, -15.641378521787999 ], [ -47.330029733771873, -15.641832402818769 ], [ -47.32964478547612, -15.641806825212068 ], [ -47.329630678026163, -15.64214021366165 ], [ -47.329395313268101, -15.642097772363284 ], [ -47.329605820920378, -15.64248367575774 ], [ -47.329954749523203, -15.642653882007425 ], [ -47.329803624690562, -15.642859648792378 ], [ -47.329244854605427, -15.642983997526711 ], [ -47.329808073231462, -15.643787412073651 ], [ -47.329338248662204, -15.643931803312489 ], [ -47.329372038514734, -15.644325267465845 ], [ -47.33018163855121, -15.644610126502492 ], [ -47.330453547688798, -15.645251542456952 ], [ -47.330846803567468, -15.644444895233287 ], [ -47.331008059938554, -15.645259039865492 ], [ -47.330577240139576, -15.645357795394212 ], [ -47.330383856971466, -15.64603457317337 ], [ -47.329998186339445, -15.645924753918745 ], [ -47.329606169122414, -15.6454852854504 ], [ -47.329078466849872, -15.645513862594628 ], [ -47.328973570671153, -15.646281357434082 ], [ -47.328216501736939, -15.646379202494916 ], [ -47.32784807071544, -15.64727121980963 ], [ -47.327536501462248, -15.646930821935296 ], [ -47.327304301959458, -15.647031356429951 ], [ -47.32723658445888, -15.6476530115172 ], [ -47.327529191588987, -15.648225268392506 ], [ -47.327222697617486, -15.648473701161663 ], [ -47.326959701922256, -15.649194636638526 ], [ -47.327455021995853, -15.649354363063173 ], [ -47.327948988328444, -15.649177256600472 ], [ -47.328502072601481, -15.649383271864453 ], [ -47.328591426075334, -15.649605864648246 ], [ -47.328139738699996, -15.649798401087054 ], [ -47.327748752450077, -15.650472990946231 ], [ -47.328176999516806, -15.650645337825505 ], [ -47.328620350731413, -15.650170612679164 ], [ -47.329202507043881, -15.650696720997072 ], [ -47.328856411909591, -15.651010544579743 ], [ -47.328776872548431, -15.651591221046816 ], [ -47.328105075231313, -15.651340124891476 ], [ -47.327899287830157, -15.65169691831812 ], [ -47.327974602111745, -15.652086557110847 ], [ -47.327106164703075, -15.651892625173518 ], [ -47.326609922350691, -15.652682295965679 ], [ -47.327307972478231, -15.653710913490597 ], [ -47.327280600294067, -15.65460544867584 ], [ -47.328605252237246, -15.654777313628154 ], [ -47.328612659966034, -15.655225584409596 ], [ -47.328958803420242, -15.655416923154435 ], [ -47.328812792937434, -15.655822839152146 ], [ -47.328912986745351, -15.655987045854133 ], [ -47.329519603013416, -15.65567921810009 ], [ -47.329613228644426, -15.655774318863761 ], [ -47.329454017722512, -15.656234005719419 ], [ -47.329079822730087, -15.656410255669126 ], [ -47.328623881760819, -15.656383609782344 ], [ -47.328169680083235, -15.656116314592115 ], [ -47.328227770181051, -15.656325529925494 ], [ -47.329252820712597, -15.656959858764004 ], [ -47.329044367216326, -15.657205615467221 ], [ -47.328135565665534, -15.657518265309427 ], [ -47.328071243023906, -15.657757223742783 ], [ -47.328858429693057, -15.657848796969249 ], [ -47.329652529038441, -15.657395538959685 ], [ -47.329769567676607, -15.657855205119612 ], [ -47.329535344032557, -15.658338356281259 ], [ -47.328541742394108, -15.658211033262877 ], [ -47.327803245524585, -15.659107652180751 ], [ -47.3282223171665, -15.660454463409842 ], [ -47.327830678219449, -15.660512332784618 ], [ -47.328418011020155, -15.660865337298899 ], [ -47.328617314554471, -15.661276235749179 ], [ -47.327940257110008, -15.661182578086516 ], [ -47.32741033861118, -15.660843494534543 ], [ -47.327005264437233, -15.661073445839159 ], [ -47.326756740983242, -15.661469969256126 ], [ -47.326998569179722, -15.662007394395994 ], [ -47.326892783210759, -15.66254683011122 ], [ -47.327111877544674, -15.663466640268423 ], [ -47.328372467317848, -15.663458283504205 ], [ -47.328655620801065, -15.663637984383564 ], [ -47.328075093563413, -15.664284590632425 ], [ -47.327624534582675, -15.664086720580011 ], [ -47.327509408871023, -15.664236129439631 ], [ -47.327607288205655, -15.664723220627911 ], [ -47.328129697421183, -15.665143917400831 ], [ -47.328128172769951, -15.665314590144831 ], [ -47.326888373207836, -15.664848887832415 ], [ -47.326508226948725, -15.665572068286821 ], [ -47.326879910240287, -15.666045758867984 ], [ -47.327615609483011, -15.665621108522704 ], [ -47.328433163684181, -15.666238320088462 ], [ -47.328665676767116, -15.666886539745684 ], [ -47.328518409329689, -15.667256658717289 ], [ -47.328131960871126, -15.667094242923422 ], [ -47.327162743320159, -15.667661739690441 ], [ -47.327004215567527, -15.668080147629945 ], [ -47.326687765947256, -15.668164676995449 ], [ -47.326112360602963, -15.669366448318016 ], [ -47.326840763740243, -15.67022133808636 ], [ -47.327799460457925, -15.670940984583089 ], [ -47.327203218718417, -15.671490687686756 ], [ -47.326769342582438, -15.671609078618435 ], [ -47.326842887873219, -15.671882784958507 ], [ -47.327496963437589, -15.672257397167581 ], [ -47.327757001890276, -15.672708247909149 ], [ -47.327503211758398, -15.673027840278758 ], [ -47.327612181772643, -15.673448528183791 ], [ -47.327338302186348, -15.673642251912794 ], [ -47.327364793965579, -15.674751394938559 ], [ -47.327198623408748, -15.675282615285926 ], [ -47.328283625947094, -15.675889520939545 ], [ -47.328457201258772, -15.676879980775686 ], [ -47.327882978324361, -15.677557434262804 ], [ -47.328315588430577, -15.677622272549597 ], [ -47.328541700288369, -15.67707542112918 ], [ -47.329128827094621, -15.676997187961758 ], [ -47.328572555550693, -15.678646017226976 ], [ -47.327890536555714, -15.678562652640558 ], [ -47.328192529484873, -15.678905137098026 ], [ -47.329031870745759, -15.678971671301017 ], [ -47.328881563738641, -15.679609144585616 ], [ -47.32898214098968, -15.679911160325094 ], [ -47.330023435103264, -15.679852138796608 ], [ -47.330279801062908, -15.680507874245952 ], [ -47.330705395415514, -15.680214115646795 ], [ -47.330700055987386, -15.679696307688964 ], [ -47.331778866918938, -15.680264023610114 ], [ -47.332005739972814, -15.681075581622784 ], [ -47.331482182170866, -15.682459800430026 ], [ -47.331660298204923, -15.683068604316965 ], [ -47.331376681376277, -15.683632857267716 ], [ -47.330906376936618, -15.683406497888287 ], [ -47.329831525424503, -15.684015960010619 ], [ -47.329677017329061, -15.68359844228028 ], [ -47.329157822630677, -15.684747579069725 ], [ -47.328696206470269, -15.68419750446057 ], [ -47.329170162732709, -15.683367153471563 ], [ -47.32872827774149, -15.683240470230382 ], [ -47.328135043651486, -15.68333753011008 ], [ -47.327839459265114, -15.68433198590415 ], [ -47.328380688412096, -15.685288531546965 ], [ -47.328376999852566, -15.686041370278422 ], [ -47.327901797378502, -15.686160106937944 ], [ -47.32792933900825, -15.686339762592773 ], [ -47.328299706485225, -15.686496648249065 ], [ -47.327735122537419, -15.686672588395613 ], [ -47.327831282187468, -15.686980628384598 ], [ -47.327689853512261, -15.687330330054547 ], [ -47.329810406014545, -15.687927532957673 ], [ -47.329461620435382, -15.688310874550716 ], [ -47.328578088638629, -15.688298571399098 ], [ -47.32818907412085, -15.688484131854457 ], [ -47.328143454704453, -15.688895865256162 ], [ -47.327763615412834, -15.688471542897645 ], [ -47.325822461608873, -15.688962745819437 ], [ -47.325609735521581, -15.688449313939891 ], [ -47.324564843250869, -15.688787546312499 ], [ -47.323935238147726, -15.68878404283166 ], [ -47.323215524392452, -15.689440429722891 ], [ -47.323008637489288, -15.689358741544428 ], [ -47.322937922391951, -15.688740274057688 ], [ -47.322770840364129, -15.688621887178821 ], [ -47.322399773913169, -15.688652302935528 ], [ -47.321733995042273, -15.689128027389103 ], [ -47.321381079539634, -15.688416618989031 ], [ -47.321830281491081, -15.687607574900158 ], [ -47.321324083575405, -15.686761774459386 ], [ -47.321110688727728, -15.686937507746485 ], [ -47.32096118130427, -15.687707542496209 ], [ -47.320750644808449, -15.687690722517788 ], [ -47.320288060349839, -15.687151229436475 ], [ -47.320363184780135, -15.687940461840556 ], [ -47.319469448833722, -15.688238213112191 ], [ -47.319741795939059, -15.689029352681271 ], [ -47.319194735641467, -15.689039236509689 ], [ -47.319353810847517, -15.689322891827807 ], [ -47.319238750705111, -15.689454711681137 ], [ -47.318458156318947, -15.689180673041253 ], [ -47.318329823879338, -15.68968000356629 ], [ -47.31849251155765, -15.690234721930352 ], [ -47.317802317090731, -15.690261923704243 ], [ -47.31767781712491, -15.691583924997417 ], [ -47.318367422798019, -15.692058757736902 ], [ -47.318431133950625, -15.692282177014354 ], [ -47.317882768172545, -15.692450581285829 ], [ -47.316790025315782, -15.691970996494394 ], [ -47.317113423851595, -15.692747604436546 ], [ -47.317598394657864, -15.69325134316918 ], [ -47.316482606729771, -15.693573924850517 ], [ -47.31646223655865, -15.694263278559683 ], [ -47.315801490662913, -15.694403687922792 ], [ -47.316178275108548, -15.694807391794949 ], [ -47.315900668365067, -15.695124290270709 ], [ -47.31531452446395, -15.695183866470298 ], [ -47.314829043876372, -15.69440225741068 ], [ -47.314384202646778, -15.694733395718799 ], [ -47.313489520660028, -15.694910596508441 ], [ -47.313406148293069, -15.695442957291034 ], [ -47.313868571471922, -15.696008233985003 ], [ -47.313653041211602, -15.696138697155208 ], [ -47.31285802060723, -15.696038269111448 ], [ -47.312977804150748, -15.696625859167568 ], [ -47.31249437179136, -15.697273820794686 ], [ -47.313038755757916, -15.697548727114683 ], [ -47.312766870489028, -15.697859757463602 ], [ -47.312839579504683, -15.698034437281041 ], [ -47.313793256818755, -15.698318610227258 ], [ -47.313362716539558, -15.699040639072066 ], [ -47.313413091871581, -15.699679491447029 ], [ -47.313033226389152, -15.699891770500152 ], [ -47.313550954368289, -15.699919477566993 ], [ -47.313792353730662, -15.700497883329673 ], [ -47.314106263192905, -15.700374063776644 ], [ -47.31429087577451, -15.700577136643044 ], [ -47.31380546352338, -15.700975027113971 ], [ -47.313978850566507, -15.701573829560052 ], [ -47.313598464992829, -15.701435693714206 ], [ -47.313522064785296, -15.701567121228875 ], [ -47.314421708325099, -15.702391860168976 ], [ -47.314431168953966, -15.702612631060815 ], [ -47.314049034532253, -15.702939329048517 ], [ -47.314416722467364, -15.703451657167106 ], [ -47.31361316025972, -15.703364900090723 ], [ -47.31350335944699, -15.70357972682126 ], [ -47.313683125022365, -15.703926368714159 ], [ -47.31410795631971, -15.703842128202279 ], [ -47.314321144388273, -15.704151536263709 ], [ -47.314306075707272, -15.704505665221056 ], [ -47.313888757856276, -15.704766620277139 ], [ -47.314634651860196, -15.704661295611398 ], [ -47.314851619922244, -15.704900780600687 ], [ -47.314703730829002, -15.705138564844173 ], [ -47.313928430907708, -15.705384640995394 ], [ -47.313306689288645, -15.706173698074769 ], [ -47.313830794259921, -15.706352500859049 ], [ -47.314470805580328, -15.706045098872449 ], [ -47.314634476203921, -15.706154210753866 ], [ -47.314056684777377, -15.706892049194908 ], [ -47.313003369005457, -15.706991670063266 ], [ -47.313783263003351, -15.707332733535321 ], [ -47.313561702628107, -15.7079016362174 ], [ -47.314157163177846, -15.707792238375095 ], [ -47.313804508551478, -15.708460842058551 ], [ -47.314055946449123, -15.709016959272523 ], [ -47.313950963205201, -15.709488608250362 ], [ -47.314639260948312, -15.709068540890705 ], [ -47.315135164830082, -15.70939768481 ], [ -47.31552948099673, -15.709951610634677 ], [ -47.315545035755946, -15.710234942376266 ], [ -47.315013917172784, -15.710554730332785 ], [ -47.314095953553029, -15.710280624573986 ], [ -47.313835075487546, -15.711038206133578 ], [ -47.314322795065358, -15.711472633760181 ], [ -47.315108422636605, -15.711829812362833 ], [ -47.315016951624536, -15.712819063074946 ], [ -47.315976736673825, -15.712952175617744 ], [ -47.315829010329054, -15.713286947128008 ], [ -47.315385139232539, -15.713442397689327 ], [ -47.315491378360413, -15.714276132239533 ], [ -47.315246520876443, -15.715366278934956 ], [ -47.315971007593816, -15.716301340551343 ], [ -47.316385780358253, -15.716343039052603 ], [ -47.316887329017277, -15.716072971494784 ], [ -47.317526371496669, -15.716487498508521 ], [ -47.317784239668015, -15.717168784550957 ], [ -47.318267598236737, -15.71691253160496 ], [ -47.318550149286907, -15.716964901228744 ], [ -47.318778928598, -15.718120052158506 ], [ -47.319347982674351, -15.717700077479998 ], [ -47.319697833944069, -15.717797089508394 ], [ -47.319927562833364, -15.718428284054198 ], [ -47.31943866954861, -15.718959577997758 ], [ -47.31942067404065, -15.719208792999773 ], [ -47.320905577383954, -15.718609503502808 ], [ -47.320862221691414, -15.719098235647463 ], [ -47.320415965376633, -15.719355480456288 ], [ -47.320265185620897, -15.720516349823539 ], [ -47.320365025483554, -15.720950811711912 ], [ -47.320869331148586, -15.721014725654188 ], [ -47.321054974802429, -15.72132365914198 ], [ -47.321052374911346, -15.722463780511228 ], [ -47.320734066159126, -15.722644836467703 ], [ -47.320814758502067, -15.722998558926548 ], [ -47.319786471939636, -15.723130626777442 ], [ -47.319465374047759, -15.72391589189778 ], [ -47.318930200075627, -15.723654327274694 ], [ -47.318109763360575, -15.72492679259426 ], [ -47.318112693018243, -15.725224300302257 ], [ -47.318582801430892, -15.725711613891038 ], [ -47.31867839901107, -15.726203377278761 ], [ -47.319013592338223, -15.726321950217528 ], [ -47.319467467203985, -15.726117346648072 ], [ -47.319493666415617, -15.726679016478236 ], [ -47.319367786582148, -15.726823905221639 ], [ -47.31862064411132, -15.726621080595057 ], [ -47.318446519274474, -15.726714573426715 ], [ -47.318380910077934, -15.727141731489391 ], [ -47.317971285891183, -15.727721569098915 ], [ -47.31807311612873, -15.727917421652421 ], [ -47.318845332147163, -15.728222013313738 ], [ -47.317790614182108, -15.728743065342739 ], [ -47.317445022273638, -15.729659906496831 ], [ -47.317554230836869, -15.730449211782162 ], [ -47.317933875238353, -15.731014644858886 ], [ -47.317210258613684, -15.731061913569819 ], [ -47.31703143060053, -15.731406034421356 ], [ -47.317176208889101, -15.731778874227132 ], [ -47.317898996155186, -15.731444157663073 ], [ -47.318490705891129, -15.731813843349595 ], [ -47.318506783614652, -15.732068028961864 ], [ -47.318069883974026, -15.732697955605495 ], [ -47.318253648681306, -15.732950654825091 ], [ -47.318784024157701, -15.732845772763838 ], [ -47.319044525741731, -15.732152899183445 ], [ -47.319281078579593, -15.732164447836769 ], [ -47.319240116120604, -15.733661158373257 ], [ -47.318932328055745, -15.734318741403634 ], [ -47.319224339142963, -15.734794179122879 ], [ -47.319288173766836, -15.735379908480445 ], [ -47.318904433816613, -15.735540674621825 ], [ -47.318273680635613, -15.734253215849016 ], [ -47.318049629506312, -15.734111092003387 ], [ -47.317676068086612, -15.734187080101822 ], [ -47.31733762448885, -15.734746409851319 ], [ -47.317498647053341, -15.735889530877639 ], [ -47.317302083176138, -15.735953097731636 ], [ -47.317001792673132, -15.735439432514488 ], [ -47.316717062438308, -15.735556091653759 ], [ -47.316772385922448, -15.736007164821862 ], [ -47.31731021181286, -15.736574290019808 ], [ -47.317269329976945, -15.736805618302286 ], [ -47.316947117439334, -15.73692602719434 ], [ -47.316375882769748, -15.736413745502006 ], [ -47.31560572277747, -15.73628944407792 ], [ -47.315478920958277, -15.737201704315682 ], [ -47.314645064945097, -15.737133152145166 ], [ -47.313645603721582, -15.738105334517286 ], [ -47.313971874149743, -15.738953704637861 ], [ -47.314598102575133, -15.738999251353921 ], [ -47.314108004926325, -15.739727845923337 ], [ -47.314961624045786, -15.740032441170936 ], [ -47.314638937417335, -15.740276261834801 ], [ -47.313493313201647, -15.740372455945705 ], [ -47.313535173161846, -15.740742266214738 ], [ -47.314068462137932, -15.741051490629575 ], [ -47.31390792512304, -15.741376522743487 ], [ -47.314160661496715, -15.741558580706917 ], [ -47.313039452941211, -15.742057209128768 ], [ -47.313449200439457, -15.742693810091014 ], [ -47.313997698540973, -15.742530440213832 ], [ -47.31447065849374, -15.743006392721044 ], [ -47.314964400255654, -15.74269354686356 ], [ -47.315241248495354, -15.742830287664761 ], [ -47.315158035378147, -15.743108123341319 ], [ -47.314527110609426, -15.743573328440561 ], [ -47.314157817675941, -15.744512520594487 ], [ -47.313673496278327, -15.744881864220575 ], [ -47.314412431819591, -15.74521940779564 ], [ -47.314247361550493, -15.746527031282788 ], [ -47.314527856013584, -15.746653491462189 ], [ -47.314688957602662, -15.74629874336506 ], [ -47.314883967781327, -15.746402434174954 ], [ -47.314963539197848, -15.747495406326935 ], [ -47.314833028792918, -15.747607961798959 ], [ -47.31436600680253, -15.747404340649119 ], [ -47.314495896745989, -15.747884659299254 ], [ -47.314978183672892, -15.748081990749164 ], [ -47.316206205738176, -15.747705768145551 ], [ -47.316072520858071, -15.746425249846197 ], [ -47.316201565803347, -15.746069282416482 ], [ -47.31645707684897, -15.745954148859942 ], [ -47.317041126449361, -15.746693189874406 ], [ -47.317366138718327, -15.747476133536139 ], [ -47.317359681072503, -15.747767518780933 ], [ -47.316902133407602, -15.747771047207621 ], [ -47.317092531481677, -15.748320712166779 ], [ -47.317835925679468, -15.748999771165703 ], [ -47.319034387680148, -15.749645735477991 ], [ -47.318929053486755, -15.750090269424577 ], [ -47.317997921203904, -15.750292428190237 ], [ -47.317912502569527, -15.750620028130765 ], [ -47.318632043948661, -15.75104243833553 ], [ -47.318434210075054, -15.752243868428145 ], [ -47.318860118738542, -15.751878287245683 ], [ -47.319073239666949, -15.751891787505109 ], [ -47.320034720844085, -15.75326909102 ], [ -47.320016560626058, -15.753866743403556 ], [ -47.319409361302782, -15.754132812207454 ], [ -47.319418944029067, -15.75471626372623 ], [ -47.320372576291305, -15.755438080089011 ], [ -47.321928301298264, -15.754730881084713 ], [ -47.322344600193532, -15.754346628895622 ], [ -47.322588424199303, -15.754450958872509 ], [ -47.322229712358009, -15.754997500204064 ], [ -47.322142840286958, -15.755612788617018 ], [ -47.321374130502647, -15.7556723324535 ], [ -47.321052103781938, -15.755957317469008 ], [ -47.320975057580348, -15.756362782751266 ], [ -47.321185150526688, -15.7571193181433 ], [ -47.321875556991095, -15.757696577642248 ], [ -47.321886366799873, -15.757961709586965 ], [ -47.322673322204182, -15.757914029877885 ], [ -47.32285003134789, -15.758557497475405 ], [ -47.323074771553124, -15.758517531709543 ], [ -47.323221712431426, -15.758030557930736 ], [ -47.323728119733566, -15.758040181493561 ], [ -47.324013001649519, -15.75946596795303 ], [ -47.32461050622377, -15.75990482379409 ], [ -47.324522144921438, -15.760238881840149 ], [ -47.323956731110961, -15.760843712490605 ], [ -47.324054021949273, -15.761109523351831 ], [ -47.324493222256756, -15.761327711220787 ], [ -47.324340016712114, -15.761971893907024 ], [ -47.325168022043101, -15.761621244098217 ], [ -47.325579362595455, -15.760881175374157 ], [ -47.325972822966662, -15.761017560547856 ], [ -47.325876972161907, -15.761546299631258 ], [ -47.325396032378514, -15.762004343990952 ], [ -47.326251630858017, -15.76250531767656 ], [ -47.325697216083988, -15.763077616955732 ], [ -47.326350724425154, -15.763115034929253 ], [ -47.327009652270107, -15.764267045791614 ], [ -47.326933103032069, -15.76482099374488 ], [ -47.326367474633784, -15.764995545551411 ], [ -47.32642036033301, -15.765215467490188 ], [ -47.327073129487211, -15.765135993052828 ], [ -47.327322694002127, -15.765363518004005 ], [ -47.327181391503181, -15.765637597392271 ], [ -47.326540212515305, -15.766057867126683 ], [ -47.326547031842694, -15.766328068062066 ], [ -47.327291822409677, -15.766383904271636 ], [ -47.327609008714568, -15.765753127070722 ], [ -47.328294566032568, -15.765657808094744 ], [ -47.328672021183841, -15.766081931266129 ], [ -47.328635872341479, -15.766925928145248 ], [ -47.329042939660049, -15.76669076538721 ], [ -47.329341903367286, -15.766981389353509 ], [ -47.329289036042042, -15.767970134646248 ], [ -47.32985916221827, -15.76924006314551 ], [ -47.328336282214416, -15.769668537556552 ], [ -47.328349742156036, -15.769859730664521 ], [ -47.328931389917166, -15.770280832331554 ], [ -47.328228515467771, -15.771337227971138 ], [ -47.327588783180353, -15.771496509737615 ], [ -47.327421701520564, -15.771975253459996 ], [ -47.327469260214549, -15.772190008071631 ], [ -47.32771224241808, -15.772278179613522 ], [ -47.3283437534824, -15.772154411892727 ], [ -47.328546461283871, -15.772275074042524 ], [ -47.328598783724331, -15.773231845292273 ], [ -47.32880881822372, -15.773495347774089 ], [ -47.329110254995349, -15.773277976821202 ], [ -47.329272170421262, -15.772621535248925 ], [ -47.329496615985697, -15.772578404105749 ], [ -47.329833469182248, -15.773244104816698 ], [ -47.329062212336595, -15.773797115344363 ], [ -47.329063768719429, -15.774145868243021 ], [ -47.329975366217013, -15.773899477229962 ], [ -47.330580895074391, -15.773987979750064 ], [ -47.330941264484473, -15.773520036207138 ], [ -47.331361297289241, -15.773663793301946 ], [ -47.331332894471927, -15.774448308878265 ], [ -47.330277289175541, -15.775120953665004 ], [ -47.330536106989129, -15.775360490303331 ], [ -47.330960875749938, -15.775283769253035 ], [ -47.331078273200212, -15.775425572859811 ], [ -47.330778325348092, -15.776578784387773 ], [ -47.33134028551347, -15.778291331656186 ], [ -47.330826634853949, -15.779355062304116 ], [ -47.330811435165437, -15.779950497277015 ], [ -47.331018633904733, -15.780154668497417 ], [ -47.331456294911099, -15.779938934635958 ], [ -47.33145280333536, -15.779343248530097 ], [ -47.331575588705654, -15.779295407025373 ], [ -47.332641427695087, -15.7801437274526 ], [ -47.332972195883642, -15.781562510283248 ], [ -47.333192098975196, -15.781570278082999 ], [ -47.33352020177977, -15.781054880577795 ], [ -47.334120714975441, -15.781151897301179 ], [ -47.334402662459517, -15.781296802268191 ], [ -47.33442788181766, -15.781835073087075 ], [ -47.334593938495217, -15.782016424344917 ], [ -47.335174824260619, -15.782029500738416 ], [ -47.336070728842358, -15.78136759803594 ], [ -47.336226784663751, -15.781404332809771 ], [ -47.336740730388293, -15.782595065824443 ], [ -47.336284672416681, -15.782748258616117 ], [ -47.336500808669619, -15.783315062009779 ], [ -47.335536110843734, -15.783578303769168 ], [ -47.335557661382339, -15.78379364066425 ], [ -47.336006449913135, -15.784108769789851 ], [ -47.335621845107859, -15.784398287127017 ], [ -47.335286046752714, -15.785350669154187 ], [ -47.335431229533846, -15.785496664308125 ], [ -47.335846769006658, -15.785468885368676 ], [ -47.33617309000352, -15.784879718614633 ], [ -47.33665764912007, -15.784694381015123 ], [ -47.336780154617081, -15.784922958842442 ], [ -47.336561418871035, -15.785622032138518 ], [ -47.336824397690201, -15.786187212687651 ], [ -47.337126393409136, -15.785035310275809 ], [ -47.337397445615409, -15.784858376948739 ], [ -47.337673122816788, -15.784963548730474 ], [ -47.337433332539014, -15.786764159268486 ], [ -47.338186888296612, -15.787627173225781 ], [ -47.338563809129475, -15.787403109269825 ], [ -47.33867121792737, -15.788027381163415 ], [ -47.339083530684334, -15.788274713951802 ], [ -47.338959166131048, -15.788969401782529 ], [ -47.339087294054458, -15.789918928098569 ], [ -47.33873008052484, -15.790665665905882 ], [ -47.338891761285147, -15.790730652924674 ], [ -47.3396217032926, -15.790308791017296 ], [ -47.340068123588097, -15.790723537499899 ], [ -47.339888937395628, -15.791005559834609 ], [ -47.339123746119448, -15.791029615930302 ], [ -47.338849249599306, -15.791354030717544 ], [ -47.33994847983287, -15.792588633633541 ], [ -47.339177078419063, -15.792983270475304 ], [ -47.3400549229181, -15.79453475483777 ], [ -47.340043795470955, -15.794734147463346 ], [ -47.339495698033026, -15.794798327901136 ], [ -47.339477346506477, -15.794996668179831 ], [ -47.339691452976091, -15.79517375233627 ], [ -47.340271842518554, -15.795071942376273 ], [ -47.340512906307879, -15.794818751091238 ], [ -47.340635764239153, -15.794285762695852 ], [ -47.340993381955329, -15.795432205637185 ], [ -47.341226839884833, -15.795495112416729 ], [ -47.341416397258413, -15.795281138509962 ], [ -47.341180192905732, -15.794213558883525 ], [ -47.341367446885641, -15.794090447051097 ], [ -47.341740070593957, -15.794489012219758 ], [ -47.341665483916849, -15.795016676311878 ], [ -47.342445919008142, -15.794954032965183 ], [ -47.342463513382889, -15.795184137073665 ], [ -47.342118437973141, -15.79560695477929 ], [ -47.342636830013092, -15.796190172675079 ], [ -47.342666946823812, -15.796522609184779 ], [ -47.342198208020562, -15.796611747125748 ], [ -47.341816746403765, -15.79783438057609 ], [ -47.342010151262755, -15.798119177245622 ], [ -47.34246222689363, -15.79730022636744 ], [ -47.343346096699577, -15.796965369085763 ], [ -47.343655051078684, -15.796227197448534 ], [ -47.344081362266536, -15.795960891345867 ], [ -47.344515006739812, -15.797263006406599 ], [ -47.344936901326506, -15.797383315788899 ], [ -47.345085083758676, -15.797158008723446 ], [ -47.345185272215282, -15.797290555837321 ], [ -47.345240924963321, -15.797743104912657 ], [ -47.344879617308521, -15.7987194679789 ], [ -47.345697359095432, -15.797853899967425 ], [ -47.34586956641467, -15.797800036638527 ], [ -47.346012288938702, -15.797979900697412 ], [ -47.345950234414026, -15.798642602935924 ], [ -47.345287330553141, -15.798997246222093 ], [ -47.344643336201102, -15.800117257723279 ], [ -47.34497000752463, -15.800765136880059 ], [ -47.345093382652585, -15.801818044788179 ], [ -47.345284509523317, -15.801742071370599 ], [ -47.345518009224051, -15.800669872752009 ], [ -47.345960220165395, -15.80101471687678 ], [ -47.346061236256517, -15.802013881919883 ], [ -47.345443880591297, -15.80251188733523 ], [ -47.345511798489056, -15.802960626578054 ], [ -47.345795529396824, -15.803234279603343 ], [ -47.346739683270684, -15.803510385367931 ], [ -47.346590338577208, -15.803890797963797 ], [ -47.346744588551161, -15.803988117509615 ], [ -47.346982018901222, -15.803790285530761 ], [ -47.347138993654262, -15.802999809581779 ], [ -47.347546000625414, -15.802826730773006 ], [ -47.347695238942499, -15.802878771802661 ], [ -47.347701966885673, -15.803635179613053 ], [ -47.347894375028218, -15.804007796534735 ], [ -47.34814792761874, -15.803968270141656 ], [ -47.348668661529288, -15.803383713453686 ], [ -47.349605091289199, -15.803877586132803 ], [ -47.349497797460067, -15.805444762349129 ], [ -47.348929790613781, -15.805779379585129 ], [ -47.34822281106635, -15.805667800934293 ], [ -47.34807809671107, -15.805901919897918 ], [ -47.348236236714129, -15.806180457320043 ], [ -47.349388624935791, -15.806204336585489 ], [ -47.348490362667377, -15.80682255315706 ], [ -47.348458095789887, -15.808141236703316 ], [ -47.348907029389075, -15.80850158480847 ], [ -47.349308338278519, -15.807798030923173 ], [ -47.350249712992422, -15.807808619234814 ], [ -47.350256628810918, -15.808850330565114 ], [ -47.349982253307196, -15.809799914091625 ], [ -47.350076923167748, -15.810237601851899 ], [ -47.350561799937772, -15.810704236797811 ], [ -47.351096748499842, -15.810612757547293 ], [ -47.351018741812275, -15.811480664892914 ], [ -47.351693680987509, -15.811248095367858 ], [ -47.351849890309737, -15.811540709495748 ], [ -47.351743694771223, -15.81190316121023 ], [ -47.352165451613942, -15.811890925087758 ], [ -47.352507804199419, -15.812337625033379 ], [ -47.352506070822443, -15.812701935056072 ], [ -47.352758443828584, -15.813053690669282 ], [ -47.352617063417263, -15.813628102093309 ], [ -47.353026709470299, -15.813782835662002 ], [ -47.352831710635108, -15.814455998611663 ], [ -47.352218406285253, -15.814446321078162 ], [ -47.352132408922174, -15.814671729977761 ], [ -47.35283483945539, -15.815087628871625 ], [ -47.3544111106755, -15.814027348367757 ], [ -47.354610468750359, -15.815634040574015 ], [ -47.355231852845996, -15.81606043118218 ], [ -47.354379043973637, -15.816591922041846 ], [ -47.35305811466629, -15.816940961856252 ], [ -47.352966970824852, -15.818145195503517 ], [ -47.35343434114484, -15.818444420133053 ], [ -47.354448024441211, -15.817815157339467 ], [ -47.354921861978347, -15.817024183995279 ], [ -47.355177001373015, -15.817037531744992 ], [ -47.355452918224415, -15.817761657956598 ], [ -47.356168122594113, -15.818804511036507 ], [ -47.355761490404511, -15.819617327822604 ], [ -47.354940230869843, -15.82009542941301 ], [ -47.354838250459316, -15.820376043421547 ], [ -47.356184359109541, -15.820272322856235 ], [ -47.356604641026429, -15.819581149113775 ], [ -47.356966442691032, -15.819746988920464 ], [ -47.356854005682628, -15.820135972530258 ], [ -47.355927597393766, -15.820769918451038 ], [ -47.355833720341472, -15.821162371694586 ], [ -47.355375082444183, -15.820899108967913 ], [ -47.354589566060717, -15.821449731840797 ], [ -47.354635616443204, -15.822135494985567 ], [ -47.355435124932868, -15.823487378908196 ], [ -47.355958627689034, -15.823536919679411 ], [ -47.357136980181053, -15.822222089942498 ], [ -47.357991146423885, -15.822053725810209 ], [ -47.358269759514172, -15.822239946921588 ], [ -47.358184845816901, -15.82272272722466 ], [ -47.357946641300963, -15.822953693339448 ], [ -47.357100375327263, -15.823000048089126 ], [ -47.357152784447536, -15.823953983480248 ], [ -47.357430280794254, -15.824161439325328 ], [ -47.358011265418014, -15.824117751637445 ], [ -47.359165185199451, -15.823699262210749 ], [ -47.359596568620375, -15.823037889388203 ], [ -47.359452014014614, -15.822863866207442 ], [ -47.358830162921691, -15.82304963753365 ], [ -47.358835151572201, -15.822750351171459 ], [ -47.359514767942635, -15.822151279818367 ], [ -47.359944985537226, -15.821461101028687 ], [ -47.360678734410911, -15.821434136776638 ], [ -47.360941003157876, -15.821676260946958 ], [ -47.360952238994265, -15.822151113026662 ], [ -47.360293665405727, -15.823399335035058 ], [ -47.36033679664525, -15.823672995719946 ], [ -47.361075428675996, -15.824228217940215 ], [ -47.363040070322327, -15.824869155092582 ], [ -47.362803979838297, -15.825900148889902 ], [ -47.362151371599225, -15.826835045613075 ], [ -47.362293661017397, -15.827388433811842 ], [ -47.363390895726972, -15.827834629826093 ], [ -47.364152134123778, -15.827930939617215 ], [ -47.364856861407027, -15.82786972073564 ], [ -47.365936677125497, -15.827357987912283 ], [ -47.366264976897156, -15.827360964802317 ], [ -47.367370470581783, -15.828385999675383 ], [ -47.367398225892913, -15.828815703355808 ], [ -47.366671505572207, -15.829465312428228 ], [ -47.366700170928766, -15.83011563072551 ], [ -47.366123941232665, -15.830086083344137 ], [ -47.365926828285517, -15.830314854377518 ], [ -47.366124660712742, -15.831221012329527 ], [ -47.365862247911231, -15.831924444120373 ], [ -47.366033542066027, -15.831952958815268 ], [ -47.366452936424409, -15.831560177707841 ], [ -47.366600939306302, -15.831842171300684 ], [ -47.365646075986582, -15.832968804881226 ], [ -47.366342134178019, -15.833206213040143 ], [ -47.36657227233313, -15.833503993859498 ], [ -47.366264620013744, -15.83367288729427 ], [ -47.365589414628722, -15.833487831851279 ], [ -47.364934735212401, -15.83385909509186 ], [ -47.364886307061674, -15.834054750449759 ], [ -47.366088878684316, -15.83439006452322 ], [ -47.366288742213264, -15.834610622214093 ], [ -47.366164537075456, -15.835162984487576 ], [ -47.365394944330724, -15.835154466354949 ], [ -47.366047844020031, -15.837533718476573 ], [ -47.366380031163018, -15.837378964118743 ], [ -47.366760266880839, -15.835977114570383 ], [ -47.367072831506462, -15.8355692367779 ], [ -47.367409230595158, -15.835425107116196 ], [ -47.368033373909547, -15.835669423379706 ], [ -47.367811041306453, -15.836084311755391 ], [ -47.367967450007455, -15.836736148762983 ], [ -47.367830385120115, -15.837460501818301 ], [ -47.367470418481517, -15.837507188796806 ], [ -47.367022071502099, -15.837270508877822 ], [ -47.366867802991493, -15.837406810951737 ], [ -47.366952909990765, -15.838564233177946 ], [ -47.367218284585142, -15.838956178486473 ], [ -47.367524142481997, -15.83905221720117 ], [ -47.367676425179212, -15.838227816921622 ], [ -47.367904389973219, -15.83805476041749 ], [ -47.368153793731587, -15.838122825445748 ], [ -47.368138239467115, -15.838798803106229 ], [ -47.36776782776937, -15.839303835040882 ], [ -47.367989579700726, -15.840130085858332 ], [ -47.369501266030412, -15.841051110752002 ], [ -47.370397916504153, -15.841359326676695 ], [ -47.370396765136341, -15.84154154616637 ], [ -47.369877221948144, -15.841761733654392 ], [ -47.368969197404063, -15.841513249500155 ], [ -47.368462370214175, -15.841829990315462 ], [ -47.368287058956447, -15.842157126921881 ], [ -47.368385147707869, -15.843080959278858 ], [ -47.369618990644604, -15.845046642477275 ], [ -47.370288516011698, -15.845541883579902 ], [ -47.370707589203548, -15.845520544872965 ], [ -47.371137559546277, -15.846232346042829 ], [ -47.371459444276418, -15.84578182950561 ], [ -47.371721895780333, -15.846001874500114 ], [ -47.372169519685947, -15.845982784119972 ], [ -47.372222534026321, -15.846309644721249 ], [ -47.372410003262395, -15.846052698462305 ], [ -47.373125726097449, -15.845851115886747 ], [ -47.372747011278626, -15.845374413756696 ], [ -47.372740542177155, -15.845012954165377 ], [ -47.373701610065517, -15.844582185273012 ], [ -47.373847915906317, -15.844933812190174 ], [ -47.374292767811689, -15.844956782810241 ], [ -47.374007346792219, -15.845315778188043 ], [ -47.374999869254026, -15.845685019171851 ], [ -47.375253467021196, -15.846058578079761 ], [ -47.375214952486651, -15.845578320722209 ], [ -47.375372882306976, -15.845392587005215 ], [ -47.376051879151085, -15.846242801126182 ], [ -47.376268211417838, -15.846294000180773 ], [ -47.376195220849404, -15.845859258348229 ], [ -47.376332351650241, -15.845781015031832 ], [ -47.376951298335705, -15.846631520259919 ], [ -47.377394877594234, -15.846810262724635 ], [ -47.377563816622633, -15.846531947745731 ], [ -47.377437709805832, -15.84618644807289 ], [ -47.377655567221865, -15.846132241598665 ], [ -47.378107141194839, -15.846554773311784 ], [ -47.378355358136943, -15.847147716467719 ], [ -47.37855625074323, -15.847215703957186 ], [ -47.378987419486698, -15.847053431393139 ], [ -47.37881221798807, -15.846684048951239 ], [ -47.379039027113222, -15.846324137018877 ], [ -47.379349645849175, -15.846311593398166 ], [ -47.380107278334037, -15.84708280641655 ], [ -47.380830583749514, -15.846445738789178 ], [ -47.380864559519239, -15.845789016915448 ], [ -47.380227990182611, -15.845604857872049 ], [ -47.380341432147006, -15.845454743440719 ], [ -47.381048506641982, -15.845424033090548 ], [ -47.381345702223584, -15.845722143219458 ], [ -47.38251095249673, -15.845416378678635 ], [ -47.382483870342334, -15.845711613544513 ], [ -47.382331161328764, -15.845676406735342 ], [ -47.382357148354856, -15.846619830113843 ], [ -47.383275960783955, -15.847105056733771 ], [ -47.383833777216104, -15.847049053266945 ], [ -47.383560711362293, -15.846594875160601 ], [ -47.384146418114241, -15.846576836960011 ], [ -47.384280496337617, -15.846375726210686 ], [ -47.385290977122409, -15.845994554430336 ], [ -47.38583563570473, -15.847668048469608 ], [ -47.387101526089175, -15.85687448200648 ], [ -47.423020250288637, -15.864152171120953 ], [ -47.424391960020643, -15.864109640523298 ], [ -47.425729689988771, -15.863848681381382 ], [ -47.451774388187765, -15.857806069531474 ], [ -47.453202941346845, -15.857685880885123 ], [ -47.454598028251446, -15.857855099611488 ], [ -47.456051209774053, -15.858369277590242 ], [ -47.463182173938748, -15.862580194195306 ], [ -47.465048962543825, -15.863100033602613 ], [ -47.466468682808006, -15.863145224003647 ], [ -47.515345856470965, -15.853430543612557 ], [ -47.516776664951188, -15.853177876231497 ], [ -47.518218601876939, -15.85314868467767 ], [ -47.519957339059438, -15.853537200157625 ], [ -47.521114177274917, -15.854105846897214 ], [ -47.553479637402511, -15.871564349973434 ], [ -47.555009781101859, -15.872176166982246 ], [ -47.55662263274003, -15.87238267010834 ], [ -47.558151406333273, -15.872253509665375 ], [ -47.603080165529263, -15.85889647049296 ], [ -47.60435275973402, -15.858782862885759 ], [ -47.605915868705715, -15.858982787875522 ], [ -47.621052187496261, -15.863046439717602 ], [ -47.64219435318828, -15.788972425302552 ], [ -47.663512443265454, -15.751001332514782 ], [ -47.664287528448888, -15.749015741917685 ], [ -47.664484635735157, -15.747529833525059 ], [ -47.664351573881, -15.745723986389313 ], [ -47.660456374208152, -15.727425205150245 ], [ -47.662756196866319, -15.726956355308937 ], [ -47.663760188463947, -15.727030747886928 ], [ -47.664711468883183, -15.727324871356489 ], [ -47.670300478809125, -15.730737785951602 ], [ -47.673756792440386, -15.734059211394243 ], [ -47.674675846006004, -15.734367962234952 ], [ -47.675784226253931, -15.734244292772585 ], [ -47.675582501236519, -15.733904444111559 ], [ -47.674736881655939, -15.733473813595124 ], [ -47.674521473540835, -15.733141629065878 ], [ -47.675435928117864, -15.732727464095829 ], [ -47.67586461767862, -15.732278926325748 ], [ -47.675430049688366, -15.731712309065884 ], [ -47.674608423307383, -15.731175849321481 ], [ -47.675494675326078, -15.730509189116399 ], [ -47.6751504676594, -15.730106176140859 ], [ -47.673906390672919, -15.729633393930129 ], [ -47.67367806296253, -15.729362990032273 ], [ -47.673648039288985, -15.728988291190134 ], [ -47.673935186195742, -15.728282332586218 ], [ -47.674544231908882, -15.727971252088427 ], [ -47.674550931678624, -15.727605229248535 ], [ -47.675404981039037, -15.727651615072652 ], [ -47.675643330494317, -15.726778707966352 ], [ -47.676567890285376, -15.726280074252125 ], [ -47.676745466274738, -15.725463094656364 ], [ -47.676688743586134, -15.725235014073178 ], [ -47.676184399057576, -15.724898273234063 ], [ -47.676017937322563, -15.724313306509986 ], [ -47.6761881363512, -15.723998949810742 ], [ -47.676114147488974, -15.723642574579763 ], [ -47.675688128726172, -15.72362308895295 ], [ -47.674551644614866, -15.723062130513702 ], [ -47.674614926208669, -15.722349412463926 ], [ -47.67412041985574, -15.722281500627835 ], [ -47.673892187663341, -15.722062566249162 ], [ -47.674142857958508, -15.721961518605303 ], [ -47.674845204396846, -15.722208481339933 ], [ -47.675705618399398, -15.722120774418565 ], [ -47.676193256927732, -15.722705067702281 ], [ -47.676615760309055, -15.722548118835494 ], [ -47.67638794491603, -15.722189983039959 ], [ -47.676625608459091, -15.721535673873525 ], [ -47.676495974201835, -15.721274450748455 ], [ -47.676298744636775, -15.721109064412056 ], [ -47.675768424926588, -15.721113101278995 ], [ -47.675067645559871, -15.720605149615755 ], [ -47.675355143163088, -15.719783342739742 ], [ -47.675763568319191, -15.719647341112564 ], [ -47.676195645579426, -15.719232413225829 ], [ -47.675793009663103, -15.718425799482654 ], [ -47.67571306675864, -15.717500343634168 ], [ -47.675501472871247, -15.717330356748485 ], [ -47.675025732169914, -15.717595715969832 ], [ -47.674688648629228, -15.717090370550578 ], [ -47.673948754660962, -15.717339617480874 ], [ -47.6737837899081, -15.716541548288406 ], [ -47.674108938206871, -15.716443071806303 ], [ -47.674582180002524, -15.715877497364213 ], [ -47.67508151658307, -15.71587390295511 ], [ -47.675277408049709, -15.715099861984298 ], [ -47.675819971907522, -15.71465290185767 ], [ -47.675889806543459, -15.714073835067419 ], [ -47.675639121435928, -15.713056712566859 ], [ -47.67494591773206, -15.712572953615581 ], [ -47.674374164863629, -15.711524605309062 ], [ -47.672856200968631, -15.710637041311887 ], [ -47.673382689383942, -15.710377409518832 ], [ -47.67318840163832, -15.709994750649422 ], [ -47.673267684018533, -15.709469514609042 ], [ -47.674116614304573, -15.708936495048709 ], [ -47.674265577766825, -15.709015163387605 ], [ -47.674160151547376, -15.709792098354777 ], [ -47.674555689755557, -15.709926480168079 ], [ -47.674713340443944, -15.708838775961729 ], [ -47.675422503443812, -15.708668771995256 ], [ -47.6758167428004, -15.708156586813555 ], [ -47.675795763640672, -15.707741541276144 ], [ -47.676599425864737, -15.707092422614908 ], [ -47.677742097946648, -15.707360219247322 ], [ -47.678096343175973, -15.707250999746259 ], [ -47.678455780976144, -15.707017144318051 ], [ -47.678749819202856, -15.70635741566457 ], [ -47.679586921972003, -15.706022840174018 ], [ -47.679785155252574, -15.705630976494739 ], [ -47.680179594610237, -15.705709003358065 ], [ -47.680211874322126, -15.705247359959079 ], [ -47.680522787835315, -15.705407641365017 ], [ -47.680649971398068, -15.705190175255852 ], [ -47.680987104801424, -15.705276213991358 ], [ -47.681819007454727, -15.705098909418579 ], [ -47.681990875980333, -15.704660590750203 ], [ -47.683541132627653, -15.70440629643273 ], [ -47.684260142806529, -15.703717880982541 ], [ -47.686144003819685, -15.703285560404685 ], [ -47.687403148447409, -15.703401034027765 ], [ -47.688044932371334, -15.703252414584657 ], [ -47.688325474319782, -15.703393113571536 ], [ -47.689915019878661, -15.703079092666224 ], [ -47.69121125079176, -15.701964729159405 ], [ -47.691725621315719, -15.701802692053665 ], [ -47.692244770782509, -15.701980651191837 ], [ -47.692449199420224, -15.701773612009148 ], [ -47.692678281233157, -15.701945518709799 ], [ -47.692679057190233, -15.701257127051127 ], [ -47.693545822892659, -15.701307766528766 ], [ -47.693910432556102, -15.700928076921015 ], [ -47.695064639681554, -15.700757943535653 ], [ -47.696345038423821, -15.699656224071541 ], [ -47.697124499843405, -15.699427925108408 ], [ -47.697513228318407, -15.699549753993582 ], [ -47.697841376096505, -15.699262546187345 ], [ -47.69919819003286, -15.699298981932515 ], [ -47.699301463052237, -15.699168908741248 ], [ -47.700334524782484, -15.699344728444606 ], [ -47.701383416238912, -15.69919347804081 ], [ -47.702884457188674, -15.699865586957493 ], [ -47.703274413195913, -15.700228725247303 ], [ -47.704301694346604, -15.700418234724141 ], [ -47.704877630663638, -15.699860421242988 ], [ -47.70592189067419, -15.700097455108876 ], [ -47.708171495924255, -15.700005572943336 ], [ -47.70947710683199, -15.700344336891446 ], [ -47.710423843344721, -15.699991813634428 ], [ -47.71097979001501, -15.699982565439548 ], [ -47.71113478938662, -15.699710585662459 ], [ -47.712163623672183, -15.699569922629504 ], [ -47.713281764900294, -15.699154716688422 ], [ -47.714904321441274, -15.69824249590107 ], [ -47.715663736610928, -15.698482066308324 ], [ -47.71604330509026, -15.698053026516865 ], [ -47.716510721072822, -15.698001516114125 ], [ -47.716607673885136, -15.697460868200647 ], [ -47.716813860872165, -15.697322504273757 ], [ -47.718787590713809, -15.697832671675551 ], [ -47.721745507002346, -15.696885215959126 ], [ -47.723904342561845, -15.697174541678919 ], [ -47.72765620231749, -15.698337936166846 ], [ -47.728781276969563, -15.698383301627784 ], [ -47.729216743645964, -15.698650739424082 ], [ -47.730165429244934, -15.698426958507824 ], [ -47.731384486667295, -15.698503214007539 ], [ -47.731403412244866, -15.697978014418862 ], [ -47.732723393640192, -15.697737544195901 ], [ -47.733781052383151, -15.696636667030877 ], [ -47.734984533367879, -15.695862976295691 ], [ -47.735877020925464, -15.694372853733306 ], [ -47.736455832687916, -15.694051492086611 ], [ -47.737109757694029, -15.693272262898345 ], [ -47.738494478530313, -15.692494974578398 ], [ -47.738706823854045, -15.691971870424558 ], [ -47.739534149406964, -15.691678366338849 ], [ -47.740151988000079, -15.690971660383848 ], [ -47.741271010446027, -15.689135584972359 ], [ -47.742048698291917, -15.688932331959949 ], [ -47.74252146082906, -15.688328817087266 ], [ -47.743176711130722, -15.688182151983254 ], [ -47.743789480095998, -15.687402514165113 ], [ -47.746271788830612, -15.686273066318781 ], [ -47.746624373534559, -15.685748483294084 ], [ -47.746412977172561, -15.685195319368969 ], [ -47.747098617929453, -15.682972777396168 ], [ -47.746774730111909, -15.681355015079104 ], [ -47.746862113847179, -15.680727672969093 ], [ -47.746554843580341, -15.680510222589609 ], [ -47.746026253550198, -15.679327628097681 ], [ -47.745570677396081, -15.67775727536468 ], [ -47.744349121949476, -15.676217183762359 ], [ -47.743566818238591, -15.676305086735024 ], [ -47.742125150385057, -15.675274982925307 ], [ -47.740931798109663, -15.675453966674313 ], [ -47.740719878554323, -15.675244202744899 ], [ -47.740760990500625, -15.675002180162654 ], [ -47.740203957245136, -15.674688306887989 ], [ -47.744297651543533, -15.671430247418982 ], [ -47.737880343798928, -15.664603312524122 ], [ -47.752316526683693, -15.640263792869654 ], [ -47.75300515413317, -15.639614791624146 ], [ -47.759768761668035, -15.624924016980207 ], [ -47.759815474290335, -15.623822241940074 ], [ -47.759451690116904, -15.622149213047754 ], [ -47.759471878201957, -15.621046589071414 ], [ -47.760613980075902, -15.617365392383793 ], [ -47.76278895236225, -15.615725343901696 ], [ -47.768411385847408, -15.612398260803381 ], [ -47.77345784978592, -15.608987682467989 ], [ -47.774485429511046, -15.608058348661528 ], [ -47.77490707175069, -15.606964303539641 ], [ -47.781175683901509, -15.600810608265308 ], [ -47.78049093554452, -15.593358913112818 ], [ -47.772895490512219, -15.594006008903715 ], [ -47.765610914807858, -15.592386458027175 ], [ -47.763227813301455, -15.591410625726501 ], [ -47.764552247715045, -15.589756289798558 ], [ -47.76753213298133, -15.589904845880174 ], [ -47.768874696428668, -15.589577839675147 ], [ -47.769171210639335, -15.588813456687088 ], [ -47.767037967920615, -15.588042084598035 ], [ -47.765484507056286, -15.58798585866292 ], [ -47.764605459216348, -15.587626978257699 ], [ -47.764663821021728, -15.587113272161915 ], [ -47.765219312689688, -15.586639228568297 ], [ -47.765789767846613, -15.585538407169581 ], [ -47.766078173963827, -15.583452193299047 ], [ -47.765647692197128, -15.582328620510101 ], [ -47.764637459187703, -15.58053042280851 ], [ -47.762763514888888, -15.579623995990003 ], [ -47.761023966251685, -15.579480772502064 ], [ -47.760726556940853, -15.579284110324169 ], [ -47.76071716794295, -15.578930586574309 ], [ -47.760228599896067, -15.578008130174858 ], [ -47.760482002666457, -15.576330857226814 ], [ -47.760452895472447, -15.575095455651471 ], [ -47.760677497612221, -15.57462567695117 ], [ -47.760447063384085, -15.573927500719613 ], [ -47.760142788434891, -15.573597812910911 ], [ -47.760101244045138, -15.57300994672142 ], [ -47.760408413035158, -15.572814882106822 ], [ -47.761094690016577, -15.572917548352626 ], [ -47.761323652225542, -15.572730033779502 ], [ -47.761423573414483, -15.57217543582342 ], [ -47.761701027292567, -15.572069258993617 ], [ -47.762307991101665, -15.572273303004234 ], [ -47.763189100055314, -15.571418660596409 ], [ -47.76328833223176, -15.571248094159962 ], [ -47.763001152639312, -15.57050182013794 ], [ -47.762470669275665, -15.569668068792522 ], [ -47.762332435734422, -15.567807937972535 ], [ -47.762728926012599, -15.567190344877986 ], [ -47.763855556884408, -15.566338041682259 ], [ -47.764255742736019, -15.565018264646289 ], [ -47.764767831875744, -15.564908143379203 ], [ -47.765722146482183, -15.565172911449727 ], [ -47.76675839800096, -15.56455182642706 ], [ -47.766802966139245, -15.564216194949939 ], [ -47.766385188500216, -15.563744157939968 ], [ -47.766990637262552, -15.563395272026826 ], [ -47.76679373762402, -15.562817505901609 ], [ -47.767253111996837, -15.561918487515145 ], [ -47.767283624669908, -15.561055465519781 ], [ -47.766334823915052, -15.559972294608283 ], [ -47.766383560287139, -15.55922851984284 ], [ -47.766020658849961, -15.558623319277832 ], [ -47.764674926805739, -15.55809228309078 ], [ -47.76423034324651, -15.558077643639653 ], [ -47.763805537135575, -15.558318118661392 ], [ -47.764005933090708, -15.558455035703593 ], [ -47.763899635454941, -15.559216161201688 ], [ -47.76353098401222, -15.559310979326227 ], [ -47.76259564321812, -15.558740143124052 ], [ -47.761550975144942, -15.558394288107642 ], [ -47.76118480285357, -15.557681038148724 ], [ -47.76036951018348, -15.557418230649811 ], [ -47.759383004094957, -15.55675944602816 ], [ -47.759108440545077, -15.555795586199526 ], [ -47.75858777724023, -15.555303646523765 ], [ -47.756143562147415, -15.554259288419724 ], [ -47.75603987185422, -15.553755981069353 ], [ -47.755214777506261, -15.552594341142916 ], [ -47.755208361388675, -15.552252297750989 ], [ -47.755540263623544, -15.55166035808144 ], [ -47.75486321709981, -15.551289311298117 ], [ -47.754710406244577, -15.550804951329424 ], [ -47.754912644553684, -15.550186816184777 ], [ -47.755806022910988, -15.549452197053313 ], [ -47.756239625795565, -15.549291787417847 ], [ -47.75658227112541, -15.548877458007825 ], [ -47.756361593052908, -15.546451304974768 ], [ -47.755803376291155, -15.54582326318592 ], [ -47.755655329743497, -15.544737417798391 ], [ -47.75486286574926, -15.543867477048634 ], [ -47.754305972397681, -15.543545753219735 ], [ -47.754105786817931, -15.543863403960188 ], [ -47.753381365165801, -15.543972579926008 ], [ -47.753580441958377, -15.543572061479077 ], [ -47.753568919754343, -15.543069766870715 ], [ -47.753078366448911, -15.542614946091694 ], [ -47.753041841903347, -15.542007438752176 ], [ -47.752248729816998, -15.542805639882245 ], [ -47.751967173884474, -15.542839502694557 ], [ -47.752029959178742, -15.542432287585747 ], [ -47.751699964845422, -15.54141463988398 ], [ -47.752192938429623, -15.540969539107554 ], [ -47.751883864937639, -15.540446573032177 ], [ -47.751553026745697, -15.540382061524127 ], [ -47.751508597774574, -15.539877738116367 ], [ -47.751170562462477, -15.539671064713026 ], [ -47.750257607716591, -15.539568385640923 ], [ -47.750050190549338, -15.539046134553782 ], [ -47.750154826357587, -15.538661247879574 ], [ -47.750742011326004, -15.538660243809566 ], [ -47.750668516187787, -15.53793816419825 ], [ -47.751648192252233, -15.537257042384917 ], [ -47.751582460564642, -15.537070633412275 ], [ -47.751141547959776, -15.537121114450349 ], [ -47.751080961098047, -15.53685850016381 ], [ -47.751454715278328, -15.536849332646705 ], [ -47.75161684999749, -15.536548672339631 ], [ -47.750837870747411, -15.535859998321587 ], [ -47.751484203767191, -15.535766477829227 ], [ -47.751194919362099, -15.534959337250491 ], [ -47.751940318981433, -15.534678265256485 ], [ -47.752316863433663, -15.534246287740595 ], [ -47.752033731169824, -15.533958242453574 ], [ -47.752378818567649, -15.533765647339576 ], [ -47.752385420719463, -15.533366625558926 ], [ -47.752667283050116, -15.53326315399589 ], [ -47.753219802876352, -15.533455354879317 ], [ -47.753214262402871, -15.532982157714338 ], [ -47.752931722294171, -15.53284271176058 ], [ -47.753107979866243, -15.532295712998016 ], [ -47.753225880305536, -15.532257752557749 ], [ -47.753148420170199, -15.5325699555129 ], [ -47.753547048405309, -15.532661257283257 ], [ -47.753443843683797, -15.532353839053089 ], [ -47.754184961104535, -15.532265736567986 ], [ -47.753787536267254, -15.531886306514886 ], [ -47.754259447581546, -15.531806984607918 ], [ -47.754487516040946, -15.531429677905164 ], [ -47.754430794332215, -15.531072998284982 ], [ -47.753627555424551, -15.530123942232633 ], [ -47.753714438527524, -15.52991106176057 ], [ -47.754060226371841, -15.53000826152824 ], [ -47.753715092363905, -15.529637390980785 ], [ -47.754367454852989, -15.529295060471613 ], [ -47.75468276909627, -15.529561296022418 ], [ -47.755255034199969, -15.528673919565371 ], [ -47.755618488849926, -15.528781459979779 ], [ -47.755349423687349, -15.529029385948661 ], [ -47.755363421991959, -15.529275035598033 ], [ -47.755932992596257, -15.52922103815771 ], [ -47.756224466642223, -15.528996139841766 ], [ -47.756473583637316, -15.528337179294111 ], [ -47.756793683456294, -15.528335819678786 ], [ -47.757599691267792, -15.528739116972323 ], [ -47.757299766534452, -15.529200647542524 ], [ -47.757830005710566, -15.530229436855379 ], [ -47.758264566274498, -15.530356228472957 ], [ -47.758541733228014, -15.530775312221927 ], [ -47.758768729496644, -15.530831806992818 ], [ -47.759186353524626, -15.530453884952896 ], [ -47.75961546128579, -15.529025916189315 ], [ -47.759926663557721, -15.528665458370954 ], [ -47.759350390148882, -15.528015736829875 ], [ -47.759319376460475, -15.527657544810371 ], [ -47.75945115456819, -15.52747305909956 ], [ -47.75973176921898, -15.527471709772263 ], [ -47.760168397851849, -15.52845864989377 ], [ -47.760373912497649, -15.527794440423222 ], [ -47.760210552369955, -15.526875648162889 ], [ -47.76037966498906, -15.526902066044869 ], [ -47.760761839766509, -15.5275618118281 ], [ -47.761975071469813, -15.527267111147117 ], [ -47.761632188268031, -15.528146690824158 ], [ -47.762702597546216, -15.528630054790453 ], [ -47.763297242215607, -15.52844921991627 ], [ -47.763696547100238, -15.527979796209449 ], [ -47.763804076891837, -15.527070629498073 ], [ -47.764022252782596, -15.526739096433108 ], [ -47.763742165039879, -15.526560515149358 ], [ -47.764031704516583, -15.526142288376796 ], [ -47.763589380073775, -15.525429980427365 ], [ -47.764016101078901, -15.52541020711732 ], [ -47.764143926094647, -15.525212762336423 ], [ -47.763530467107209, -15.524265362292502 ], [ -47.763103770022163, -15.523984788873468 ], [ -47.762753904209411, -15.524804832460347 ], [ -47.761957871984613, -15.524362596276188 ], [ -47.762273814865054, -15.523640747847342 ], [ -47.761961071669305, -15.523517179094419 ], [ -47.761613261638395, -15.522943881870543 ], [ -47.761578671503912, -15.520455079715527 ], [ -47.762146058270417, -15.520963466487997 ], [ -47.762226561598283, -15.51993107273656 ], [ -47.763135759372418, -15.519885481811757 ], [ -47.76387159820657, -15.520395622777238 ], [ -47.764035616498973, -15.519692356037467 ], [ -47.764352488301569, -15.519549153739577 ], [ -47.764712032031063, -15.519729470553274 ], [ -47.765825573446698, -15.521676354476206 ], [ -47.766012674217386, -15.521544127556769 ], [ -47.765637416460343, -15.520727131960451 ], [ -47.765705760808721, -15.520337134416375 ], [ -47.767952893827164, -15.520872405538302 ], [ -47.768029414975011, -15.520695516065077 ], [ -47.767378990629091, -15.52010921636503 ], [ -47.767528820542701, -15.519498043424219 ], [ -47.766906630842335, -15.5192230738741 ], [ -47.767078081804478, -15.519065959785685 ], [ -47.767788790303356, -15.519167613747587 ], [ -47.768258267771778, -15.51896803656321 ], [ -47.768308866459542, -15.518666498686894 ], [ -47.768097105550282, -15.518206430427277 ], [ -47.768466594766267, -15.517661557784974 ], [ -47.768466884819055, -15.517215970200612 ], [ -47.769266144564639, -15.517436499318372 ], [ -47.770033880551111, -15.517135336272911 ], [ -47.770675427146337, -15.516566468632966 ], [ -47.770433573897776, -15.515959320220841 ], [ -47.770786104949231, -15.515656121272146 ], [ -47.77109902746691, -15.51595858149868 ], [ -47.772091220463011, -15.516059310728682 ], [ -47.772447438080157, -15.51550153491557 ], [ -47.771853530323028, -15.51519494288412 ], [ -47.771768945061915, -15.514703293811262 ], [ -47.772283127099314, -15.515031558428605 ], [ -47.77354503908591, -15.514796143571237 ], [ -47.774239207732521, -15.514924070644325 ], [ -47.774192777264972, -15.514736134227213 ], [ -47.773619545660203, -15.514486079258953 ], [ -47.773018869127391, -15.51391411329903 ], [ -47.773167998891786, -15.514677135747549 ], [ -47.771220607147207, -15.514257384284743 ], [ -47.771638642699287, -15.513134717026785 ], [ -47.772455654285373, -15.512164050198335 ], [ -47.772510650601717, -15.511143793147184 ], [ -47.772235409307548, -15.510793621576807 ], [ -47.771170111542261, -15.510574048210149 ], [ -47.770998596799799, -15.510396592826172 ], [ -47.771130887790115, -15.509946390462604 ], [ -47.771689621730502, -15.509745661281046 ], [ -47.771740652237781, -15.509082737442695 ], [ -47.771485501654787, -15.508470214082161 ], [ -47.770999511612686, -15.508294562744428 ], [ -47.771396001742239, -15.508925026560778 ], [ -47.771148359177324, -15.509120250441267 ], [ -47.770623417786766, -15.50903327191379 ], [ -47.770150780414824, -15.508640385075642 ], [ -47.770292870892476, -15.506923337372683 ], [ -47.771076892179906, -15.504813838492662 ], [ -47.77102737813874, -15.503325701961247 ], [ -47.771268945401253, -15.502941014304952 ], [ -47.771891833689146, -15.502716466150225 ], [ -47.772066047154084, -15.502370222954744 ], [ -47.418406916553174, -15.501819583386965 ] ], [ [ -47.597998112956716, -15.622606026247579 ], [ -47.600777068319218, -15.622207868912044 ], [ -47.602377062031223, -15.622551813386528 ], [ -47.603467899589582, -15.622306268846168 ], [ -47.605368557668832, -15.622387341255573 ], [ -47.607439621368165, -15.622920337511477 ], [ -47.608776225929908, -15.622731730783052 ], [ -47.610587993181461, -15.622847130894554 ], [ -47.611504641475612, -15.622538109000384 ], [ -47.613537312624182, -15.622653731088405 ], [ -47.615286027289372, -15.623036008266736 ], [ -47.615604445403385, -15.622891681820439 ], [ -47.616991427441917, -15.622901968366067 ], [ -47.617657526198315, -15.623337251737684 ], [ -47.619404541591827, -15.623931429855119 ], [ -47.621331648298217, -15.624533103693564 ], [ -47.623082577035007, -15.624818468481097 ], [ -47.624423846552958, -15.62561372346617 ], [ -47.624868989423085, -15.625522306028923 ], [ -47.625406447414925, -15.626105772162868 ], [ -47.626706811756947, -15.626496737312548 ], [ -47.627044258170102, -15.627188133358692 ], [ -47.626823166383701, -15.629876163547888 ], [ -47.627302694729124, -15.630341767855965 ], [ -47.628414166224438, -15.630876361411188 ], [ -47.630002512344376, -15.630761482335842 ], [ -47.630803443409498, -15.631057896765155 ], [ -47.631392724324684, -15.631079730279504 ], [ -47.635254696411636, -15.630114296772733 ], [ -47.636879395242488, -15.629942569561793 ], [ -47.638026559901789, -15.629085771883503 ], [ -47.639345595522094, -15.628381898362569 ], [ -47.641089805390372, -15.628394772622572 ], [ -47.641477513449409, -15.62843490432868 ], [ -47.641533027358612, -15.629158638501643 ], [ -47.641791543348759, -15.629103949242261 ], [ -47.642137936721966, -15.629367498101994 ], [ -47.64476329200231, -15.630144616603854 ], [ -47.64622603921714, -15.630289825065818 ], [ -47.647932701969914, -15.630781813305299 ], [ -47.648577324433099, -15.631268535555861 ], [ -47.648757718255666, -15.631604897517075 ], [ -47.649996870231845, -15.63241602240466 ], [ -47.651468123188835, -15.632654336896662 ], [ -47.652108292923046, -15.633011213883252 ], [ -47.652311992754029, -15.633431041782035 ], [ -47.653047019798244, -15.633917098797678 ], [ -47.654313425853481, -15.634551260340897 ], [ -47.655737754692552, -15.634923093809228 ], [ -47.65608756576475, -15.63521670433208 ], [ -47.656771109783236, -15.635156372778015 ], [ -47.657750544211346, -15.635378870691316 ], [ -47.659704469314718, -15.635168199175446 ], [ -47.664760869071792, -15.632921436425706 ], [ -47.66625325638342, -15.633090349571944 ], [ -47.666460268875028, -15.633399272819481 ], [ -47.666948015433057, -15.633483688642054 ], [ -47.66692101409847, -15.634136865658819 ], [ -47.667291653970771, -15.634076837989436 ], [ -47.667417627835583, -15.634214166843648 ], [ -47.666717878992365, -15.634436450200448 ], [ -47.667066960975504, -15.634605799009437 ], [ -47.666917543160963, -15.635097917396218 ], [ -47.667645886777755, -15.635213882981125 ], [ -47.667512795064951, -15.635436470112305 ], [ -47.667043155440055, -15.635549602465616 ], [ -47.667152312725541, -15.635918330005094 ], [ -47.667485833510348, -15.635828683787832 ], [ -47.667118138553235, -15.636300453902647 ], [ -47.667725166625829, -15.636094387053904 ], [ -47.667561283225488, -15.63656576754313 ], [ -47.668053771902983, -15.63660841004449 ], [ -47.668335413287473, -15.637075984637063 ], [ -47.668069599638066, -15.637166883898795 ], [ -47.668163055236072, -15.637464608281975 ], [ -47.668698425976345, -15.637355109403998 ], [ -47.668942961314841, -15.637555856007364 ], [ -47.669341762509127, -15.637431497460193 ], [ -47.669458007507558, -15.637647503085118 ], [ -47.669159167494747, -15.637877734031509 ], [ -47.669473492689598, -15.638158677495968 ], [ -47.669753768275235, -15.638143568910346 ], [ -47.669578408198056, -15.638510627468122 ], [ -47.670296069569197, -15.638652051460486 ], [ -47.67024199559097, -15.639395912229544 ], [ -47.670654713926581, -15.639628329185316 ], [ -47.67036750409553, -15.640182452769841 ], [ -47.670811595434557, -15.64078188229036 ], [ -47.670542959020615, -15.640975841468036 ], [ -47.670430925385098, -15.641338090755495 ], [ -47.670177362999361, -15.641291676328555 ], [ -47.670364635025443, -15.641615146711274 ], [ -47.670017425458113, -15.641805949588493 ], [ -47.670250242777499, -15.641989477379941 ], [ -47.670037414786634, -15.642201215421858 ], [ -47.67086415507282, -15.642802462137901 ], [ -47.671255744099994, -15.642729527006273 ], [ -47.671037146112475, -15.643221673243124 ], [ -47.671801410323923, -15.643548988022188 ], [ -47.672023674439963, -15.64390553924545 ], [ -47.671959206104681, -15.644153494792054 ], [ -47.672296335082791, -15.644210284311459 ], [ -47.672415031509672, -15.64499929125412 ], [ -47.671970550451604, -15.645101709507644 ], [ -47.67209414081335, -15.64544948122836 ], [ -47.672384315578832, -15.645362895988105 ], [ -47.672479838822802, -15.645508695472445 ], [ -47.672244301947352, -15.645683458386992 ], [ -47.672259937260712, -15.646195954423035 ], [ -47.671867980922123, -15.64638451224743 ], [ -47.67252849457136, -15.647121198157331 ], [ -47.67287659864796, -15.64718454595547 ], [ -47.67291516921788, -15.647447628127926 ], [ -47.6733352137758, -15.647560702273518 ], [ -47.673670001648325, -15.648036074046306 ], [ -47.674707634516004, -15.648405079724251 ], [ -47.672900734959633, -15.649401763990676 ], [ -47.671122191578228, -15.649729348193791 ], [ -47.669630695160947, -15.649481078391958 ], [ -47.667704834522887, -15.648646473197683 ], [ -47.666594484506376, -15.648384507638536 ], [ -47.66131408913872, -15.648182214553255 ], [ -47.661226695448242, -15.650424279880848 ], [ -47.661497554628802, -15.653410664777585 ], [ -47.662077620089143, -15.656424028195602 ], [ -47.662722400924231, -15.661283404527943 ], [ -47.662619234025954, -15.66178999676432 ], [ -47.664812366172683, -15.662409841440764 ], [ -47.665926287641504, -15.663314019071095 ], [ -47.666239899236274, -15.664032916576641 ], [ -47.666656120212252, -15.664410895406105 ], [ -47.666971144671585, -15.665361777783332 ], [ -47.667804482228135, -15.665794984014431 ], [ -47.668213280399755, -15.666214930180804 ], [ -47.668461901690215, -15.666954508537074 ], [ -47.669663570573043, -15.667642741581759 ], [ -47.670251658205395, -15.668548980925284 ], [ -47.671571084445432, -15.66945450136507 ], [ -47.671527619901589, -15.669625385519808 ], [ -47.670672359479248, -15.669967635272158 ], [ -47.671511322094865, -15.671081207424372 ], [ -47.67124989037022, -15.671434612091961 ], [ -47.670642611350779, -15.671383218212776 ], [ -47.67013945701364, -15.672104508700865 ], [ -47.668561460336754, -15.671684237538337 ], [ -47.668019463710124, -15.67244523603201 ], [ -47.668832183026502, -15.673454164338466 ], [ -47.669285762934358, -15.67486757204898 ], [ -47.66923064863807, -15.675131222203277 ], [ -47.668777782194368, -15.674982184784961 ], [ -47.66827474750523, -15.675334950084546 ], [ -47.667976291699254, -15.675296178964285 ], [ -47.667626423860312, -15.675897541023858 ], [ -47.666751787224875, -15.67588420825005 ], [ -47.666525368067333, -15.676531527569072 ], [ -47.665917035866499, -15.676850395213261 ], [ -47.665454829225858, -15.676769596296062 ], [ -47.664490548585825, -15.675779082108448 ], [ -47.663821736255713, -15.676272108814825 ], [ -47.66342637463741, -15.67623762702469 ], [ -47.662744132052701, -15.6758232328843 ], [ -47.662088160141387, -15.676067747506279 ], [ -47.662022044686211, -15.675817142811358 ], [ -47.661331458387302, -15.675347326345065 ], [ -47.661034454525335, -15.675596730538453 ], [ -47.660527237694311, -15.675601805300296 ], [ -47.659823860325261, -15.674861721641944 ], [ -47.659813115164674, -15.674179976158946 ], [ -47.659540805070904, -15.673786152728621 ], [ -47.659134713239297, -15.673659870957476 ], [ -47.658610201958552, -15.673811617977501 ], [ -47.658676471726068, -15.673337704259202 ], [ -47.658412882277709, -15.673073814851318 ], [ -47.658045600196147, -15.673222104138244 ], [ -47.657729719105859, -15.672912221580146 ], [ -47.657755085332909, -15.672179737873574 ], [ -47.657571952190303, -15.672130036736124 ], [ -47.657408692545935, -15.672398383262856 ], [ -47.657207739855501, -15.672201519617895 ], [ -47.656941396701029, -15.672321935501097 ], [ -47.656748833943475, -15.67208535546526 ], [ -47.656412464850796, -15.672111800605551 ], [ -47.656516398815889, -15.672357617070052 ], [ -47.656369234515125, -15.672525080558191 ], [ -47.65569567870179, -15.672009144403814 ], [ -47.654885389753908, -15.671747437305056 ], [ -47.65477516420389, -15.671429216941599 ], [ -47.655315053023166, -15.670743861906736 ], [ -47.655018273681073, -15.670250148299429 ], [ -47.654337215091715, -15.669907416740676 ], [ -47.653684111234689, -15.670122003743854 ], [ -47.65320334747652, -15.669816206381734 ], [ -47.652816385715802, -15.66985900241623 ], [ -47.65254894611617, -15.669438807018704 ], [ -47.652609848888531, -15.668916997341794 ], [ -47.652469166090491, -15.668719840966608 ], [ -47.651791530870604, -15.669486922010112 ], [ -47.651325363555557, -15.669592598487288 ], [ -47.651041125222783, -15.6704488426412 ], [ -47.650851753762687, -15.670453958885952 ], [ -47.650543249473728, -15.670082917300867 ], [ -47.649748182096843, -15.669938898837479 ], [ -47.649071507658967, -15.66918942514485 ], [ -47.648255926199134, -15.66742035505281 ], [ -47.647713651516945, -15.666931410980173 ], [ -47.647368019588733, -15.665991169230482 ], [ -47.647085735292912, -15.665991828990114 ], [ -47.647056119170323, -15.666969968353474 ], [ -47.646724653703778, -15.666614360877961 ], [ -47.646730462206385, -15.666198563716591 ], [ -47.646344102117403, -15.666112869693734 ], [ -47.646408626859689, -15.665696101364757 ], [ -47.645973290774343, -15.665434829885067 ], [ -47.645963900707571, -15.665155043712288 ], [ -47.645362729131357, -15.66484044582249 ], [ -47.645084927444479, -15.665020176597164 ], [ -47.644942263795116, -15.664505608268849 ], [ -47.644511102826691, -15.664194506047521 ], [ -47.644420085065327, -15.663834688618223 ], [ -47.643809610349201, -15.663521788539875 ], [ -47.643715192018007, -15.663142082529802 ], [ -47.643050336337652, -15.663357566786956 ], [ -47.642290969264231, -15.663295652735581 ], [ -47.642182483913324, -15.663436805095433 ], [ -47.64243246563435, -15.663512530153211 ], [ -47.642404643064722, -15.66381107971597 ], [ -47.642038263595794, -15.6638357163362 ], [ -47.641848689838895, -15.663622524298814 ], [ -47.640516162180198, -15.663574955251285 ], [ -47.640196929640574, -15.664437023495802 ], [ -47.639821174322115, -15.664343753616418 ], [ -47.639472101652935, -15.663846082231705 ], [ -47.639628099068268, -15.663362796090498 ], [ -47.638858575971092, -15.662632831505469 ], [ -47.638793310301317, -15.661996796330774 ], [ -47.636616401199291, -15.660776214218886 ], [ -47.636143470173714, -15.659982015323189 ], [ -47.63518562709946, -15.659292750079404 ], [ -47.634789274115363, -15.658547733741168 ], [ -47.634220250149021, -15.657984470574256 ], [ -47.633385822289164, -15.658265806269521 ], [ -47.63286984022735, -15.658123205145982 ], [ -47.632120519972062, -15.658241060756014 ], [ -47.630823625252731, -15.657927826268732 ], [ -47.630089822082056, -15.657452903704062 ], [ -47.629128647393308, -15.657487202084127 ], [ -47.628731091963672, -15.657281576590769 ], [ -47.627971354862566, -15.658098942670259 ], [ -47.627014584228647, -15.658471040059837 ], [ -47.625101377875083, -15.65758819147622 ], [ -47.624853852061641, -15.658034907803309 ], [ -47.62437747992518, -15.657610776813314 ], [ -47.623905556885859, -15.657483174799513 ], [ -47.62149814427616, -15.658172449944978 ], [ -47.620890925215953, -15.657429170418265 ], [ -47.619341866379052, -15.658109312565468 ], [ -47.618293735181794, -15.657719174211161 ], [ -47.617372444672547, -15.657972867897824 ], [ -47.616800904583549, -15.657401473834835 ], [ -47.616445171614963, -15.657696604283512 ], [ -47.61664652497889, -15.658289966886571 ], [ -47.616418555358294, -15.658738762179112 ], [ -47.61589451700798, -15.658944405041272 ], [ -47.615439795957037, -15.658841699444221 ], [ -47.615352061274677, -15.658665088969574 ], [ -47.614704324326567, -15.658686963434914 ], [ -47.613181454017763, -15.659412723810084 ], [ -47.61188188662053, -15.659508196673967 ], [ -47.610701308589952, -15.660718227518524 ], [ -47.610228543070811, -15.66044389606361 ], [ -47.609316982277065, -15.660449811347556 ], [ -47.608132064798539, -15.660043987667061 ], [ -47.607525533388454, -15.660141064974502 ], [ -47.60691698301116, -15.660632594280006 ], [ -47.606324197940843, -15.660725193586554 ], [ -47.605051205920581, -15.660064838267433 ], [ -47.60384672535573, -15.660575437682223 ], [ -47.603092077233889, -15.659659498342741 ], [ -47.602796821457531, -15.659688354473534 ], [ -47.602232398170067, -15.660114888497219 ], [ -47.601208177789069, -15.659982699304877 ], [ -47.601215749591724, -15.659782642878039 ], [ -47.601706059732386, -15.659293283647736 ], [ -47.601437879521313, -15.658849782571265 ], [ -47.602131647723851, -15.658524501876188 ], [ -47.620693409324524, -15.651571468864033 ], [ -47.621406007605991, -15.650509806622683 ], [ -47.621436086256544, -15.648770686805303 ], [ -47.621695934202783, -15.647979601487355 ], [ -47.622385236356749, -15.647281378394025 ], [ -47.623339523874151, -15.646985257344413 ], [ -47.624412999098702, -15.641386181031276 ], [ -47.597071894600113, -15.622657787709507 ], [ -47.597325589994362, -15.622464648144017 ], [ -47.597998112956716, -15.622606026247579 ] ] ] } },
{ "type": "Feature", "properties": { "ra_cira": 7, "ra_nome": "Paranoá", "ra_codigo": "RA-VII", "regiao_saude": "Leste" }, "geometry": { "type": "Polygon", "coordinates": [ [ [ -47.660456374208152, -15.727425205150245 ], [ -47.664464640732263, -15.74649576635181 ], [ -47.664413750525014, -15.748375301104058 ], [ -47.664082552683688, -15.749678655423118 ], [ -47.663512443265454, -15.751001332514782 ], [ -47.64219435318828, -15.788972425302552 ], [ -47.621052187496261, -15.863046439717602 ], [ -47.605915868705715, -15.858982787875522 ], [ -47.60435275973402, -15.858782862885759 ], [ -47.603080165529263, -15.85889647049296 ], [ -47.558151406333273, -15.872253509665375 ], [ -47.556092591467561, -15.872361148516626 ], [ -47.554823396694928, -15.872123772277304 ], [ -47.553479637402511, -15.871564349973434 ], [ -47.520443899524736, -15.853760084097589 ], [ -47.518884205164142, -15.853245521555804 ], [ -47.517428552540608, -15.853114402926135 ], [ -47.467199950955504, -15.863060422532477 ], [ -47.465048962543825, -15.863100033602613 ], [ -47.463597400856685, -15.862742212476798 ], [ -47.462590929038697, -15.862308938099913 ], [ -47.456051209774053, -15.858369277590242 ], [ -47.454598028251446, -15.857855099611488 ], [ -47.453202941346845, -15.857685880885123 ], [ -47.451774388187765, -15.857806069531474 ], [ -47.425729689988771, -15.863848681381382 ], [ -47.424391960020643, -15.864109640523298 ], [ -47.423020250288637, -15.864152171120953 ], [ -47.387101526089175, -15.85687448200648 ], [ -47.38583563570473, -15.847668048469608 ], [ -47.385290977122409, -15.845994554430336 ], [ -47.384280496337617, -15.846375726210686 ], [ -47.384146418114241, -15.846576836960011 ], [ -47.383560711362293, -15.846594875160601 ], [ -47.383833777216104, -15.847049053266945 ], [ -47.383275960783955, -15.847105056733771 ], [ -47.382357148354856, -15.846619830113843 ], [ -47.382331161328764, -15.845676406735342 ], [ -47.382483870342334, -15.845711613544513 ], [ -47.38251095249673, -15.845416378678635 ], [ -47.381345702223584, -15.845722143219458 ], [ -47.381048506641982, -15.845424033090548 ], [ -47.380341432147006, -15.845454743440719 ], [ -47.380227990182611, -15.845604857872049 ], [ -47.380864559519239, -15.845789016915448 ], [ -47.380830583749514, -15.846445738789178 ], [ -47.380107278334037, -15.84708280641655 ], [ -47.379349645849175, -15.846311593398166 ], [ -47.379039027113222, -15.846324137018877 ], [ -47.37881221798807, -15.846684048951239 ], [ -47.378987419486698, -15.847053431393139 ], [ -47.37855625074323, -15.847215703957186 ], [ -47.378355358136943, -15.847147716467719 ], [ -47.378107141194839, -15.846554773311784 ], [ -47.377655567221865, -15.846132241598665 ], [ -47.377437709805832, -15.84618644807289 ], [ -47.377563816622633, -15.846531947745731 ], [ -47.377394877594234, -15.846810262724635 ], [ -47.376951298335705, -15.846631520259919 ], [ -47.376332351650241, -15.845781015031832 ], [ -47.376195220849404, -15.845859258348229 ], [ -47.376268211417838, -15.846294000180773 ], [ -47.376051879151085, -15.846242801126182 ], [ -47.375372882306976, -15.845392587005215 ], [ -47.375214952486651, -15.845578320722209 ], [ -47.375253467021196, -15.846058578079761 ], [ -47.374999869254026, -15.845685019171851 ], [ -47.374007346792219, -15.845315778188043 ], [ -47.374292767811689, -15.844956782810241 ], [ -47.373847915906317, -15.844933812190174 ], [ -47.373701610065517, -15.844582185273012 ], [ -47.372740542177155, -15.845012954165377 ], [ -47.372747011278626, -15.845374413756696 ], [ -47.373125726097449, -15.845851115886747 ], [ -47.372410003262395, -15.846052698462305 ], [ -47.372274996855907, -15.846300363369954 ], [ -47.372169519685947, -15.845982784119972 ], [ -47.371721895780333, -15.846001874500114 ], [ -47.371459444276418, -15.84578182950561 ], [ -47.371137559546277, -15.846232346042829 ], [ -47.370832178393982, -15.845855832072848 ], [ -47.370211014672527, -15.846216010250959 ], [ -47.369648145628645, -15.845845621289229 ], [ -47.369019010095471, -15.846241609949013 ], [ -47.368782523522597, -15.846788105778739 ], [ -47.369094715609812, -15.847665407986229 ], [ -47.369314007270461, -15.847719662229494 ], [ -47.370188688182935, -15.847216452585753 ], [ -47.370606988765815, -15.847258516673119 ], [ -47.371131319482942, -15.847644381940981 ], [ -47.371293301032608, -15.848170471874528 ], [ -47.371243372524816, -15.84870507869503 ], [ -47.370690918149478, -15.8489469044434 ], [ -47.368773191942218, -15.848825118845816 ], [ -47.36877694488691, -15.849156274021263 ], [ -47.369330553442772, -15.849646735936703 ], [ -47.369382883175852, -15.850048763667044 ], [ -47.367898568571, -15.852093518507045 ], [ -47.368113649033923, -15.85339124856487 ], [ -47.368391241101179, -15.853755386578293 ], [ -47.369548907062367, -15.854441667995511 ], [ -47.370899891428088, -15.854867174909034 ], [ -47.370106833485565, -15.8553646699201 ], [ -47.36963718974151, -15.855347675155649 ], [ -47.369777838058283, -15.856201136899832 ], [ -47.369380407228313, -15.857474819762627 ], [ -47.369827273933119, -15.85829665991362 ], [ -47.370189305567187, -15.859733976129565 ], [ -47.370691941036831, -15.860088235700109 ], [ -47.369872509555357, -15.860961751259914 ], [ -47.369843306577977, -15.861443664058957 ], [ -47.371468549774036, -15.86231077515199 ], [ -47.371330512194582, -15.862715759460645 ], [ -47.371637307449184, -15.863017746386545 ], [ -47.371944060214851, -15.862903278826474 ], [ -47.372134628243742, -15.86236593302521 ], [ -47.372448266321761, -15.862478707458591 ], [ -47.372678340445859, -15.862852371135324 ], [ -47.37300784725246, -15.862899361141016 ], [ -47.373268570036622, -15.863329016039746 ], [ -47.374406051958779, -15.864261059400402 ], [ -47.374356825814182, -15.864685301978559 ], [ -47.374061358473291, -15.865049670110276 ], [ -47.373297283594333, -15.865417823410246 ], [ -47.371899010811198, -15.865400115610893 ], [ -47.371065073842189, -15.864826189287431 ], [ -47.370792317551555, -15.864976020785875 ], [ -47.37160194053417, -15.867033019018404 ], [ -47.371275859932446, -15.868202339943 ], [ -47.371598246051441, -15.868580343135491 ], [ -47.373305309434556, -15.869238314779293 ], [ -47.372545387449435, -15.870793214341504 ], [ -47.372302799858943, -15.870847186149652 ], [ -47.371733493905772, -15.870599334633475 ], [ -47.371527189247047, -15.870775759691201 ], [ -47.371863370530853, -15.872410780119582 ], [ -47.372068978134656, -15.872619090191156 ], [ -47.373653060525051, -15.872776787889572 ], [ -47.37398531433459, -15.872958132111489 ], [ -47.373917470584537, -15.873133477099845 ], [ -47.37318212811843, -15.873106808740102 ], [ -47.372078639024572, -15.87356916302604 ], [ -47.372054295128784, -15.874250278753138 ], [ -47.373775042634485, -15.875803974163878 ], [ -47.373917578299277, -15.876283689379628 ], [ -47.373527565688015, -15.877142084988719 ], [ -47.374550095070141, -15.877472802114497 ], [ -47.374935194995651, -15.8777801144081 ], [ -47.374949112527887, -15.877995675860433 ], [ -47.374522016576229, -15.878473494029933 ], [ -47.374715766098568, -15.878716973854178 ], [ -47.375432021028658, -15.878721927012442 ], [ -47.375585211391552, -15.878922888179151 ], [ -47.375412451002283, -15.879146218660331 ], [ -47.374933344318379, -15.879168173026711 ], [ -47.374921958156939, -15.879369224819415 ], [ -47.375852234147146, -15.880182314695245 ], [ -47.376739495113746, -15.88141477045717 ], [ -47.377259762880634, -15.88159522214943 ], [ -47.377661054563625, -15.880617910867254 ], [ -47.378320928645813, -15.880641632490621 ], [ -47.378411149211843, -15.881125589582624 ], [ -47.378552091821504, -15.881157213227118 ], [ -47.379535392393308, -15.880460112929756 ], [ -47.380134103853344, -15.880553265883169 ], [ -47.380689262591403, -15.881362577665174 ], [ -47.380158713521119, -15.881957415862999 ], [ -47.378406560964635, -15.881927663941923 ], [ -47.377834337885943, -15.882107676206951 ], [ -47.376958692176196, -15.882924821117404 ], [ -47.377148385837089, -15.88340108779631 ], [ -47.378787018964836, -15.884246136953065 ], [ -47.378725833664774, -15.884494515445498 ], [ -47.37811594983301, -15.885020431354288 ], [ -47.378036310779116, -15.885696637051424 ], [ -47.378252207822904, -15.886018786357537 ], [ -47.378913216571128, -15.886356598047341 ], [ -47.379011216082169, -15.886684249107136 ], [ -47.378770899836766, -15.88757586173603 ], [ -47.378310393983092, -15.888197598494347 ], [ -47.377890887350773, -15.888204693265832 ], [ -47.377919254127058, -15.887493175559664 ], [ -47.377698621618087, -15.887262139342074 ], [ -47.37732031974442, -15.887497674586928 ], [ -47.376982032705136, -15.888068838326397 ], [ -47.377444845970075, -15.888801801346464 ], [ -47.377216561899758, -15.889638162706463 ], [ -47.378047634985691, -15.891618292860089 ], [ -47.377687466912931, -15.891595740978236 ], [ -47.377128706503392, -15.891222309765109 ], [ -47.376618631432542, -15.891269137176579 ], [ -47.376176124899338, -15.891795171763514 ], [ -47.376486636735137, -15.892368994662213 ], [ -47.37574840968027, -15.89272744991535 ], [ -47.376431576080059, -15.892950076499492 ], [ -47.376573063157018, -15.893658533768651 ], [ -47.376437093234287, -15.894141630973536 ], [ -47.375710790361218, -15.894797323902733 ], [ -47.37568923337183, -15.895145149214645 ], [ -47.376381133654398, -15.895886548702572 ], [ -47.377445537666851, -15.896032156640576 ], [ -47.377465126638128, -15.896234874548277 ], [ -47.376547225081531, -15.89679533508491 ], [ -47.375217498200954, -15.897120187569916 ], [ -47.374689515790571, -15.896982480416428 ], [ -47.374768760494582, -15.897388289944599 ], [ -47.375737915114392, -15.898178470661691 ], [ -47.37561060467759, -15.899791345972574 ], [ -47.375216904488546, -15.899843704295746 ], [ -47.374836905349682, -15.899285754918283 ], [ -47.373776112109709, -15.89931082635572 ], [ -47.372714057456996, -15.899542558827855 ], [ -47.372404916138969, -15.89998375923229 ], [ -47.373391396024289, -15.902817322531622 ], [ -47.37353799840502, -15.903763904962883 ], [ -47.373904673349564, -15.904320307566815 ], [ -47.374018907021977, -15.905287060749439 ], [ -47.374877557926631, -15.90690225296828 ], [ -47.374274915948192, -15.906864092116153 ], [ -47.373182986248331, -15.906423716906827 ], [ -47.372197373021471, -15.906477440010308 ], [ -47.370914886914775, -15.907873820126335 ], [ -47.369209470830484, -15.908070979417316 ], [ -47.368155047898149, -15.908410591211208 ], [ -47.367247786734225, -15.908045474315781 ], [ -47.366896769709591, -15.908702475098613 ], [ -47.365561096344521, -15.909327811139402 ], [ -47.365488453011274, -15.909622999315138 ], [ -47.365846445171442, -15.910111136228144 ], [ -47.366707753404192, -15.91032394918687 ], [ -47.366617086259737, -15.910567605304516 ], [ -47.365950123591183, -15.910635280245693 ], [ -47.365942091471751, -15.910820335472746 ], [ -47.367007203671449, -15.911584577309346 ], [ -47.367429557542764, -15.911590751633977 ], [ -47.368109423467331, -15.910665088094834 ], [ -47.36828143910386, -15.910782406578631 ], [ -47.367831955375621, -15.912464308318858 ], [ -47.366477544159288, -15.912369586991598 ], [ -47.366250715956852, -15.912698444882061 ], [ -47.367139116535299, -15.914083594897429 ], [ -47.367836134197496, -15.914629539525075 ], [ -47.367899287983249, -15.91534579707568 ], [ -47.368295568752437, -15.915925529363957 ], [ -47.368051950102526, -15.916587835074111 ], [ -47.368570042220632, -15.917173951755125 ], [ -47.369274511696162, -15.917474188761657 ], [ -47.369122665222541, -15.917694379979938 ], [ -47.368365193368554, -15.917569190150717 ], [ -47.368172853699548, -15.918049154485709 ], [ -47.369064820128827, -15.918082358638596 ], [ -47.369243799734271, -15.918452307961743 ], [ -47.368711975142389, -15.919185642290905 ], [ -47.367275063694876, -15.919913612574298 ], [ -47.367274376784572, -15.920286391463307 ], [ -47.367692427693662, -15.920508220886386 ], [ -47.367679389465337, -15.920725387546847 ], [ -47.366946782739134, -15.920633005051371 ], [ -47.366443614761415, -15.921109278885993 ], [ -47.365836110208605, -15.920786245722065 ], [ -47.364769486532886, -15.919383148140641 ], [ -47.363902247112954, -15.919828774203687 ], [ -47.363773220271071, -15.920132012311665 ], [ -47.36277656475432, -15.920900289065411 ], [ -47.362006245331933, -15.921889005674281 ], [ -47.361921988505543, -15.92228730006995 ], [ -47.362344591688064, -15.923050311560102 ], [ -47.362359956829074, -15.924323176899257 ], [ -47.361820545210293, -15.925567007720877 ], [ -47.361355087053077, -15.925492035857999 ], [ -47.361210620116736, -15.925766386503666 ], [ -47.361406454189598, -15.926199613627558 ], [ -47.362140876355937, -15.926496983016518 ], [ -47.361895074035459, -15.927358749873424 ], [ -47.362737607953548, -15.928167826779324 ], [ -47.362166947471692, -15.928846471930822 ], [ -47.362107202438878, -15.929284862373912 ], [ -47.363251476877409, -15.929732276428551 ], [ -47.364425874852635, -15.929933099527135 ], [ -47.364259808011532, -15.930403620396209 ], [ -47.362518997042478, -15.931323070398264 ], [ -47.362499530991776, -15.931788517779074 ], [ -47.36306112564769, -15.931891685169751 ], [ -47.364330546283064, -15.931117083048665 ], [ -47.364640450147469, -15.931406876616052 ], [ -47.364839316597688, -15.931387898776462 ], [ -47.364934218114747, -15.931132107677831 ], [ -47.364703170024349, -15.930652892591782 ], [ -47.365418562381777, -15.930473300578734 ], [ -47.365913736338555, -15.93070660432085 ], [ -47.366220892432572, -15.931161558554429 ], [ -47.365052412015835, -15.933098838550086 ], [ -47.365096558513308, -15.933500735176876 ], [ -47.366934590760785, -15.933038621983766 ], [ -47.368058383630903, -15.93304034753497 ], [ -47.36838021721595, -15.933306810048389 ], [ -47.368772775443816, -15.934767026284323 ], [ -47.369061546778894, -15.935218858637501 ], [ -47.370491385875667, -15.935368525052706 ], [ -47.371444237614313, -15.935141215858669 ], [ -47.371910343564366, -15.93520653171111 ], [ -47.372842910601356, -15.935775935348738 ], [ -47.37345758232653, -15.936705739193531 ], [ -47.373536036486186, -15.937768088891744 ], [ -47.37321117112517, -15.9386383109855 ], [ -47.373006051527966, -15.938705342194792 ], [ -47.37267821281506, -15.938481457062736 ], [ -47.372351560152978, -15.937711839351575 ], [ -47.371254311465798, -15.936183107425045 ], [ -47.370841433802084, -15.93599127760308 ], [ -47.369950233305971, -15.936246257795805 ], [ -47.370524348273911, -15.937308197539448 ], [ -47.370961734755731, -15.938790517839616 ], [ -47.371171049199276, -15.938922708203142 ], [ -47.371761273248723, -15.938664442157204 ], [ -47.37200355680487, -15.938729164556015 ], [ -47.372572441719015, -15.940007055458247 ], [ -47.372611913830738, -15.940478736444309 ], [ -47.372504097051483, -15.940771960344339 ], [ -47.372043598931974, -15.940878968537138 ], [ -47.37106371081466, -15.940390750897393 ], [ -47.370556776765078, -15.940376886219708 ], [ -47.369784023384348, -15.940577025049491 ], [ -47.369024548232794, -15.941173037007731 ], [ -47.369083022908804, -15.941431817583886 ], [ -47.369864931663543, -15.94141717697644 ], [ -47.37037567981519, -15.941670522668549 ], [ -47.370759068714001, -15.942926248210942 ], [ -47.370706802334823, -15.9430461685208 ], [ -47.370194207598495, -15.942925885932981 ], [ -47.369830477447927, -15.943062435929633 ], [ -47.369787260811592, -15.943396678614979 ], [ -47.370156364940442, -15.944210632718066 ], [ -47.369997920657639, -15.94505730433092 ], [ -47.369284792945592, -15.946200550556773 ], [ -47.368556937123728, -15.946688346006564 ], [ -47.368450520784968, -15.946948310700263 ], [ -47.36871644230196, -15.947305803276528 ], [ -47.370528180872654, -15.947167280014492 ], [ -47.370656296432614, -15.946924740596664 ], [ -47.370461494714483, -15.946178653370772 ], [ -47.370603067042147, -15.945827805551112 ], [ -47.371409518579036, -15.946672486814297 ], [ -47.371453446411444, -15.947338210924093 ], [ -47.370822278069873, -15.948552716583769 ], [ -47.371217546438409, -15.948923063086662 ], [ -47.371230582846202, -15.949443922731115 ], [ -47.370560125213807, -15.950999823443267 ], [ -47.371074272558459, -15.95217044250907 ], [ -47.372434943905937, -15.953639406359969 ], [ -47.372362691700758, -15.954164478836732 ], [ -47.371844982043072, -15.954899549132916 ], [ -47.37182581138336, -15.955810981164749 ], [ -47.371998011838912, -15.956003478636754 ], [ -47.372889706279054, -15.956204817093004 ], [ -47.373696815614942, -15.956166557816164 ], [ -47.374793432401454, -15.95633173115206 ], [ -47.37506296248111, -15.95652535642939 ], [ -47.374813603130278, -15.957858759710859 ], [ -47.374386881236852, -15.958541721640257 ], [ -47.374040250072163, -15.958536902742239 ], [ -47.373634534272483, -15.958108644830713 ], [ -47.373051170113285, -15.958894025432551 ], [ -47.373230155831472, -15.960144839049532 ], [ -47.37345792067967, -15.9602677154177 ], [ -47.373931264419028, -15.960027079920707 ], [ -47.374310815498013, -15.960051755958293 ], [ -47.376113218338915, -15.961561317081133 ], [ -47.377026988187374, -15.961977941014844 ], [ -47.378363255265548, -15.961998101336142 ], [ -47.378558568167321, -15.962235651008481 ], [ -47.378486511477092, -15.962574226091132 ], [ -47.377522993996635, -15.962909802838505 ], [ -47.377077257564586, -15.963622009294296 ], [ -47.377130907808166, -15.964392177437757 ], [ -47.376836184478407, -15.965002901302055 ], [ -47.37549466256727, -15.966260243131664 ], [ -47.375346047727206, -15.966673524310151 ], [ -47.376195740516472, -15.967633192226662 ], [ -47.376263908814025, -15.968194930619601 ], [ -47.376076190175574, -15.968367882531464 ], [ -47.376260902137901, -15.968899678599975 ], [ -47.377039112967616, -15.968935439065605 ], [ -47.378382103751925, -15.968073105389601 ], [ -47.379223518530836, -15.968311631991888 ], [ -47.378547713657134, -15.969473618836048 ], [ -47.378343923378097, -15.970184385149294 ], [ -47.377368963125761, -15.970895354792336 ], [ -47.377060759296477, -15.971740866085526 ], [ -47.377170007445613, -15.972010597581185 ], [ -47.377859563901502, -15.972488419545778 ], [ -47.3789499444905, -15.973668246918093 ], [ -47.37892659734473, -15.974127786051422 ], [ -47.378131724999371, -15.974030234808202 ], [ -47.377718036501442, -15.974947653303055 ], [ -47.377796287464328, -15.975747436227671 ], [ -47.378827746089577, -15.977429104470291 ], [ -47.378919984899305, -15.977893412125269 ], [ -47.378720160554273, -15.978127400383508 ], [ -47.377821035824809, -15.978361915090545 ], [ -47.376414181441319, -15.978277714932528 ], [ -47.376007374223292, -15.978983401339027 ], [ -47.375846053063079, -15.979893982371532 ], [ -47.37556074302961, -15.980393205547532 ], [ -47.375083332103195, -15.980345706893861 ], [ -47.374801533241836, -15.979909040681713 ], [ -47.374336897502459, -15.979710113666371 ], [ -47.373859337360692, -15.979958144616425 ], [ -47.373741803104643, -15.981198870001824 ], [ -47.376023549531773, -15.981956000870968 ], [ -47.376462686725816, -15.982353364016028 ], [ -47.376397521695687, -15.982842455348804 ], [ -47.37587326516617, -15.983466225937041 ], [ -47.375777455037294, -15.983870011111321 ], [ -47.376506041262424, -15.985752361335127 ], [ -47.375679309989302, -15.987154978192745 ], [ -47.374869008452634, -15.989084782625092 ], [ -47.373603621161067, -15.993395707115496 ], [ -47.373211773348253, -15.994032604631453 ], [ -47.372682642401656, -15.994317208224663 ], [ -47.371393478679195, -15.994583496214471 ], [ -47.370938940670989, -15.994846515647533 ], [ -47.370617249026999, -15.995287091437268 ], [ -47.370305962244174, -15.996077806523447 ], [ -47.370229380406386, -15.997414969878285 ], [ -47.370483866246616, -15.999504881445853 ], [ -47.370370242974943, -16.000303087142079 ], [ -47.369113234999858, -16.002484125029326 ], [ -47.368652364991, -16.002437308639969 ], [ -47.367611296758014, -16.001695901063194 ], [ -47.366940219288942, -16.001511113549736 ], [ -47.365451753973993, -16.001510041620055 ], [ -47.364912093707197, -16.0021480969476 ], [ -47.36512777269219, -16.00377955501272 ], [ -47.364572029978419, -16.004688157495728 ], [ -47.361825522642206, -16.006586667519642 ], [ -47.360386719042374, -16.006612377765443 ], [ -47.360312774267193, -16.007741016502891 ], [ -47.360163617753813, -16.008031881629428 ], [ -47.359697147411914, -16.008286536319524 ], [ -47.356622427264107, -16.008767425904335 ], [ -47.35577976132992, -16.008445640643288 ], [ -47.355419045118502, -16.00800744503854 ], [ -47.35364882160367, -16.007464812247914 ], [ -47.351129520154444, -16.007151210897511 ], [ -47.349706137286027, -16.007145468085206 ], [ -47.348518288541634, -16.007467682641693 ], [ -47.346502435662259, -16.009060235201495 ], [ -47.346127763518382, -16.009805312636942 ], [ -47.346002072204513, -16.010691086069244 ], [ -47.345492850802295, -16.011317122504654 ], [ -47.344648508521566, -16.011745115543224 ], [ -47.343482618608725, -16.011831424081318 ], [ -47.340683899026793, -16.012724767598613 ], [ -47.339949603820557, -16.013248352746082 ], [ -47.339823893427571, -16.014607064243954 ], [ -47.340511683330142, -16.015723033390184 ], [ -47.34065921395343, -16.016584983357191 ], [ -47.340636790459108, -16.01919784204069 ], [ -47.340242738597084, -16.019422344234698 ], [ -47.339439063184471, -16.019259839382737 ], [ -47.337733768513679, -16.018294155242334 ], [ -47.336822920863611, -16.018292646512212 ], [ -47.336459531307575, -16.019373100467298 ], [ -47.336094240769313, -16.019908420051287 ], [ -47.334094954869229, -16.021238785790263 ], [ -47.333351253807045, -16.021969063713296 ], [ -47.331286649407097, -16.02259562459804 ], [ -47.330640926116224, -16.023261152882476 ], [ -47.330257079872034, -16.024910183758323 ], [ -47.329273920346004, -16.025527027403548 ], [ -47.328979944583033, -16.025936149900495 ], [ -47.328768269390281, -16.027118947175893 ], [ -47.328392609141595, -16.027604844703003 ], [ -47.323013138852019, -16.029679924951193 ], [ -47.321543889142198, -16.030538113602464 ], [ -47.320058843101741, -16.032315311889075 ], [ -47.31874450818507, -16.035379473780353 ], [ -47.317983923378407, -16.035971945685684 ], [ -47.316263991045055, -16.036057951781039 ], [ -47.314519845911363, -16.035721466240915 ], [ -47.312573081209941, -16.035838097932775 ], [ -47.310940666447891, -16.036267051134111 ], [ -47.31079509934731, -16.036830486992816 ], [ -47.311693569714606, -16.039255336531294 ], [ -47.31166171806192, -16.040779825428796 ], [ -47.311360786081742, -16.041666829896325 ], [ -47.310135530379206, -16.049994863841366 ], [ -47.61728396649039, -16.049813488883402 ], [ -47.614522658973229, -16.015701369392819 ], [ -47.614164299481537, -16.014010737403524 ], [ -47.598305571285259, -15.988187464881442 ], [ -47.595092791756059, -15.983972563056462 ], [ -47.588810437245627, -15.973802730742296 ], [ -47.588267455183995, -15.972612836996783 ], [ -47.587638785787917, -15.970297417070674 ], [ -47.587288269407175, -15.969738415784674 ], [ -47.606425255134056, -15.939008955280846 ], [ -47.60728743096562, -15.938000231117222 ], [ -47.608137277939733, -15.937411087778063 ], [ -47.609348672003605, -15.936966815013415 ], [ -47.610589747070506, -15.936867048877007 ], [ -47.612123699909219, -15.937155777159473 ], [ -47.617349355224633, -15.93863743005603 ], [ -47.618974270850963, -15.939579505545671 ], [ -47.628667927444511, -15.946827839122466 ], [ -47.629457679672313, -15.947591512409971 ], [ -47.630229690647404, -15.94873943095739 ], [ -47.630611829332722, -15.949766762264781 ], [ -47.630935938156675, -15.952751991477804 ], [ -47.631492100243172, -15.95423952846207 ], [ -47.632315308121406, -15.955387216300087 ], [ -47.634763557839577, -15.957540561731596 ], [ -47.636706613334056, -15.959876307700643 ], [ -47.637538227236881, -15.960553864681277 ], [ -47.64231628733318, -15.963058896481188 ], [ -47.647126177407031, -15.967798095736487 ], [ -47.649048431705538, -15.968920632808166 ], [ -47.650303870574156, -15.969199526343486 ], [ -47.651398062371598, -15.969230827136359 ], [ -47.652557230254828, -15.969039464086892 ], [ -47.653721519573374, -15.968606045986217 ], [ -47.655067584734354, -15.967693975548519 ], [ -47.659290002218292, -15.963666255422863 ], [ -47.66197756611205, -15.962394883981791 ], [ -47.661953674646085, -15.962061726700366 ], [ -47.663129438540913, -15.960943364929316 ], [ -47.663569766308392, -15.959603565723491 ], [ -47.663223754385825, -15.958816226077932 ], [ -47.662260843305901, -15.958904533535568 ], [ -47.66208937728819, -15.958775381591485 ], [ -47.661846120986809, -15.957403258146108 ], [ -47.661456184321153, -15.95661622777321 ], [ -47.65975758814448, -15.955729378046804 ], [ -47.659793976040291, -15.954526662953576 ], [ -47.65996250156843, -15.954251817895837 ], [ -47.660740479746046, -15.953818073447161 ], [ -47.662611454289852, -15.953921158303549 ], [ -47.662917313230452, -15.952962148792539 ], [ -47.663927327486981, -15.95242546148434 ], [ -47.664412599863198, -15.952528517957964 ], [ -47.664885811027517, -15.9529793083288 ], [ -47.665179489601819, -15.95298392955981 ], [ -47.665876970558372, -15.952638589387544 ], [ -47.666617070813061, -15.951890344537777 ], [ -47.666859719838833, -15.950022127952272 ], [ -47.667238557010222, -15.948923591126587 ], [ -47.668692869320004, -15.946174772458395 ], [ -47.668798912227516, -15.945539344480027 ], [ -47.668529343045421, -15.944975244791694 ], [ -47.667527049717869, -15.944707218251777 ], [ -47.666796994213072, -15.944083323904779 ], [ -47.666518612137956, -15.943632476499221 ], [ -47.666383283514655, -15.942903489502999 ], [ -47.666708871563273, -15.942645829351221 ], [ -47.667603273655537, -15.943115818923806 ], [ -47.668769109263003, -15.943334245630931 ], [ -47.669233866005712, -15.94298661092799 ], [ -47.668315616409053, -15.941210392612666 ], [ -47.668256032984203, -15.940849030692759 ], [ -47.668584315542638, -15.93944021794065 ], [ -47.668301754865709, -15.938156735459172 ], [ -47.668632657777941, -15.937765895780904 ], [ -47.669440884114401, -15.937366885586492 ], [ -47.669603370922779, -15.93693498563688 ], [ -47.668347587090793, -15.934719754703739 ], [ -47.668282977613941, -15.934333457377857 ], [ -47.668810897934094, -15.933378192004447 ], [ -47.669939929400556, -15.932289664567724 ], [ -47.670252166555798, -15.931680049028056 ], [ -47.67113196911459, -15.930684296564918 ], [ -47.671095554417448, -15.93046970946893 ], [ -47.670036750181403, -15.929680831077436 ], [ -47.669828210556616, -15.928955049482362 ], [ -47.670063318741001, -15.928852118536335 ], [ -47.671498601489063, -15.929069415820415 ], [ -47.671771814021987, -15.928710329338667 ], [ -47.671693912375723, -15.92764447714949 ], [ -47.67199080582548, -15.927463701891542 ], [ -47.674488980710258, -15.928117895821506 ], [ -47.675976002138299, -15.930036809486321 ], [ -47.676427461414015, -15.93022456139089 ], [ -47.677263633929641, -15.928602289644758 ], [ -47.677184168067598, -15.927150851898119 ], [ -47.676924861467441, -15.926152002803667 ], [ -47.675500771152734, -15.924756105461736 ], [ -47.675333737574178, -15.924134368366124 ], [ -47.676005585539563, -15.923592192855939 ], [ -47.677460898493038, -15.923472323901867 ], [ -47.677814693268381, -15.922194966263476 ], [ -47.679230313599241, -15.921430893485713 ], [ -47.680268243936027, -15.919240250644139 ], [ -47.680612189222167, -15.918864582058527 ], [ -47.680983615617237, -15.91880827699743 ], [ -47.681362911088215, -15.918988568310571 ], [ -47.681349060772547, -15.919334120206319 ], [ -47.68095930188553, -15.919932836819255 ], [ -47.681462734742794, -15.921355265890066 ], [ -47.681704460190517, -15.921489688130116 ], [ -47.682173849880556, -15.92138490420435 ], [ -47.682638076095152, -15.918955061512069 ], [ -47.682225067777942, -15.917464938825518 ], [ -47.682255980480519, -15.916780065372913 ], [ -47.683130622563723, -15.915295688440182 ], [ -47.684674236166458, -15.915023568123727 ], [ -47.684401650052244, -15.914435613835003 ], [ -47.683244178302445, -15.914604907552999 ], [ -47.682345953812124, -15.914413199332293 ], [ -47.680620670658506, -15.912525783806792 ], [ -47.680287132115772, -15.911807126141859 ], [ -47.680390195452347, -15.911372983539136 ], [ -47.681916068192365, -15.911199521650774 ], [ -47.682016678636586, -15.911042552170992 ], [ -47.681831403302766, -15.910235122433026 ], [ -47.682166816256576, -15.90988171614902 ], [ -47.682541436903406, -15.909844927174907 ], [ -47.683502096341634, -15.91023425015983 ], [ -47.684075495051921, -15.909644861044672 ], [ -47.684804814483499, -15.909566763984293 ], [ -47.685036723961588, -15.909764552036785 ], [ -47.685112420914827, -15.910766757212862 ], [ -47.685465213108763, -15.911345532861146 ], [ -47.687105280920079, -15.911780429866432 ], [ -47.688033060436844, -15.911592758513606 ], [ -47.68826680565212, -15.911353151380471 ], [ -47.688205479384784, -15.911098189304578 ], [ -47.687071316169643, -15.909674490140333 ], [ -47.686872246652456, -15.90904269625117 ], [ -47.687689106165081, -15.906437549976358 ], [ -47.688370794873236, -15.906133678904041 ], [ -47.688779032747547, -15.906140227803412 ], [ -47.688910696832842, -15.90671568052279 ], [ -47.688417141865791, -15.908157872539812 ], [ -47.688782579559152, -15.908706928422468 ], [ -47.689318097229261, -15.908751869116932 ], [ -47.689989322258718, -15.906531781919799 ], [ -47.691189571246291, -15.905724192629037 ], [ -47.691582533763707, -15.903953633068072 ], [ -47.691905313857013, -15.904054468970818 ], [ -47.6922763930569, -15.904687436601112 ], [ -47.691691564115651, -15.905484430944727 ], [ -47.691644067722457, -15.905909524292083 ], [ -47.692441826465846, -15.906854295118872 ], [ -47.693000563560823, -15.907215818142804 ], [ -47.694049650398796, -15.907223543611181 ], [ -47.694202529566077, -15.906854981185623 ], [ -47.693621456476379, -15.905578512287075 ], [ -47.693107837572981, -15.905044108757075 ], [ -47.693209676065692, -15.904793212431644 ], [ -47.694109664640628, -15.904577278900096 ], [ -47.696203699689704, -15.905404248651342 ], [ -47.696809714251316, -15.905402409977683 ], [ -47.696807243298778, -15.90453755531075 ], [ -47.696349777419712, -15.903442493671411 ], [ -47.698349071379063, -15.903639483021562 ], [ -47.698609391723593, -15.903499382354347 ], [ -47.698815848478979, -15.902958369585534 ], [ -47.698700893270484, -15.902541347842037 ], [ -47.698074453075606, -15.902283882924706 ], [ -47.697596079750717, -15.901794141035333 ], [ -47.697407332473702, -15.900459895088771 ], [ -47.697518075644851, -15.899448290912401 ], [ -47.698152617624082, -15.899245316848388 ], [ -47.699354307025359, -15.90020920842213 ], [ -47.69990652656243, -15.899973929478108 ], [ -47.699030775383278, -15.898385004688562 ], [ -47.699017675138279, -15.897429695456877 ], [ -47.699419815999498, -15.89718776980693 ], [ -47.701017618385038, -15.897348714956381 ], [ -47.702419775779646, -15.897789824936337 ], [ -47.702721196112485, -15.897601806162729 ], [ -47.702532760685649, -15.897291412192228 ], [ -47.70139347677263, -15.896563375156683 ], [ -47.70070180594255, -15.895755715541723 ], [ -47.700461129194537, -15.895303436922932 ], [ -47.700564118426328, -15.89476214957671 ], [ -47.701522117969375, -15.894232674240587 ], [ -47.702328227994151, -15.895217957326086 ], [ -47.702963714458342, -15.895515677121548 ], [ -47.703995153113894, -15.892373505810076 ], [ -47.704145854057714, -15.892315069116224 ], [ -47.705479833411665, -15.892927404909022 ], [ -47.706525126972601, -15.893934721875477 ], [ -47.707128100695023, -15.89419433450345 ], [ -47.707212411733188, -15.893451058010825 ], [ -47.706824707528035, -15.892153866458303 ], [ -47.7068610649576, -15.891524962511022 ], [ -47.707690588812795, -15.891295904729635 ], [ -47.708872689775497, -15.891847802570931 ], [ -47.709294406181151, -15.891858820657676 ], [ -47.709511073943787, -15.891200288794918 ], [ -47.708407679229282, -15.890252266294452 ], [ -47.708149714031514, -15.88974404877089 ], [ -47.708220940280867, -15.889441218131433 ], [ -47.70925130867991, -15.888877169381926 ], [ -47.710042928187775, -15.888149205810972 ], [ -47.711423520521066, -15.888355685474972 ], [ -47.711765291907412, -15.888173461352796 ], [ -47.712006370350132, -15.887684817303848 ], [ -47.711911445081029, -15.886988553515993 ], [ -47.711321284958871, -15.886180129131937 ], [ -47.709785616262756, -15.886284656704282 ], [ -47.709289049836791, -15.88589399359711 ], [ -47.709326876936387, -15.88552028774469 ], [ -47.710386313919585, -15.884618744846996 ], [ -47.710453489819812, -15.884123189015943 ], [ -47.709438933688979, -15.883752877227447 ], [ -47.709344608716691, -15.882131268115721 ], [ -47.708116036055124, -15.880955532929066 ], [ -47.707633934945477, -15.880219035233987 ], [ -47.708371036188844, -15.877417743315029 ], [ -47.70870172127907, -15.877273365849378 ], [ -47.709231057459782, -15.877726008938572 ], [ -47.709732703766839, -15.877544227325293 ], [ -47.709503073462777, -15.875550730658933 ], [ -47.709903644496272, -15.87493172975597 ], [ -47.711094289260046, -15.876047679415066 ], [ -47.712792358074267, -15.875444931265614 ], [ -47.713134896108677, -15.876330743521239 ], [ -47.713380348262604, -15.876331541036199 ], [ -47.713629168052996, -15.876036490674283 ], [ -47.714542105859223, -15.876686155894868 ], [ -47.71440195269674, -15.877981809273331 ], [ -47.715416920632173, -15.878033224216443 ], [ -47.716521613610254, -15.877155925711882 ], [ -47.716728635031743, -15.877562417276343 ], [ -47.716444518330192, -15.878248295657434 ], [ -47.716814530417004, -15.878368854652722 ], [ -47.717360761252124, -15.877538903078792 ], [ -47.718047492437044, -15.877526652424693 ], [ -47.718329318533826, -15.876967200856344 ], [ -47.71885148011085, -15.877117468570018 ], [ -47.719004826057869, -15.877457079749998 ], [ -47.719538408708885, -15.877353888851413 ], [ -47.719913373015238, -15.876190046907748 ], [ -47.720394988182321, -15.876758031209517 ], [ -47.720867198256386, -15.875946735798049 ], [ -47.721327248746228, -15.875990192483542 ], [ -47.722074922835681, -15.876801207407125 ], [ -47.722253819296213, -15.876549590432154 ], [ -47.722038379730293, -15.875500588368842 ], [ -47.722492177340158, -15.87549492798361 ], [ -47.723380032707816, -15.874720711231273 ], [ -47.72397679793324, -15.87468949933672 ], [ -47.724224177364498, -15.875675797382694 ], [ -47.724525651952774, -15.875543882656064 ], [ -47.724874419646788, -15.874781114194111 ], [ -47.725266146503678, -15.874464746441017 ], [ -47.726413401860924, -15.874570748587391 ], [ -47.7265055357447, -15.87509847039032 ], [ -47.726803401020874, -15.87525100464093 ], [ -47.72724693085911, -15.875200934572346 ], [ -47.727455360647674, -15.874976224125215 ], [ -47.727176814510486, -15.874635264276307 ], [ -47.727666050270052, -15.874168879421303 ], [ -47.728048800579693, -15.874516240848276 ], [ -47.728434809590411, -15.874571685931027 ], [ -47.728558443620138, -15.874264888339923 ], [ -47.72890993878957, -15.87436208649294 ], [ -47.729257621444646, -15.873933432043625 ], [ -47.730154840333007, -15.874357067354266 ], [ -47.730266756028392, -15.874006813710247 ], [ -47.73067217869113, -15.874178718661767 ], [ -47.730893242249344, -15.874055161271846 ], [ -47.730979225190914, -15.87368582122286 ], [ -47.73081224755645, -15.873259318173721 ], [ -47.730988271376425, -15.873071529591691 ], [ -47.732003003801687, -15.873515968101735 ], [ -47.732204700325809, -15.872322258934572 ], [ -47.733697260346602, -15.872144236663042 ], [ -47.734363001369893, -15.871764573661284 ], [ -47.735005607569654, -15.871959079549107 ], [ -47.736286892803079, -15.871870665129142 ], [ -47.736480513890271, -15.872023239117551 ], [ -47.736696504602513, -15.871721701743606 ], [ -47.736728268660393, -15.871006001514973 ], [ -47.737249586454041, -15.870750358736524 ], [ -47.737433240863631, -15.871297252415712 ], [ -47.737606528250858, -15.871155911620654 ], [ -47.737698427019204, -15.870454546171546 ], [ -47.738364455224918, -15.870667423271547 ], [ -47.73872625789776, -15.870430992116974 ], [ -47.73916799143403, -15.870415805240569 ], [ -47.740095406868527, -15.870722594272598 ], [ -47.740110170418411, -15.869958165269603 ], [ -47.741038999121763, -15.869907413057497 ], [ -47.740943981629684, -15.868835042721606 ], [ -47.741443920134039, -15.868849285387501 ], [ -47.741706630589178, -15.868121509130486 ], [ -47.74157843638902, -15.867700855632281 ], [ -47.741885003280466, -15.867564749570899 ], [ -47.741772390295097, -15.866269963370712 ], [ -47.742655988898335, -15.865359719461146 ], [ -47.742954856731593, -15.865312816388423 ], [ -47.743477528660264, -15.865553257752483 ], [ -47.743214145271367, -15.864592801394753 ], [ -47.743408054785348, -15.864332377203354 ], [ -47.743060536951148, -15.863732086519027 ], [ -47.743426373052571, -15.863571959650759 ], [ -47.74332737085922, -15.862122711061833 ], [ -47.744289285390352, -15.862130448687429 ], [ -47.74429514723591, -15.861455977439043 ], [ -47.744912083167087, -15.861240233084525 ], [ -47.744973415398057, -15.860603860299831 ], [ -47.745568743123741, -15.860838374825521 ], [ -47.745943856817291, -15.860275583190344 ], [ -47.746320092119177, -15.860059267616041 ], [ -47.746688256437189, -15.860264120516232 ], [ -47.74729676163512, -15.85969963585498 ], [ -47.746908583765141, -15.859429377945482 ], [ -47.746952046375647, -15.858641544177543 ], [ -47.747340675762175, -15.858171106016473 ], [ -47.747071221831732, -15.857684671727025 ], [ -47.747195492068379, -15.857264796266019 ], [ -47.746844297996908, -15.857058943279405 ], [ -47.746583933512767, -15.856605249718507 ], [ -47.746525899012987, -15.855794773257351 ], [ -47.746093701653535, -15.854897133446229 ], [ -47.746162343360282, -15.854457212941517 ], [ -47.745999009054593, -15.854218382746948 ], [ -47.745506148507317, -15.854048913659049 ], [ -47.745419753977835, -15.853809844159827 ], [ -47.745575573870255, -15.853565178843033 ], [ -47.746692934389934, -15.85343398186734 ], [ -47.746852830091264, -15.853106506370638 ], [ -47.74660116942259, -15.852687704576018 ], [ -47.746742596871307, -15.852154091400452 ], [ -47.748319883733217, -15.852458362234701 ], [ -47.748468079301375, -15.850947047502352 ], [ -47.749472370291741, -15.850307498037987 ], [ -47.749791133208149, -15.849544863845999 ], [ -47.750366582498671, -15.849234838025371 ], [ -47.750735432696061, -15.848481583085224 ], [ -47.751384605335701, -15.848002405010115 ], [ -47.752180867644682, -15.847753599632666 ], [ -47.752484815156876, -15.847295461687159 ], [ -47.752203435979446, -15.847080490570601 ], [ -47.752241172129501, -15.846919500411852 ], [ -47.752437102075859, -15.846751286952131 ], [ -47.752649617764661, -15.846832767098851 ], [ -47.752857541836846, -15.846358980029006 ], [ -47.753232050593802, -15.846402267975336 ], [ -47.753197575196275, -15.84604796202675 ], [ -47.753624203293477, -15.845977208688247 ], [ -47.754022531502997, -15.845228802432478 ], [ -47.754732332856683, -15.845025543301468 ], [ -47.754726451873516, -15.844637314677913 ], [ -47.755075443819052, -15.844123238027947 ], [ -47.755529134683222, -15.843720825324395 ], [ -47.755906224714799, -15.843828101346549 ], [ -47.755924937552585, -15.843296020267104 ], [ -47.757202488339438, -15.843164486791602 ], [ -47.757774841076163, -15.84219638192055 ], [ -47.759347636783936, -15.8419926237393 ], [ -47.759988265866866, -15.841288309822035 ], [ -47.760055800796323, -15.840779515405393 ], [ -47.760606939964873, -15.840637019554102 ], [ -47.76090515934353, -15.840797503642046 ], [ -47.761351368362448, -15.840602606201792 ], [ -47.762631021399528, -15.839433217309526 ], [ -47.763263971842946, -15.839346590956811 ], [ -47.764388033742129, -15.838559063636124 ], [ -47.765819217069271, -15.838408309329743 ], [ -47.76640077224328, -15.837817281427743 ], [ -47.767307515514624, -15.83745553587255 ], [ -47.768214922580661, -15.836741747380158 ], [ -47.768796659899628, -15.836770507641022 ], [ -47.770048435956539, -15.835541828935527 ], [ -47.770946698557047, -15.835173835156938 ], [ -47.771718568979047, -15.834473010344261 ], [ -47.772330607474295, -15.83250015258688 ], [ -47.772410253465587, -15.83146405788492 ], [ -47.770604463256738, -15.826846737005981 ], [ -47.77174898727592, -15.826508066995064 ], [ -47.772339129020111, -15.825824687198741 ], [ -47.772779706683352, -15.824746533235405 ], [ -47.773340302388277, -15.823942514968785 ], [ -47.773329300491305, -15.823136171102968 ], [ -47.772924043499849, -15.823012314636818 ], [ -47.773042642386621, -15.821935484908744 ], [ -47.769513811451112, -15.822086432498844 ], [ -47.768949034819258, -15.821214272792448 ], [ -47.768156978107228, -15.821052332144497 ], [ -47.767439052460432, -15.819777191213568 ], [ -47.774028775561774, -15.818050074465852 ], [ -47.775525306645854, -15.817485838493168 ], [ -47.781855580085328, -15.815730109733883 ], [ -47.778891421090478, -15.814491547027343 ], [ -47.777013159639722, -15.813220511831478 ], [ -47.772531115899092, -15.808103549611266 ], [ -47.771137578809054, -15.806840606078588 ], [ -47.770784888335321, -15.80614891119596 ], [ -47.770610720821693, -15.805177944145701 ], [ -47.770757047906329, -15.804633354933875 ], [ -47.773186515559942, -15.797811682549511 ], [ -47.773587051942457, -15.797508106663972 ], [ -47.773845503564672, -15.796382514963371 ], [ -47.775389330676433, -15.795729203476162 ], [ -47.775813854974615, -15.795780296101151 ], [ -47.776459269054826, -15.796156909496952 ], [ -47.776529421781895, -15.796641986866595 ], [ -47.776349908719297, -15.796991049808017 ], [ -47.776525392663693, -15.797764149342965 ], [ -47.776070107801324, -15.79823643535374 ], [ -47.776046045948071, -15.798683866378655 ], [ -47.776295900159162, -15.799319442127558 ], [ -47.777067254212405, -15.799533205517747 ], [ -47.778138538829985, -15.799224778858182 ], [ -47.781362649652031, -15.799029751529732 ], [ -47.783959878450624, -15.797840013658242 ], [ -47.783986457794455, -15.797382592181561 ], [ -47.784498706579051, -15.797128022552325 ], [ -47.784420619421446, -15.796211698592721 ], [ -47.784575621860228, -15.796142384045451 ], [ -47.784689685756796, -15.795459907772285 ], [ -47.784729117039369, -15.794571341871343 ], [ -47.784371361229233, -15.794088071513036 ], [ -47.784378517189076, -15.793840741637867 ], [ -47.784813997943218, -15.793479889327372 ], [ -47.785417506175619, -15.793562917974215 ], [ -47.785613939479745, -15.792314514274709 ], [ -47.785452332041373, -15.791785267522497 ], [ -47.785837961877434, -15.791483411487215 ], [ -47.785814469390537, -15.79075082077013 ], [ -47.786309080760141, -15.790682440776472 ], [ -47.786504548015202, -15.790417415061164 ], [ -47.787185413899756, -15.790871431176841 ], [ -47.787768114568607, -15.790633078324696 ], [ -47.787874932517148, -15.790317841854321 ], [ -47.78740519622292, -15.789665669775266 ], [ -47.787845016579638, -15.789714360236273 ], [ -47.787724316764674, -15.789274633079653 ], [ -47.787931028177042, -15.789307351637564 ], [ -47.78777883185834, -15.789021382876316 ], [ -47.787780970040679, -15.788608949532323 ], [ -47.787839321067096, -15.78899143627131 ], [ -47.788391022078692, -15.789358380589158 ], [ -47.789145569375499, -15.790673541092206 ], [ -47.788787015551186, -15.788905182887406 ], [ -47.788942685593426, -15.788475728569351 ], [ -47.787625546678136, -15.784832738548094 ], [ -47.787109067008458, -15.782392315912182 ], [ -47.786789691859454, -15.781960217168223 ], [ -47.793632783754525, -15.781042917093801 ], [ -47.795189604351776, -15.781215958276722 ], [ -47.796270573892059, -15.781598023157491 ], [ -47.797893877841517, -15.782745337021895 ], [ -47.800066765579686, -15.785849345364495 ], [ -47.801265881716006, -15.786785051422761 ], [ -47.802560537738252, -15.787378080897467 ], [ -47.803404075100268, -15.787381545177706 ], [ -47.803961488282894, -15.787159935147093 ], [ -47.804778709717851, -15.786367207249233 ], [ -47.805332631112272, -15.78432555716053 ], [ -47.805756590156648, -15.783479347780952 ], [ -47.808208929794667, -15.78072672775971 ], [ -47.812735343152454, -15.773515774766997 ], [ -47.813156370982014, -15.772269720159596 ], [ -47.813158377895881, -15.770922476498244 ], [ -47.812685131587862, -15.769463562710998 ], [ -47.812182680663113, -15.768710996359331 ], [ -47.808911458940749, -15.765373001574977 ], [ -47.808510396173332, -15.764465993043588 ], [ -47.808518693429122, -15.763794325458585 ], [ -47.808872281321335, -15.763043671436701 ], [ -47.812036299885541, -15.759757440065673 ], [ -47.813148016773475, -15.758133147563511 ], [ -47.81159031531751, -15.757339000746695 ], [ -47.810105130322491, -15.757394641042822 ], [ -47.807410479733399, -15.758738376071914 ], [ -47.789831854282355, -15.761483932923843 ], [ -47.787349827337543, -15.761460686923828 ], [ -47.785118498085602, -15.760920198508181 ], [ -47.761201800156009, -15.752290787475296 ], [ -47.759729987995797, -15.752008221258645 ], [ -47.757827497086815, -15.751960849464913 ], [ -47.756229308114065, -15.75225657264242 ], [ -47.754097551967341, -15.753086124932171 ], [ -47.738826858241012, -15.762351656184045 ], [ -47.735992446618027, -15.763085289134668 ], [ -47.733259050144845, -15.76296265970743 ], [ -47.731581472499855, -15.762460219106767 ], [ -47.729435977289953, -15.76130196535274 ], [ -47.704606894681461, -15.743798821312987 ], [ -47.690277545374599, -15.736501572938954 ], [ -47.687691061792805, -15.735896502507831 ], [ -47.68043519571922, -15.735737988613117 ], [ -47.679458923171914, -15.73539090725377 ], [ -47.677980551936223, -15.734354230540852 ], [ -47.677237327245024, -15.734065467431446 ], [ -47.674824889567567, -15.734367286843112 ], [ -47.674188065764085, -15.734268568257658 ], [ -47.67351439898183, -15.733862501690087 ], [ -47.670300478809125, -15.730737785951602 ], [ -47.665021191886098, -15.72746307883676 ], [ -47.663427687641459, -15.726980345431253 ], [ -47.662338419993695, -15.726982415315897 ], [ -47.660456374208152, -15.727425205150245 ] ] ] } },
{ "type": "Feature", "properties": { "ra_cira": 8, "ra_nome": "Núcleo Bandeirante", "ra_codigo": "RA-VIII", "regiao_saude": "Centro-Sul" }, "geometry": { "type": "Polygon", "coordinates": [ [ [ -47.95454509357144, -15.848391690016191 ], [ -47.959098858097093, -15.876753515691835 ], [ -47.961969805297365, -15.876330477569079 ], [ -47.962303996214402, -15.878468888444914 ], [ -47.963935123274332, -15.878931546284955 ], [ -47.963947363634929, -15.880611010155315 ], [ -47.968650306785221, -15.880622926077097 ], [ -47.968885478058702, -15.880330599283473 ], [ -47.96887058013909, -15.879394097999432 ], [ -47.970785676426893, -15.879379837871898 ], [ -47.970759964762692, -15.882904308399644 ], [ -47.963955388290302, -15.882929652000341 ], [ -47.96104327958745, -15.882258412144639 ], [ -47.961017349939354, -15.88375240158088 ], [ -47.974772496813408, -15.883608668108897 ], [ -47.976185776643625, -15.883321140461122 ], [ -47.977479566982822, -15.882563620937498 ], [ -47.978466461133749, -15.881484913733317 ], [ -47.979788945866574, -15.879010769138112 ], [ -47.980172530756292, -15.877255711549145 ], [ -47.980410917731099, -15.87728499394313 ], [ -47.980403323539733, -15.877607641101772 ], [ -47.98076857486106, -15.878187960835044 ], [ -47.982164684272043, -15.877877820775401 ], [ -47.98395471534684, -15.878062237783571 ], [ -47.984698051750037, -15.877693107938132 ], [ -47.986352555467874, -15.877461457407502 ], [ -47.987554963019356, -15.877631804107168 ], [ -47.988102239338765, -15.877886183315157 ], [ -47.992346576805041, -15.878084178621842 ], [ -47.993437426858328, -15.878315161583128 ], [ -47.996020147346073, -15.879768134768902 ], [ -48.000235728342844, -15.879915036014367 ], [ -48.00048033071441, -15.877268154932722 ], [ -47.984503658670199, -15.875798037428966 ], [ -47.982966508360136, -15.875364091885359 ], [ -47.978952499744132, -15.873360957391162 ], [ -47.977388531483157, -15.869878831109558 ], [ -47.977142640924342, -15.868936088019884 ], [ -47.977135383929664, -15.866762004678979 ], [ -47.97791901385451, -15.864740635796991 ], [ -47.977445430950205, -15.864327000847977 ], [ -47.97501705100737, -15.86658428968278 ], [ -47.969456813166758, -15.867214151739745 ], [ -47.969175226825378, -15.864859849206855 ], [ -47.964957471462952, -15.865338199978634 ], [ -47.964560867505114, -15.865225367976663 ], [ -47.964015479811735, -15.864728711790621 ], [ -47.963682817739283, -15.864852731088869 ], [ -47.963471300946331, -15.865327502976303 ], [ -47.959348920891166, -15.863389596849686 ], [ -47.959646589617051, -15.862950450098474 ], [ -47.962699703616508, -15.860839414159136 ], [ -47.961685270996036, -15.853751937762929 ], [ -47.956472356392858, -15.854484004918802 ], [ -47.955482673236432, -15.848252181574422 ], [ -47.95454509357144, -15.848391690016191 ] ] ] } },
{ "type": "Feature", "properties": { "ra_cira": 9, "ra_nome": "Ceilândia", "ra_codigo": "RA-IX", "regiao_saude": "Oeste" }, "geometry": { "type": "Polygon", "coordinates": [ [ [ -48.181999838647847, -15.747996610021504 ], [ -48.175913746428918, -15.751817917243274 ], [ -48.175113252313579, -15.752741651027755 ], [ -48.17482607803526, -15.75283949325906 ], [ -48.174260443875092, -15.752596013992141 ], [ -48.173883307475911, -15.751845632205644 ], [ -48.173935659946132, -15.750903465393499 ], [ -48.172440679910515, -15.75065494348387 ], [ -48.171228751343669, -15.751283128987296 ], [ -48.169872084346423, -15.752413315613301 ], [ -48.168827234544956, -15.752768529181694 ], [ -48.168633191416497, -15.752697866808042 ], [ -48.168286340549606, -15.753093287913336 ], [ -48.167355514173366, -15.753281690701373 ], [ -48.167408387965786, -15.753616698434081 ], [ -48.167048427811999, -15.753934829488555 ], [ -48.166725789709453, -15.754723299995709 ], [ -48.16609784181761, -15.755172687613641 ], [ -48.166025174952061, -15.755430303534453 ], [ -48.165396038697416, -15.755466365015364 ], [ -48.164690810390255, -15.756390303891195 ], [ -48.164736207535071, -15.756585091669187 ], [ -48.164071476185661, -15.756532516361617 ], [ -48.163888090302315, -15.756867750502476 ], [ -48.163357516909549, -15.756824347205526 ], [ -48.162975257316994, -15.757556510529517 ], [ -48.16125521862169, -15.759109269037101 ], [ -48.161135960810405, -15.759641927863127 ], [ -48.160836859767635, -15.759991752793404 ], [ -48.160334225381845, -15.760502737369979 ], [ -48.159834654788206, -15.760717955849175 ], [ -48.15989416946551, -15.76121246664893 ], [ -48.15951007598678, -15.761715646805389 ], [ -48.159630247656445, -15.762071791482436 ], [ -48.159419840496824, -15.76224618585838 ], [ -48.159072927102002, -15.762022402024749 ], [ -48.15901238154467, -15.762147757849 ], [ -48.159218049187487, -15.763006388428408 ], [ -48.1588933312281, -15.763669554557659 ], [ -48.15871928155579, -15.763679601734456 ], [ -48.15850761131118, -15.763258164744421 ], [ -48.158265189724716, -15.763304076121816 ], [ -48.15861214249302, -15.763731073100827 ], [ -48.157937225658515, -15.763929250071707 ], [ -48.157568036881678, -15.764287557487702 ], [ -48.157670496206883, -15.764446444076242 ], [ -48.158143814610909, -15.764414960925849 ], [ -48.158133965360115, -15.764827237383694 ], [ -48.158435905681763, -15.765133220645259 ], [ -48.157981107698518, -15.766276320690237 ], [ -48.158252767840423, -15.766516214555029 ], [ -48.158343367039237, -15.767019084051464 ], [ -48.157120597515465, -15.767497259545589 ], [ -48.156358768179011, -15.767293554109564 ], [ -48.155849931708495, -15.76739805055235 ], [ -48.155756777004783, -15.767606856022141 ], [ -48.155217118313985, -15.767537667083211 ], [ -48.154516511471378, -15.767780329071567 ], [ -48.153423164840881, -15.767786586213978 ], [ -48.1519875637767, -15.768139485515311 ], [ -48.150988968041617, -15.768001012405115 ], [ -48.150463482989991, -15.768324390581498 ], [ -48.15013142806513, -15.768313885231496 ], [ -48.149736152469444, -15.768704156349829 ], [ -48.149159073205723, -15.768671034792938 ], [ -48.148460275691534, -15.769009730231634 ], [ -48.147157996409149, -15.768608654478598 ], [ -48.146596337370866, -15.768761625266515 ], [ -48.145764066476417, -15.768634498884154 ], [ -48.145274917188736, -15.768816751245396 ], [ -48.143823967482568, -15.768059554959194 ], [ -48.143261620149538, -15.768055254883464 ], [ -48.142785065073461, -15.768270830673542 ], [ -48.142205377057678, -15.767914699345068 ], [ -48.141802567586566, -15.767974120215571 ], [ -48.141800712346047, -15.767700044425995 ], [ -48.141607417493844, -15.767643032189049 ], [ -48.138225472806148, -15.768173480342327 ], [ -48.137537537591307, -15.767698296810371 ], [ -48.136673304010401, -15.768017784725156 ], [ -48.136246695143861, -15.76796627274131 ], [ -48.135914215340001, -15.768196713585944 ], [ -48.135587977239915, -15.767826839167652 ], [ -48.134745626736439, -15.76787728253511 ], [ -48.134255698293074, -15.769317018876711 ], [ -48.133879330205531, -15.769681952011295 ], [ -48.132645935829743, -15.769802163223176 ], [ -48.131995368546498, -15.769681046395782 ], [ -48.132349094685722, -15.770507381025025 ], [ -48.131543718554724, -15.77141184934964 ], [ -48.129887192275781, -15.770847880767061 ], [ -48.128633991145158, -15.769623403892663 ], [ -48.127574056455856, -15.769575051593174 ], [ -48.126932557825626, -15.769843389587782 ], [ -48.126395220693041, -15.76968908167381 ], [ -48.126295393622826, -15.769207647882942 ], [ -48.125788617134155, -15.769107627594364 ], [ -48.125601161898089, -15.768811528969678 ], [ -48.125257283393836, -15.768997926704003 ], [ -48.12488258057337, -15.769818770207404 ], [ -48.124600008892642, -15.769920334981798 ], [ -48.12373438365951, -15.77000974784443 ], [ -48.123207529569399, -15.769544030549898 ], [ -48.122347557772478, -15.769933961112505 ], [ -48.121446567352955, -15.770111269859319 ], [ -48.121029750280442, -15.770021741077519 ], [ -48.120803127304441, -15.770759550196066 ], [ -48.120246909706395, -15.77106903016762 ], [ -48.11881894239378, -15.770726442836112 ], [ -48.117215684315852, -15.771152509967674 ], [ -48.116306019677488, -15.771038126057281 ], [ -48.114203130734296, -15.771468857230314 ], [ -48.113466119028267, -15.770989215497828 ], [ -48.113027414940703, -15.770971926894996 ], [ -48.111915525278299, -15.770436889319107 ], [ -48.11120131897551, -15.771245626721193 ], [ -48.110483968064109, -15.771059372551843 ], [ -48.109922914063837, -15.771641282094194 ], [ -48.108164752305413, -15.772003036871832 ], [ -48.1076058512622, -15.771728207366602 ], [ -48.106805541952482, -15.771947159563378 ], [ -48.106381963955691, -15.772277752752768 ], [ -48.106120273138494, -15.773045855657212 ], [ -48.105552883434825, -15.773257838315905 ], [ -48.105258646127794, -15.773693510338207 ], [ -48.105526645550931, -15.774012364380626 ], [ -48.105411170975252, -15.774570140806658 ], [ -48.105025982292844, -15.774924905353119 ], [ -48.105078125092689, -15.77528562542625 ], [ -48.104044865016114, -15.775306237333874 ], [ -48.103069038844481, -15.777322246088351 ], [ -48.103029092169493, -15.77790468767437 ], [ -48.102796139369794, -15.777952070814571 ], [ -48.102497615849977, -15.778418533212161 ], [ -48.102648714553851, -15.778730864770104 ], [ -48.102509084676669, -15.779246991948863 ], [ -48.102804799681202, -15.779550554039913 ], [ -48.1026254735972, -15.779720073177643 ], [ -48.102622734552298, -15.780349794451249 ], [ -48.103591390780174, -15.780916048037358 ], [ -48.102914854553788, -15.783308519839405 ], [ -48.102855750440391, -15.784307634830146 ], [ -48.103114168822771, -15.785380860285301 ], [ -48.102935373560115, -15.785849863151943 ], [ -48.103308678738898, -15.786494545648591 ], [ -48.104269650357281, -15.787041623214636 ], [ -48.104987713796397, -15.788176176233682 ], [ -48.105798220659288, -15.789030943380489 ], [ -48.106480968790919, -15.789304066653981 ], [ -48.106817381020164, -15.789742167718611 ], [ -48.107062754125067, -15.789808371086934 ], [ -48.10704974164485, -15.79016839753122 ], [ -48.107264515553709, -15.790499782157767 ], [ -48.108258507237252, -15.790135469219733 ], [ -48.111023646429764, -15.794013495557458 ], [ -48.11170855616583, -15.794009109571013 ], [ -48.112417111782257, -15.794522140149196 ], [ -48.108595584818637, -15.799546383360628 ], [ -48.107603916561004, -15.798838620936156 ], [ -48.101726394920888, -15.805372961762734 ], [ -48.10161133894298, -15.805467567150348 ], [ -48.101453899954898, -15.805312017634359 ], [ -48.096671694576933, -15.811697140064089 ], [ -48.094466681720199, -15.816306908270073 ], [ -48.094021484683282, -15.816801577948167 ], [ -48.093128950312448, -15.819117313311244 ], [ -48.093189693695066, -15.819602733055676 ], [ -48.092470731806827, -15.821511166119443 ], [ -48.093306924657519, -15.821815303411993 ], [ -48.08787152394887, -15.835871287113582 ], [ -48.093303205797142, -15.837730082309381 ], [ -48.091892387651541, -15.841891400523336 ], [ -48.090678668506392, -15.841479356241033 ], [ -48.090913630395725, -15.844456550101931 ], [ -48.090701381834307, -15.845917809331731 ], [ -48.089979036337205, -15.846844589555269 ], [ -48.087656512761249, -15.851235010561807 ], [ -48.08892169065237, -15.852308792249739 ], [ -48.089932956802201, -15.852667682159527 ], [ -48.09097368937325, -15.852659054635932 ], [ -48.091898708123765, -15.853397996848797 ], [ -48.093199849595869, -15.853224896769555 ], [ -48.093911263703347, -15.853686274366769 ], [ -48.095875373335375, -15.853997576915225 ], [ -48.096574322716293, -15.854677193778052 ], [ -48.097025249067009, -15.854593015087044 ], [ -48.098157413720628, -15.855296819873882 ], [ -48.099344136018132, -15.855232891533195 ], [ -48.099654125720079, -15.855776399757305 ], [ -48.100512672312817, -15.85636787519795 ], [ -48.100948725632435, -15.856308290688656 ], [ -48.101582289848928, -15.856550494625326 ], [ -48.102015302473617, -15.856463814294479 ], [ -48.102702599805944, -15.857357862112284 ], [ -48.103665811456018, -15.857001461165682 ], [ -48.104742110515396, -15.857366652515447 ], [ -48.105531327415711, -15.857314438476079 ], [ -48.105907444747416, -15.858124983516307 ], [ -48.106893793511489, -15.858656229133482 ], [ -48.107353618122993, -15.859447897458038 ], [ -48.107899138435549, -15.859072410837392 ], [ -48.108869486194251, -15.857346277036003 ], [ -48.109302904365897, -15.857196216321906 ], [ -48.109364779623661, -15.856930554293818 ], [ -48.109902686643849, -15.856526033930667 ], [ -48.111303482469857, -15.854151472588018 ], [ -48.110837391888481, -15.853810771522477 ], [ -48.113412776663381, -15.850417418866884 ], [ -48.120491964558759, -15.855473644622485 ], [ -48.129472350165912, -15.843681607540352 ], [ -48.13024842890389, -15.842877269559493 ], [ -48.13051992186935, -15.84223908637869 ], [ -48.130512517445538, -15.841759019185462 ], [ -48.130286657014643, -15.841257857188932 ], [ -48.129733394281935, -15.840793238173504 ], [ -48.124152612122153, -15.836932261103783 ], [ -48.123946038450761, -15.836979195741737 ], [ -48.122627974516199, -15.83869529972962 ], [ -48.116399857716111, -15.834238325976939 ], [ -48.115121927848385, -15.832159579575857 ], [ -48.117993181059497, -15.828403748866723 ], [ -48.118014298891175, -15.828162935488837 ], [ -48.119250658261556, -15.828888767905896 ], [ -48.121132729705614, -15.826388359907945 ], [ -48.123765886800562, -15.828358861223828 ], [ -48.123993377493989, -15.827931271032018 ], [ -48.124203604755657, -15.82593331032724 ], [ -48.125667928232161, -15.823863612437348 ], [ -48.125925135762834, -15.823740457576015 ], [ -48.126706421955696, -15.823999142335229 ], [ -48.128696561493769, -15.818788842354026 ], [ -48.131250632304408, -15.819694892189382 ], [ -48.131842799644772, -15.818250119801075 ], [ -48.131178872587647, -15.817893926577298 ], [ -48.130806306384088, -15.817880085616363 ], [ -48.131608464148186, -15.815783236498149 ], [ -48.132665284439462, -15.816150205669768 ], [ -48.133298940579273, -15.814516585243954 ], [ -48.134723038852634, -15.815019185688875 ], [ -48.136396058618594, -15.810670585235469 ], [ -48.136797919597406, -15.809080924119343 ], [ -48.14096765059309, -15.81028052065078 ], [ -48.143081447579341, -15.809398506719971 ], [ -48.145899205185181, -15.809108243762472 ], [ -48.146102515488558, -15.808438346470982 ], [ -48.14777256643152, -15.808891906968949 ], [ -48.151012619219301, -15.808436384181924 ], [ -48.154226850019263, -15.809340464836973 ], [ -48.155459827063844, -15.81040709013592 ], [ -48.155904686828002, -15.809627173899607 ], [ -48.158009443869581, -15.810238592585188 ], [ -48.1591472242267, -15.80950194793855 ], [ -48.16394210502537, -15.79396218761052 ], [ -48.181904529224795, -15.799100922088154 ], [ -48.183212920757036, -15.79922865637414 ], [ -48.184652064103453, -15.799119165534712 ], [ -48.188555298874107, -15.798009367445815 ], [ -48.188849005035237, -15.799013660147905 ], [ -48.188448122075393, -15.799395596081471 ], [ -48.188309284381603, -15.799799579266296 ], [ -48.188576474851892, -15.800412436423297 ], [ -48.188413445767914, -15.800990183353411 ], [ -48.188604977299725, -15.802091023706225 ], [ -48.189671321410422, -15.805150578993491 ], [ -48.189552911564519, -15.805360066479457 ], [ -48.190075327563349, -15.806316734150382 ], [ -48.190080104815053, -15.806873360686515 ], [ -48.190858463428135, -15.807312262455692 ], [ -48.190993960424649, -15.80758582172367 ], [ -48.190884114823177, -15.808168785689887 ], [ -48.19118486969132, -15.809673576343958 ], [ -48.190852478847262, -15.811983454812371 ], [ -48.190044401423883, -15.813527303110511 ], [ -48.1894487894116, -15.814033173345814 ], [ -48.188952430416478, -15.814808712184902 ], [ -48.187841590572695, -15.81475886991019 ], [ -48.187602257782601, -15.815039825169073 ], [ -48.187101179179635, -15.815175845048133 ], [ -48.186703140367825, -15.815900368169011 ], [ -48.186245930240212, -15.816128194763792 ], [ -48.186176308049106, -15.8169281571958 ], [ -48.185170855042543, -15.817922044108766 ], [ -48.184586141930403, -15.819349929618332 ], [ -48.184754541251237, -15.820141437847335 ], [ -48.184288135353043, -15.820492897676994 ], [ -48.184436484604419, -15.820589243870206 ], [ -48.184503018040338, -15.821350380724589 ], [ -48.184112565227807, -15.821099607331652 ], [ -48.183963887053025, -15.821417151339716 ], [ -48.183594685088835, -15.82144581259544 ], [ -48.183678757729986, -15.821783924663475 ], [ -48.183499989838943, -15.822029885531647 ], [ -48.183219162830788, -15.822047036589055 ], [ -48.183200970590285, -15.822472269349936 ], [ -48.183530952821002, -15.822723565403589 ], [ -48.183442250749309, -15.823227589468937 ], [ -48.183772420819054, -15.8233295743283 ], [ -48.183824430289569, -15.823029872716637 ], [ -48.184066711460495, -15.823276588661578 ], [ -48.183864101639216, -15.824068579699015 ], [ -48.184268254700065, -15.824204945925203 ], [ -48.184693355595087, -15.824736428952836 ], [ -48.184988030313605, -15.825552163591119 ], [ -48.185380571644785, -15.826041012171791 ], [ -48.185825367114369, -15.826224781524672 ], [ -48.186013577626184, -15.826946399562393 ], [ -48.186733312512487, -15.827755786666375 ], [ -48.186982752213282, -15.828975184411007 ], [ -48.187325107755974, -15.829390121613855 ], [ -48.187662922072754, -15.830288753655401 ], [ -48.188150235865784, -15.830750445595342 ], [ -48.18816561567975, -15.831280593356176 ], [ -48.187985964745948, -15.831548609103841 ], [ -48.18877413284541, -15.832183553274866 ], [ -48.1886049401554, -15.832557317939605 ], [ -48.188611686803135, -15.833511625957545 ], [ -48.188822286659544, -15.833799877619025 ], [ -48.189065805350751, -15.833693463148084 ], [ -48.189071557205253, -15.834818257123146 ], [ -48.190189455563264, -15.835720293290487 ], [ -48.19015913705632, -15.835890552213927 ], [ -48.189744568299979, -15.836049009014921 ], [ -48.189993623759378, -15.836424949376109 ], [ -48.189207479425669, -15.837265231987685 ], [ -48.188808210850667, -15.838351696301681 ], [ -48.187675303417258, -15.839294615070814 ], [ -48.187563655794307, -15.839673307953573 ], [ -48.187100346478942, -15.839576387688458 ], [ -48.186883697406913, -15.84036369908563 ], [ -48.186293640291275, -15.841198642834296 ], [ -48.18654052043474, -15.841639335869537 ], [ -48.186066991543555, -15.842358103785518 ], [ -48.186486768276474, -15.843328587651049 ], [ -48.18626052565093, -15.844065887657052 ], [ -48.185881160956598, -15.844519771770916 ], [ -48.185118304507952, -15.844996289833913 ], [ -48.184265963049924, -15.844362611515749 ], [ -48.184026237228274, -15.845043236064036 ], [ -48.18352852781846, -15.845124381930852 ], [ -48.183210469096935, -15.845730491761929 ], [ -48.182800774195627, -15.845127999948492 ], [ -48.181877150208173, -15.845814316710857 ], [ -48.18166835225729, -15.845749759477663 ], [ -48.18180299810485, -15.845391106118507 ], [ -48.181424919971221, -15.845314513221544 ], [ -48.181425089676445, -15.845720460371192 ], [ -48.180233428964463, -15.846153496557031 ], [ -48.18035955931893, -15.846685117858717 ], [ -48.179783273946128, -15.846765006646692 ], [ -48.178238326852743, -15.847817511098221 ], [ -48.177655412856609, -15.848764471226117 ], [ -48.177776383247746, -15.849580509257565 ], [ -48.177379229042046, -15.849992727961991 ], [ -48.177204864823587, -15.850923928159137 ], [ -48.176887307908949, -15.851101811946243 ], [ -48.176756982311815, -15.851487902942543 ], [ -48.177168086193198, -15.852055079705135 ], [ -48.176751576419591, -15.853225809105133 ], [ -48.176775602155693, -15.853596435980176 ], [ -48.176347410697034, -15.853977286623364 ], [ -48.17654034611715, -15.854328091653091 ], [ -48.176465025857055, -15.854856960716477 ], [ -48.176356595591841, -15.855111261844746 ], [ -48.175999711467696, -15.855190934878573 ], [ -48.176028398443329, -15.855511699719115 ], [ -48.176427630991419, -15.855872654454483 ], [ -48.175488242212708, -15.856428852703768 ], [ -48.175357810457058, -15.857070744897444 ], [ -48.175779181047531, -15.857510183957565 ], [ -48.176425754350511, -15.857222302678911 ], [ -48.176833778363282, -15.857251922270773 ], [ -48.177211089648964, -15.857683294798859 ], [ -48.177275531290604, -15.858655478860587 ], [ -48.178237688199793, -15.860826893540134 ], [ -48.177664263518409, -15.861400944087521 ], [ -48.177632561009133, -15.861883850728962 ], [ -48.17802186501391, -15.862109856635884 ], [ -48.179445582062769, -15.86165597130214 ], [ -48.180261354892025, -15.861161635399787 ], [ -48.182170174540389, -15.860582045059498 ], [ -48.183019605895083, -15.861720065938217 ], [ -48.183384684377657, -15.862712650841686 ], [ -48.183232604850154, -15.863312774930197 ], [ -48.183540456265703, -15.863461418307212 ], [ -48.183596583470369, -15.863858175789773 ], [ -48.183883962019912, -15.864091536982874 ], [ -48.183464879737279, -15.864484034978188 ], [ -48.18377543071405, -15.864688184473646 ], [ -48.184251690472841, -15.865701055581676 ], [ -48.184812343977846, -15.865840096142207 ], [ -48.184618544102207, -15.866344776500236 ], [ -48.185368015360837, -15.867032170328375 ], [ -48.185494640509582, -15.867437950497239 ], [ -48.185891715828085, -15.867409194570527 ], [ -48.187598439662814, -15.86905468620386 ], [ -48.188066097157041, -15.869041397731545 ], [ -48.188337099094831, -15.869329658231024 ], [ -48.188733971621794, -15.869329355644975 ], [ -48.188716546240428, -15.869864005449246 ], [ -48.189381466687138, -15.870357525295526 ], [ -48.189305776935115, -15.870854020093295 ], [ -48.189501586941155, -15.871107620864601 ], [ -48.190317307754903, -15.871061880306179 ], [ -48.19094290056649, -15.871633144590461 ], [ -48.191475934615717, -15.871335147383896 ], [ -48.192096101677926, -15.871331910494327 ], [ -48.192663133581533, -15.871866843967238 ], [ -48.192356068303184, -15.872165630342895 ], [ -48.191790560787119, -15.872321095770404 ], [ -48.191678510096033, -15.872609561324659 ], [ -48.191824476570133, -15.872761939543327 ], [ -48.192011684872384, -15.872463844204809 ], [ -48.192201598435581, -15.872471675145825 ], [ -48.192586195319954, -15.873218288085532 ], [ -48.193192794257023, -15.873159388067641 ], [ -48.193428077532246, -15.873583330426602 ], [ -48.193132878707679, -15.873966120097386 ], [ -48.194883350667325, -15.875216460259105 ], [ -48.194811275234997, -15.875482655120463 ], [ -48.194404018556689, -15.875467227018284 ], [ -48.194377791518633, -15.875585653067846 ], [ -48.194694707178989, -15.875766826853138 ], [ -48.194936865773983, -15.876466749679755 ], [ -48.195742109660578, -15.877204474504222 ], [ -48.19577877012923, -15.877686336878821 ], [ -48.195898990385203, -15.877759624923359 ], [ -48.196190187383216, -15.877542599350049 ], [ -48.196308766724698, -15.878338167869231 ], [ -48.196693738228348, -15.878540229816272 ], [ -48.196637622802768, -15.878735204417776 ], [ -48.196069408370107, -15.879022106010533 ], [ -48.196091964225019, -15.879202426891101 ], [ -48.196841733045076, -15.879428630218403 ], [ -48.19690294395771, -15.880130853130328 ], [ -48.197826271540251, -15.880709904834424 ], [ -48.197897352229162, -15.883275833571837 ], [ -48.198230327001312, -15.883226878307774 ], [ -48.198634066204498, -15.882795179945161 ], [ -48.198940996967366, -15.882853646984655 ], [ -48.200270760236343, -15.884346682349724 ], [ -48.199919245357719, -15.884846733837309 ], [ -48.200657026458344, -15.88538029784886 ], [ -48.200834297877108, -15.885743909425029 ], [ -48.200624114701121, -15.886100852195534 ], [ -48.200691805506345, -15.887331348274561 ], [ -48.200233172035041, -15.887786746038222 ], [ -48.200532434103025, -15.888489777510477 ], [ -48.201052783094745, -15.888775284037022 ], [ -48.201282315067857, -15.889155683117018 ], [ -48.202080285799298, -15.889418871756925 ], [ -48.20208677339479, -15.88999192807225 ], [ -48.202417409982665, -15.890434217774231 ], [ -48.20218344406868, -15.891354401091343 ], [ -48.202303631468247, -15.891557291750441 ], [ -48.202741350913861, -15.891377908137853 ], [ -48.203015629703906, -15.891558859339817 ], [ -48.203641822277412, -15.891532697145236 ], [ -48.203889505541582, -15.892116870298217 ], [ -48.204635781188479, -15.89135999354745 ], [ -48.205912407214889, -15.891471762372142 ], [ -48.20602923532946, -15.891854087157293 ], [ -48.205806367477933, -15.892581975587264 ], [ -48.206798158579581, -15.893748420352159 ], [ -48.207187242593122, -15.893272344810409 ], [ -48.208072960619987, -15.89293311795773 ], [ -48.208268839311565, -15.893009373545363 ], [ -48.207750330806874, -15.89448196559735 ], [ -48.207847182667756, -15.894849975451265 ], [ -48.208537190527238, -15.895744252787789 ], [ -48.209473659396664, -15.895737926941678 ], [ -48.20973402397297, -15.896408455923909 ], [ -48.210314570997447, -15.897012260521427 ], [ -48.21072666091802, -15.896912537029769 ], [ -48.210987713325245, -15.896638611506669 ], [ -48.210630099260648, -15.896239048062689 ], [ -48.211998752688466, -15.895556236398134 ], [ -48.212271147345639, -15.896149890702299 ], [ -48.21263662778955, -15.896485989196968 ], [ -48.212509672128441, -15.897145201963752 ], [ -48.213083507894844, -15.897612560679262 ], [ -48.213935145714366, -15.897270852269104 ], [ -48.214477566466101, -15.897753935753396 ], [ -48.214830550801139, -15.897273075228034 ], [ -48.216902120503796, -15.897425934424311 ], [ -48.217423180624863, -15.897264052773041 ], [ -48.217810081266258, -15.897586979595852 ], [ -48.218189449146955, -15.897627623398444 ], [ -48.218147029306763, -15.898077570698222 ], [ -48.218610101566213, -15.899116106699541 ], [ -48.219334158286628, -15.898140519791776 ], [ -48.21981170649503, -15.897811708929302 ], [ -48.220456891128784, -15.898781526814503 ], [ -48.220413527550079, -15.899376882858627 ], [ -48.220039768490992, -15.899778402371613 ], [ -48.220669648122232, -15.90089122065438 ], [ -48.221354826265028, -15.901085057718966 ], [ -48.221970327632334, -15.900555332492766 ], [ -48.222632724972463, -15.900338853959429 ], [ -48.223244685851938, -15.900897302687973 ], [ -48.22312318885119, -15.901352275874659 ], [ -48.223309687423644, -15.902022205658866 ], [ -48.223961519680365, -15.90230633439619 ], [ -48.22407534235542, -15.902528014952274 ], [ -48.224718826964988, -15.902583116047506 ], [ -48.224835007435303, -15.902283121345427 ], [ -48.224239502294665, -15.901492976471577 ], [ -48.224140452113538, -15.900675317118703 ], [ -48.224526078499579, -15.90066939477224 ], [ -48.224754673959744, -15.901296377508423 ], [ -48.226375971543497, -15.901024744119885 ], [ -48.226466170104295, -15.900818593175245 ], [ -48.226293473716275, -15.900295004129148 ], [ -48.226482398647327, -15.89986103263635 ], [ -48.227049101732106, -15.900018697877751 ], [ -48.227441207685096, -15.900420912093995 ], [ -48.227965121418642, -15.900088298230573 ], [ -48.228801276037743, -15.900181709296922 ], [ -48.228918172489593, -15.900400839827341 ], [ -48.228690614131047, -15.900798312484504 ], [ -48.227975136802897, -15.901052867478644 ], [ -48.227926470210797, -15.901305185633978 ], [ -48.228470590802715, -15.90181853825769 ], [ -48.228913870854441, -15.901667229822014 ], [ -48.229412501381702, -15.901778291089808 ], [ -48.230618357865829, -15.901533158909249 ], [ -48.230640289187363, -15.901200704746577 ], [ -48.230246598484513, -15.900867035601328 ], [ -48.230453187627234, -15.90054701710106 ], [ -48.2307510342509, -15.900598390140379 ], [ -48.230937041421654, -15.901004568442934 ], [ -48.231658664758811, -15.901576619604707 ], [ -48.231908374339426, -15.900676652236971 ], [ -48.233823667424353, -15.900476990586554 ], [ -48.234173375936088, -15.900578169426069 ], [ -48.234220540268851, -15.900939639842482 ], [ -48.234404250192128, -15.901042967493115 ], [ -48.234747620785534, -15.900728793444996 ], [ -48.235142098028206, -15.900666682504943 ], [ -48.234781763606051, -15.9004151008462 ], [ -48.235048530180684, -15.898981566487119 ], [ -48.235412279385486, -15.899091727546336 ], [ -48.235604884542482, -15.899913087330029 ], [ -48.235803518520626, -15.89988775998687 ], [ -48.236245755123385, -15.899296106016223 ], [ -48.237097602814401, -15.899106646524981 ], [ -48.237212327194683, -15.899358512702753 ], [ -48.23642189991039, -15.900002724044697 ], [ -48.23649198745025, -15.900338126611 ], [ -48.23698569830367, -15.90094934323688 ], [ -48.236889396113035, -15.901491860923981 ], [ -48.235851235059563, -15.902704921535543 ], [ -48.23587988862355, -15.902895463794893 ], [ -48.236785246987196, -15.903632129572513 ], [ -48.237997767365194, -15.903561602687921 ], [ -48.238572026264514, -15.903822585147816 ], [ -48.240334013049072, -15.90273155675632 ], [ -48.240036676300079, -15.90353533575777 ], [ -48.240736831557903, -15.904554909724757 ], [ -48.241578679097032, -15.904873087154062 ], [ -48.242433742279722, -15.904661352276817 ], [ -48.243513697827282, -15.905386165781804 ], [ -48.244288331836508, -15.906328847050366 ], [ -48.245971070268347, -15.90702360362234 ], [ -48.24636297167325, -15.907468750211104 ], [ -48.246594235237737, -15.907480501248504 ], [ -48.247004477215008, -15.90704641137337 ], [ -48.247152038335578, -15.907081011977565 ], [ -48.247132041125553, -15.907650641301501 ], [ -48.247008009286716, -15.907966656722992 ], [ -48.246784203357628, -15.908034404499359 ], [ -48.246857059922256, -15.909297938482272 ], [ -48.247472138854668, -15.908716204607114 ], [ -48.248008747957762, -15.909462412707237 ], [ -48.248305466151862, -15.909303182218625 ], [ -48.248667910119806, -15.908541831038297 ], [ -48.249268583983408, -15.90877540739737 ], [ -48.250493641033877, -15.908614718973956 ], [ -48.250724716152035, -15.908696879671108 ], [ -48.250913078289791, -15.909074231702453 ], [ -48.251308122257356, -15.908927971783401 ], [ -48.2516346109213, -15.909022872146403 ], [ -48.251809398924678, -15.909334786555187 ], [ -48.252178789040009, -15.909426965611459 ], [ -48.252665410788715, -15.909859323285829 ], [ -48.252768471124355, -15.910022295470112 ], [ -48.252479051489495, -15.910583426375574 ], [ -48.253307564938559, -15.911607327504589 ], [ -48.253515749939091, -15.911542197034906 ], [ -48.253526127153407, -15.910945634887776 ], [ -48.253742013908877, -15.910755153267862 ], [ -48.254075470301665, -15.910923069271366 ], [ -48.254367410381853, -15.911390493341237 ], [ -48.254944598928866, -15.911562699914764 ], [ -48.255073704912775, -15.912115415803125 ], [ -48.255512818225114, -15.912527282969133 ], [ -48.255395635238408, -15.912828393018657 ], [ -48.254848234102603, -15.913203351948168 ], [ -48.255015554284071, -15.913865380903017 ], [ -48.254351887086472, -15.915228727415546 ], [ -48.254893841493754, -15.915141235938819 ], [ -48.255175483886148, -15.915548634824717 ], [ -48.255185183488081, -15.916031354141664 ], [ -48.255091854734637, -15.916181475656312 ], [ -48.254124860212229, -15.916233786673891 ], [ -48.25371236844758, -15.916771144466479 ], [ -48.254124197472812, -15.917089234537711 ], [ -48.255031283225051, -15.917243464280173 ], [ -48.256306701898041, -15.917123327400928 ], [ -48.256390173498431, -15.91740450346626 ], [ -48.256179025893807, -15.917728274898241 ], [ -48.256307066652361, -15.917849613517511 ], [ -48.257800045018904, -15.917924077424951 ], [ -48.258241726223474, -15.918249231921935 ], [ -48.257910337828434, -15.919110856173019 ], [ -48.258315136676693, -15.920113311957703 ], [ -48.259197970328295, -15.920721523495338 ], [ -48.2595476409805, -15.921788826761457 ], [ -48.259418382776722, -15.922169193669244 ], [ -48.259074307102814, -15.922217378932476 ], [ -48.259072130536126, -15.922656539722453 ], [ -48.258452130378558, -15.923327404449713 ], [ -48.258800265178884, -15.92429467934087 ], [ -48.259311275659527, -15.924560983731309 ], [ -48.259290106923693, -15.924795068652044 ], [ -48.258458421359599, -15.92477101937814 ], [ -48.25832834185104, -15.924946094296578 ], [ -48.258747362695601, -15.925578386821593 ], [ -48.258923572073037, -15.927451583185888 ], [ -48.259337535858329, -15.927823745585927 ], [ -48.25901306182319, -15.928461537171778 ], [ -48.259192100148958, -15.929221466714241 ], [ -48.260715812121688, -15.929284081859171 ], [ -48.261264779675116, -15.928757464472826 ], [ -48.260694196072507, -15.928054708895788 ], [ -48.261169717823897, -15.927902892980297 ], [ -48.261492992066209, -15.927927008262564 ], [ -48.262217768995676, -15.928458768301406 ], [ -48.264216589909267, -15.928424920288082 ], [ -48.264249861264332, -15.929229426152951 ], [ -48.265113151343556, -15.931573858594305 ], [ -48.268200125285112, -15.933145402223515 ], [ -48.268588688581886, -15.933050505890618 ], [ -48.268937165384379, -15.93212469036332 ], [ -48.269780440881362, -15.93170578743654 ], [ -48.270266321975946, -15.931650699188962 ], [ -48.271272749890045, -15.932000408603496 ], [ -48.274101130846041, -15.931079853160693 ], [ -48.27579366357682, -15.93158177164335 ], [ -48.276132523774812, -15.931519165195789 ], [ -48.276375937316693, -15.931125212722453 ], [ -48.275592269760523, -15.930443098981037 ], [ -48.275225666131519, -15.92937911133798 ], [ -48.274797914270586, -15.928741905951597 ], [ -48.274844708818286, -15.928273418705064 ], [ -48.274636806941146, -15.927847623694511 ], [ -48.275218176874247, -15.927137467242245 ], [ -48.276318277618024, -15.926763510352902 ], [ -48.276789144625909, -15.926831919290782 ], [ -48.277063089082681, -15.926644172669917 ], [ -48.276652112984408, -15.9263271002275 ], [ -48.276804070379569, -15.925905243251488 ], [ -48.276716171021654, -15.925627784487311 ], [ -48.275787195902119, -15.925857406414263 ], [ -48.275684930084616, -15.925652864728688 ], [ -48.276076947117197, -15.925411453934197 ], [ -48.276000021219474, -15.924902118378654 ], [ -48.275247947350046, -15.924494263145524 ], [ -48.275785595429952, -15.924178979345275 ], [ -48.276766934469357, -15.924297834502148 ], [ -48.276915049919218, -15.923971959562607 ], [ -48.275322985773862, -15.923380893949632 ], [ -48.275420799113476, -15.922883546125258 ], [ -48.276065364315691, -15.923019365435371 ], [ -48.276257712943448, -15.922839412847209 ], [ -48.276127969318665, -15.922557537312461 ], [ -48.275626298508072, -15.922475082695504 ], [ -48.27518601875181, -15.921918503082761 ], [ -48.274931811143354, -15.922043381941494 ], [ -48.274569047987598, -15.922951381203044 ], [ -48.274299127437352, -15.923090603375243 ], [ -48.27414128111451, -15.922951063706106 ], [ -48.274197020896423, -15.922445796481565 ], [ -48.273669896662796, -15.922255362218618 ], [ -48.273049866409352, -15.922285849472447 ], [ -48.272782536474047, -15.921685701228119 ], [ -48.272582668100128, -15.921734267035426 ], [ -48.27230242504411, -15.922211436547826 ], [ -48.272047975297909, -15.922134357060672 ], [ -48.271645880186668, -15.921116347276772 ], [ -48.272798870237011, -15.920576500503705 ], [ -48.273149093957834, -15.920119515712338 ], [ -48.273057001480495, -15.919911644018953 ], [ -48.271904773579124, -15.920263821000193 ], [ -48.271435071737059, -15.919757066273194 ], [ -48.27088163041369, -15.920048596292988 ], [ -48.27008265631649, -15.919521641860598 ], [ -48.270043285101082, -15.918930851515329 ], [ -48.270465000576287, -15.919035913587049 ], [ -48.270765153351562, -15.918868557737046 ], [ -48.271038666015599, -15.917624527540797 ], [ -48.270881943387096, -15.917445478381099 ], [ -48.270478962651936, -15.917660998110035 ], [ -48.270040843680235, -15.917652538084697 ], [ -48.26959662827187, -15.917137507799767 ], [ -48.269553889512324, -15.916861694452564 ], [ -48.269815295854265, -15.916719153176572 ], [ -48.270176171310247, -15.917031789300287 ], [ -48.27041203925193, -15.916960457468599 ], [ -48.270458031840306, -15.916728533196695 ], [ -48.27008980710567, -15.916271760376461 ], [ -48.270677161874978, -15.916142662194432 ], [ -48.270759219845708, -15.915963632502269 ], [ -48.270457267945012, -15.915532599387008 ], [ -48.270491730930111, -15.91502481770555 ], [ -48.270116481531041, -15.914418365473853 ], [ -48.270065542755972, -15.91362351751094 ], [ -48.269308675046474, -15.913079031153119 ], [ -48.26991639498133, -15.91240780605137 ], [ -48.270464549659458, -15.912190645199761 ], [ -48.270429879505663, -15.911969127977869 ], [ -48.26978220566707, -15.911826194577349 ], [ -48.269645367702147, -15.911501136319504 ], [ -48.270169593937361, -15.910986676885548 ], [ -48.270192673955407, -15.910429350130618 ], [ -48.270337133587041, -15.910360880337949 ], [ -48.270971693119748, -15.91077170481997 ], [ -48.272141744943205, -15.910776263547538 ], [ -48.2746717133112, -15.909374463201043 ], [ -48.274859647396873, -15.908833095280341 ], [ -48.274809075895085, -15.907761214806078 ], [ -48.275039238461773, -15.90753453482538 ], [ -48.276251408252477, -15.907119049932064 ], [ -48.276772964831757, -15.907292641761787 ], [ -48.277012649002081, -15.907650975160195 ], [ -48.27725240229757, -15.907413343080272 ], [ -48.276371503538229, -15.906053004581604 ], [ -48.276004254613845, -15.905811136498253 ], [ -48.275176858770337, -15.905651521344113 ], [ -48.274818324132639, -15.9052339979909 ], [ -48.274401530342068, -15.904519083320539 ], [ -48.274177193133823, -15.903310859333105 ], [ -48.27454729656386, -15.902995261941875 ], [ -48.276197307601301, -15.903068336435249 ], [ -48.276364899071538, -15.902858620420421 ], [ -48.275829155379782, -15.901532168660177 ], [ -48.276274905312235, -15.900533981675103 ], [ -48.276738284311307, -15.900266789130589 ], [ -48.27666534516532, -15.899969751486621 ], [ -48.275808071709598, -15.899174917694564 ], [ -48.274685251564819, -15.900024927574455 ], [ -48.273899729131983, -15.899452970783985 ], [ -48.273769535882067, -15.899120313475565 ], [ -48.274165452186764, -15.897641836278542 ], [ -48.275868950044959, -15.897360536355405 ], [ -48.276042155270147, -15.897164761781456 ], [ -48.275995619001591, -15.896735956692531 ], [ -48.275413539130298, -15.896245582971908 ], [ -48.275539145384784, -15.895704125522414 ], [ -48.275253179950482, -15.895595173599714 ], [ -48.27397280943233, -15.895324865690739 ], [ -48.273455049447143, -15.895427968606429 ], [ -48.273080759012608, -15.895735929366595 ], [ -48.272870133423737, -15.89557775040835 ], [ -48.273590738938601, -15.894223234753355 ], [ -48.27542714160743, -15.893686187561386 ], [ -48.27643589776897, -15.892520283536335 ], [ -48.275532333636022, -15.891627735770964 ], [ -48.275276150151633, -15.890606821723567 ], [ -48.274778525715995, -15.890335900744782 ], [ -48.273723206740435, -15.890264684760126 ], [ -48.274059683113251, -15.889353734625422 ], [ -48.273668608709428, -15.888570002282641 ], [ -48.273871655771138, -15.887745973857619 ], [ -48.27325738753806, -15.887224448179325 ], [ -48.273322417318724, -15.886487194608078 ], [ -48.273137787705437, -15.885971309202434 ], [ -48.272409692599382, -15.885473549435511 ], [ -48.271939203076037, -15.884824742581412 ], [ -48.27167203438777, -15.884103896853707 ], [ -48.271742247903262, -15.883235506296778 ], [ -48.271935430041324, -15.882870376469002 ], [ -48.27267027516519, -15.882728000601555 ], [ -48.273349479176211, -15.882092602851122 ], [ -48.273491627328035, -15.880800296864479 ], [ -48.273826931135723, -15.880307432845987 ], [ -48.273777246877721, -15.879653520286384 ], [ -48.274028402763356, -15.878984571889857 ], [ -48.274601537222637, -15.87876276513224 ], [ -48.275000609401289, -15.878899718176561 ], [ -48.275122511444174, -15.879345589472956 ], [ -48.274910622708191, -15.879812579480651 ], [ -48.274930813194523, -15.880534137075728 ], [ -48.275099115563215, -15.880770817097833 ], [ -48.275470961982506, -15.880664671436696 ], [ -48.275688172754137, -15.877895820058903 ], [ -48.275420415674034, -15.877224360862058 ], [ -48.274914041707966, -15.876783065492539 ], [ -48.274863071517366, -15.876467683223288 ], [ -48.275245963308798, -15.876217036960238 ], [ -48.275871048271568, -15.876225198124796 ], [ -48.276256398685582, -15.87585186860343 ], [ -48.277106707049484, -15.875823545468995 ], [ -48.277632263973196, -15.8725755836383 ], [ -48.277976306538761, -15.871996918288781 ], [ -48.278403403330188, -15.871878769964184 ], [ -48.278344824675678, -15.871629527922288 ], [ -48.278046774779312, -15.871497793898419 ], [ -48.277101463710238, -15.871570134721507 ], [ -48.276764041607073, -15.871048315464014 ], [ -48.275865527851884, -15.870428358378394 ], [ -48.275973056805547, -15.869899125939664 ], [ -48.276625126550485, -15.869313553486517 ], [ -48.278144655314712, -15.868560766849718 ], [ -48.278560710338787, -15.868585815136788 ], [ -48.278901082431247, -15.868816500009435 ], [ -48.279548636539232, -15.868753451457287 ], [ -48.280030139794505, -15.869202551339416 ], [ -48.280358014819768, -15.8691056636365 ], [ -48.280106631537016, -15.868297286984994 ], [ -48.279131449751027, -15.86726706341568 ], [ -48.279362310181739, -15.867112830366828 ], [ -48.280191994077647, -15.867119545198115 ], [ -48.28052164828707, -15.866723045578238 ], [ -48.280427796692479, -15.8659025085365 ], [ -48.279220500486602, -15.86469933985752 ], [ -48.279432208996766, -15.864108076779393 ], [ -48.279072297479779, -15.863365268464479 ], [ -48.280202950022442, -15.862788802699185 ], [ -48.280078507765076, -15.862540569534129 ], [ -48.278887215937196, -15.861796011080637 ], [ -48.279223950109348, -15.861003151111406 ], [ -48.279154807441813, -15.860247447348645 ], [ -48.279321398465555, -15.860024686999216 ], [ -48.28028967596731, -15.860465969161529 ], [ -48.280030318927771, -15.861436054311733 ], [ -48.280256386422622, -15.861576971117378 ], [ -48.280677091360687, -15.861376399265463 ], [ -48.281098124692157, -15.860050414914445 ], [ -48.281529267726405, -15.85995623662382 ], [ -48.281193116994018, -15.859154069907234 ], [ -48.281544193805608, -15.858489106854066 ], [ -48.281256019745889, -15.858307428644757 ], [ -48.280522009451722, -15.858422948069631 ], [ -48.280314982718522, -15.858212102373678 ], [ -48.28055101674142, -15.856884654578872 ], [ -48.280826625011002, -15.856760348119399 ], [ -48.28160865345383, -15.857470033917812 ], [ -48.281877750332178, -15.856802206515122 ], [ -48.281795452022465, -15.855825245231772 ], [ -48.282708267272128, -15.855822161882259 ], [ -48.283311034208488, -15.856145597346471 ], [ -48.283540473397778, -15.85598637087435 ], [ -48.283532946402239, -15.855626105213426 ], [ -48.282646951926068, -15.855330436049716 ], [ -48.282349658294045, -15.854754219095241 ], [ -48.284056941909839, -15.85419741192255 ], [ -48.284348165246257, -15.8537899693023 ], [ -48.284318830976325, -15.853402628117513 ], [ -48.283907854082926, -15.853133854916724 ], [ -48.282657316360805, -15.853627476498849 ], [ -48.282463693815288, -15.853464777602651 ], [ -48.282418427506414, -15.852901377992669 ], [ -48.283070491821377, -15.850705385148492 ], [ -48.284123040758423, -15.849750153059647 ], [ -48.283999557353475, -15.848620775955023 ], [ -48.284434790989209, -15.84682247254084 ], [ -48.285303379688436, -15.846439182554281 ], [ -48.284940916798732, -15.845661450982393 ], [ -48.284847853472691, -15.844973134720506 ], [ -48.285889455079356, -15.844490142342393 ], [ -48.285653265316689, -15.843280967616817 ], [ -48.285284567351994, -15.84280885240554 ], [ -48.284372353606386, -15.842711536155061 ], [ -48.283269481409917, -15.842113738826948 ], [ -48.283743238889919, -15.841383854115065 ], [ -48.284921886073612, -15.840643556721139 ], [ -48.28516045934402, -15.840094946048048 ], [ -48.284637525078026, -15.837838038482301 ], [ -48.285120235139587, -15.836750952625543 ], [ -48.284591175655649, -15.835781964251085 ], [ -48.2840760550542, -15.835249411445462 ], [ -48.28385010648951, -15.834605913451114 ], [ -48.28251306865041, -15.833361988434286 ], [ -48.282307925844684, -15.832560378246734 ], [ -48.281882715890632, -15.8318282872438 ], [ -48.281327608682403, -15.828669142465875 ], [ -48.280874663307138, -15.827967315953551 ], [ -48.280932068722585, -15.827639284637032 ], [ -48.281569488850373, -15.82719844333625 ], [ -48.281587293206371, -15.82702948472485 ], [ -48.280533805868217, -15.825698847662345 ], [ -48.2808380319874, -15.825218963697434 ], [ -48.280630831196952, -15.823763916243298 ], [ -48.279490657098769, -15.822735762075341 ], [ -48.278341236868414, -15.821979203510969 ], [ -48.277131102954009, -15.82028741032916 ], [ -48.277073031795958, -15.819726774652599 ], [ -48.276419254781494, -15.819206871188292 ], [ -48.276467022763143, -15.818266933864997 ], [ -48.2762589426803, -15.817931608802384 ], [ -48.275519193301598, -15.817693114162033 ], [ -48.275301366486936, -15.817087011074532 ], [ -48.274991057026632, -15.81688655488748 ], [ -48.274068007312572, -15.816788069878633 ], [ -48.271755446992792, -15.815412641793863 ], [ -48.271263685276224, -15.814487922152646 ], [ -48.271128932725574, -15.813599835269208 ], [ -48.271222876252111, -15.812797511084474 ], [ -48.271008525930398, -15.812790722159864 ], [ -48.270195670917104, -15.813477310608725 ], [ -48.269928470622865, -15.813493986618276 ], [ -48.269704184293303, -15.812787581464283 ], [ -48.270049824717887, -15.812078158063356 ], [ -48.269830798419363, -15.811942036140172 ], [ -48.269476377923901, -15.812028915429043 ], [ -48.268532066925644, -15.812874941258768 ], [ -48.268228356873308, -15.812915150328932 ], [ -48.267785165003886, -15.81161137635954 ], [ -48.268228247228109, -15.809873440586719 ], [ -48.268044552166664, -15.808664617933411 ], [ -48.26720269714054, -15.808171215914617 ], [ -48.267024727055535, -15.808341637076067 ], [ -48.267073275162439, -15.808663031568509 ], [ -48.266795621994916, -15.809457054329032 ], [ -48.26641583041819, -15.809384586114181 ], [ -48.266177260391416, -15.808987597659195 ], [ -48.266837186774879, -15.807349057289258 ], [ -48.266749793154318, -15.806845785564597 ], [ -48.26630423023186, -15.806912245818614 ], [ -48.265184561570649, -15.808702907082141 ], [ -48.264657876590157, -15.808885825062896 ], [ -48.264495998941477, -15.808634453742853 ], [ -48.264513807141668, -15.807834517489708 ], [ -48.264076895225024, -15.806614003146224 ], [ -48.263694620627469, -15.806593675124299 ], [ -48.263388945005623, -15.806889382724348 ], [ -48.262744172681977, -15.80620650379714 ], [ -48.262133496779995, -15.805851219380228 ], [ -48.262019549858088, -15.806484886968326 ], [ -48.261225986569073, -15.806485876242908 ], [ -48.261133148130199, -15.805501854423852 ], [ -48.26062241384161, -15.805133664336283 ], [ -48.259687595565609, -15.803995889953301 ], [ -48.258767157652755, -15.804056257269805 ], [ -48.258779225606851, -15.803710153968366 ], [ -48.259300842155334, -15.803359838692781 ], [ -48.259095330673091, -15.802894148925512 ], [ -48.257530415261954, -15.803034452941224 ], [ -48.257063426547937, -15.802644284946908 ], [ -48.256597910752085, -15.801747313254891 ], [ -48.255051944691679, -15.802078599715493 ], [ -48.253703317483257, -15.801881430393911 ], [ -48.252255903019936, -15.802215817711106 ], [ -48.251475345930224, -15.80198271312072 ], [ -48.250321621924449, -15.802110392410526 ], [ -48.249853850162381, -15.801102925056641 ], [ -48.248996042335158, -15.800674191626717 ], [ -48.248770107698007, -15.800890070475639 ], [ -48.248769434805439, -15.801389138852651 ], [ -48.249400307996915, -15.801612171413819 ], [ -48.249422299782914, -15.801755061550326 ], [ -48.24920072835743, -15.802181976515355 ], [ -48.248497194078269, -15.802397559143222 ], [ -48.248058580481278, -15.80072212306445 ], [ -48.249070240713749, -15.799645167425437 ], [ -48.248812178349588, -15.798718066501484 ], [ -48.248638674915696, -15.798585560401143 ], [ -48.248066583197762, -15.798833098733763 ], [ -48.247405784710296, -15.798717170974269 ], [ -48.246705003963548, -15.799540850220112 ], [ -48.247084431274452, -15.800244433243302 ], [ -48.246851019952587, -15.800378417817408 ], [ -48.246478930133279, -15.800280348435436 ], [ -48.246147066418587, -15.799954700348815 ], [ -48.245928803047569, -15.79933985370198 ], [ -48.246757435049183, -15.797828360898125 ], [ -48.24672175106442, -15.797677907891357 ], [ -48.246331131626285, -15.797650059978537 ], [ -48.24623850149532, -15.797040393989274 ], [ -48.245361941952375, -15.797702509948463 ], [ -48.245115239067623, -15.797621385867227 ], [ -48.245034542622015, -15.797111248197764 ], [ -48.244634459695277, -15.796874203478685 ], [ -48.243976010124435, -15.797310381951498 ], [ -48.242949515790016, -15.797308696415975 ], [ -48.242778012006966, -15.797512971495481 ], [ -48.242399931198591, -15.799337712157921 ], [ -48.242000936125024, -15.799532772918525 ], [ -48.241317182727116, -15.799490297369742 ], [ -48.240449610069781, -15.798433648237616 ], [ -48.240379410024829, -15.797788759826773 ], [ -48.241041703286349, -15.795985568916256 ], [ -48.241146626042955, -15.79308407898079 ], [ -48.240857057578737, -15.792588318042471 ], [ -48.240659509768385, -15.792643172362581 ], [ -48.240481115112466, -15.793932147935903 ], [ -48.239927575933365, -15.793887307310913 ], [ -48.239239717022606, -15.793394542983508 ], [ -48.238640648991513, -15.792792681301568 ], [ -48.237729687721846, -15.791196286779147 ], [ -48.236918692108311, -15.789229495088522 ], [ -48.237055471588079, -15.788324136771276 ], [ -48.237883783517944, -15.786806649050051 ], [ -48.237753039751496, -15.785900424152533 ], [ -48.237534195325964, -15.785547409214015 ], [ -48.236985537927822, -15.785291885657537 ], [ -48.236796959937166, -15.784897447750321 ], [ -48.235599070510055, -15.784995189484615 ], [ -48.233887982540551, -15.78450187163136 ], [ -48.233215979858549, -15.784428375834237 ], [ -48.232931527536898, -15.784557897730794 ], [ -48.232382291945058, -15.783885693924264 ], [ -48.232394673486958, -15.783045302258623 ], [ -48.233060085628473, -15.780982819494961 ], [ -48.232373078485324, -15.779921582587049 ], [ -48.232401861092889, -15.779385503426639 ], [ -48.232007201598172, -15.778478298953367 ], [ -48.228199184913059, -15.77695199784514 ], [ -48.216090762813664, -15.768861469660292 ], [ -48.213506457682897, -15.766678652067247 ], [ -48.212687680940824, -15.763232882123246 ], [ -48.206696825664586, -15.755051192361313 ], [ -48.205608729451718, -15.750337680087636 ], [ -48.203444364798635, -15.750384673864032 ], [ -48.196747029106319, -15.749444752329644 ], [ -48.193270189221259, -15.748590880517574 ], [ -48.189514246721743, -15.747217079351554 ], [ -48.188797745435679, -15.746656850062704 ], [ -48.186389831246615, -15.746233354549194 ], [ -48.185306285598344, -15.746451475453455 ], [ -48.181999838647847, -15.747996610021504 ] ] ] } },
{ "type": "Feature", "properties": { "ra_cira": 10, "ra_nome": "Guará", "ra_codigo": "RA-X", "regiao_saude": "Centro-Sul" }, "geometry": { "type": "Polygon", "coordinates": [ [ [ -47.97028727749283, -15.804943175514696 ], [ -47.970700989157514, -15.807547231982163 ], [ -47.970504023093994, -15.808074634210792 ], [ -47.968923210714053, -15.807355957380967 ], [ -47.96682138024017, -15.807355213017424 ], [ -47.948400442613107, -15.810152657054283 ], [ -47.95454509357144, -15.848391690016191 ], [ -47.955482673236432, -15.848252181574422 ], [ -47.956472356392858, -15.854484004918802 ], [ -47.961685270996036, -15.853751937762929 ], [ -47.962699703616508, -15.860839414159136 ], [ -47.959646589617051, -15.862950450098474 ], [ -47.959348920891166, -15.863389596849686 ], [ -47.960259857679141, -15.863847779312708 ], [ -47.960428887316276, -15.863428764532461 ], [ -47.960632564692084, -15.863406824523411 ], [ -47.961951588262323, -15.863967342575476 ], [ -47.962298694728183, -15.864311578886575 ], [ -47.96269871161612, -15.86405164994294 ], [ -47.962786658551508, -15.863642014205881 ], [ -47.963208191161158, -15.863519811713338 ], [ -47.963407460161307, -15.862637916356375 ], [ -47.964383485102417, -15.862619998973868 ], [ -47.964883614361455, -15.862214286697885 ], [ -47.965255179199616, -15.86214004023314 ], [ -47.965234850971733, -15.861683026827254 ], [ -47.965929315875435, -15.861421611813711 ], [ -47.96630171604334, -15.861589628758903 ], [ -47.966535290602224, -15.860933624146684 ], [ -47.969096121921758, -15.861394447316162 ], [ -47.969756424176175, -15.861296208113979 ], [ -47.970252888369956, -15.861677351714963 ], [ -47.970457870962505, -15.86117671686924 ], [ -47.970743476168145, -15.861114696220039 ], [ -47.971133918756898, -15.86142761037676 ], [ -47.971060822026722, -15.861720611186882 ], [ -47.971519425680661, -15.861725394622583 ], [ -47.971798946563069, -15.861593567465862 ], [ -47.971644689718559, -15.861251071356991 ], [ -47.971861394374969, -15.860812229529021 ], [ -47.971487226973423, -15.860207958484386 ], [ -47.971607045021734, -15.86001317606628 ], [ -47.972026908152287, -15.859913121278611 ], [ -47.971933912931945, -15.859309192709436 ], [ -47.972748193011753, -15.859427643278048 ], [ -47.973107912210367, -15.858801311763104 ], [ -47.973648532702434, -15.858642399553155 ], [ -47.974135918594207, -15.858881246943545 ], [ -47.974707309964138, -15.858674543720248 ], [ -47.975600093058354, -15.85921461587796 ], [ -47.976585466933045, -15.858369531353198 ], [ -47.977141752422156, -15.858395014663447 ], [ -47.977748483197765, -15.857798674847549 ], [ -47.977959059382457, -15.857264776484811 ], [ -47.977744798464705, -15.856953936419952 ], [ -47.978400012036488, -15.855904346744325 ], [ -47.97876118989813, -15.85568709674288 ], [ -47.979261731315368, -15.854957656983206 ], [ -47.979264064109415, -15.853832059208067 ], [ -47.979571308702603, -15.853431085463608 ], [ -47.979544016692486, -15.853000172392626 ], [ -47.980883307216978, -15.851980069697809 ], [ -47.98095809199144, -15.851649256821899 ], [ -47.981341148366695, -15.851333716778534 ], [ -47.981487095382718, -15.850916900552697 ], [ -47.981387052452263, -15.850674553328925 ], [ -47.98158537460138, -15.850373640894528 ], [ -47.982247184344352, -15.850248297879986 ], [ -47.982488335348883, -15.849944492311664 ], [ -47.982653394911466, -15.850191535575334 ], [ -47.983792130496958, -15.850204129954658 ], [ -47.983957132431335, -15.85065237915083 ], [ -47.984297553495743, -15.850680089756768 ], [ -47.984582558223771, -15.850355196791355 ], [ -47.984631707010955, -15.849974428893793 ], [ -47.985111270723422, -15.850005000839285 ], [ -47.984786230403195, -15.849483150037322 ], [ -47.985629833556196, -15.847889827944899 ], [ -47.98649027477952, -15.847521173271947 ], [ -47.987011004862779, -15.84755021785883 ], [ -47.987307544950134, -15.847282965540067 ], [ -47.987492879356282, -15.847474021409674 ], [ -47.987926465904081, -15.847495021041889 ], [ -47.988170971483939, -15.847228401697667 ], [ -47.988442705796714, -15.847434130129056 ], [ -47.988498675322539, -15.847014553148018 ], [ -47.989645035844795, -15.846245498253495 ], [ -47.989362617249483, -15.845935011768677 ], [ -47.98999620445251, -15.845395621066722 ], [ -47.990128292946807, -15.845074930148364 ], [ -47.990077145835237, -15.844851743768336 ], [ -47.98964688896659, -15.84474916252031 ], [ -47.989454809661638, -15.84450682257418 ], [ -47.989961078817423, -15.843640589050214 ], [ -47.990000690969126, -15.842853856955172 ], [ -47.98985017169575, -15.842607168895444 ], [ -47.990232838465779, -15.842638104218166 ], [ -47.989926566595933, -15.841240836792887 ], [ -47.990141994114929, -15.840882820854848 ], [ -47.990317738046947, -15.840894601025539 ], [ -47.99027514982523, -15.84068879107677 ], [ -47.99056707777936, -15.840773366381246 ], [ -47.990795087373556, -15.840272241430482 ], [ -47.991114641932796, -15.840142673914194 ], [ -47.991778756483292, -15.839206780131374 ], [ -47.991588173061807, -15.838708240932542 ], [ -47.991800902989667, -15.838315381268377 ], [ -47.991589429714658, -15.837958547276122 ], [ -47.991783961485417, -15.837771666582702 ], [ -47.991902162961239, -15.837146341086861 ], [ -47.992496846730972, -15.83704012913846 ], [ -47.993010933654574, -15.835932893093609 ], [ -47.993349684537229, -15.833950285735266 ], [ -47.993126056980756, -15.833781958213498 ], [ -47.993354828869172, -15.833006815328229 ], [ -47.99362963650178, -15.832801285351804 ], [ -47.993623157256863, -15.832570215443965 ], [ -47.994189086263098, -15.832550821445084 ], [ -47.994342256119644, -15.832090675130432 ], [ -47.994807795254239, -15.83216364451312 ], [ -47.995122655416914, -15.83186820443399 ], [ -47.995390107778007, -15.831223080752871 ], [ -47.995049406918824, -15.83116195849532 ], [ -47.995359007196257, -15.830838993637519 ], [ -47.995114697251552, -15.830535616958279 ], [ -47.995124477470021, -15.829841533846137 ], [ -47.995572801020842, -15.829550794532626 ], [ -47.995156964602508, -15.828018700947203 ], [ -47.995351291291342, -15.827844454711734 ], [ -47.995476906217057, -15.8272339473013 ], [ -47.996373825899532, -15.826696490197357 ], [ -47.996578195968773, -15.825477074706626 ], [ -47.995879598905759, -15.824114499014415 ], [ -47.996067423002103, -15.823412806367147 ], [ -47.996306975296939, -15.823066006390288 ], [ -47.997064565137734, -15.822606759739466 ], [ -47.99737430641683, -15.822600192352132 ], [ -47.998038602095676, -15.821944087134503 ], [ -47.998602323178496, -15.821916288291382 ], [ -47.998801562516171, -15.821324080631131 ], [ -47.999182470665936, -15.821056564590332 ], [ -47.999165781026512, -15.820838259777021 ], [ -48.000119504801404, -15.820286865233351 ], [ -48.000408313954907, -15.819806778988948 ], [ -48.000130564813695, -15.818961086735234 ], [ -48.00038074870038, -15.818058307942072 ], [ -48.001392840659577, -15.81725702840183 ], [ -48.004349915993373, -15.815641817769432 ], [ -48.004872526981828, -15.814554085592745 ], [ -47.994910615149251, -15.810952951628904 ], [ -47.992870199387205, -15.810977720086843 ], [ -47.992109367608919, -15.806079396585947 ], [ -47.9912986079608, -15.806181163868631 ], [ -47.991192524174885, -15.805450771064907 ], [ -47.99038259479449, -15.80439187194591 ], [ -47.988510049900583, -15.803731375401634 ], [ -47.986004402753252, -15.801675394257218 ], [ -47.982029908074573, -15.79963052166706 ], [ -47.981357195642644, -15.800931062532845 ], [ -47.980340407223785, -15.801116593541542 ], [ -47.979605355868308, -15.802539892498128 ], [ -47.971826879838851, -15.803752697910703 ], [ -47.9718186285589, -15.804714522983419 ], [ -47.97028727749283, -15.804943175514696 ] ] ] } },
{ "type": "Feature", "properties": { "ra_cira": 11, "ra_nome": "Cruzeiro", "ra_codigo": "RA-XI", "regiao_saude": "Central" }, "geometry": { "type": "Polygon", "coordinates": [ [ [ -47.937537750454183, -15.806476872478704 ], [ -47.940127788576625, -15.802620811885252 ], [ -47.941230776289338, -15.801762774641119 ], [ -47.94618424973563, -15.800151555926146 ], [ -47.938514856707364, -15.777271462514458 ], [ -47.929268309420877, -15.780151483255072 ], [ -47.933459598197537, -15.792536570130682 ], [ -47.933469965621711, -15.798908705039219 ], [ -47.933195756384031, -15.799915917651436 ], [ -47.932408023229776, -15.801155662498646 ], [ -47.93274154869863, -15.801359726380674 ], [ -47.932994247380968, -15.803627192780613 ], [ -47.937537750454183, -15.806476872478704 ] ] ] } },
{ "type": "Feature", "properties": { "ra_cira": 12, "ra_nome": "Samambaia", "ra_codigo": "RA-XII", "regiao_saude": "Sudoeste" }, "geometry": { "type": "Polygon", "coordinates": [ [ [ -48.075106278679655, -15.846147637025302 ], [ -48.074504715069772, -15.847898268201513 ], [ -48.07319386387816, -15.847349534650537 ], [ -48.07174839141156, -15.848581593676714 ], [ -48.069490041392619, -15.852133748836399 ], [ -48.068300497994215, -15.851647422999658 ], [ -48.067641253614561, -15.851623767287407 ], [ -48.06747720112876, -15.852648818823504 ], [ -48.066705255289797, -15.853577843830021 ], [ -48.065374035210603, -15.856150934501107 ], [ -48.06438132187985, -15.857204789578043 ], [ -48.061769479650827, -15.858580781199052 ], [ -48.06070336245326, -15.858694554487466 ], [ -48.05948449357183, -15.858403443464848 ], [ -48.057133740226128, -15.857430214033576 ], [ -48.056538952166051, -15.857426112802134 ], [ -48.054397743069828, -15.856509976124714 ], [ -48.054136135035584, -15.856860441790696 ], [ -48.053824277684029, -15.856959291298111 ], [ -48.050235141031713, -15.855469856482305 ], [ -48.049774998177185, -15.856483230263395 ], [ -48.049706273967054, -15.85722068178289 ], [ -48.048894152961878, -15.858134412262464 ], [ -48.047977036083765, -15.859677919414278 ], [ -48.047425178580994, -15.859479889488906 ], [ -48.046499913368066, -15.860251527614267 ], [ -48.046241475999366, -15.860116257438817 ], [ -48.045814358123287, -15.860916028820837 ], [ -48.045549020150943, -15.860780979625128 ], [ -48.045090194691305, -15.861636170497233 ], [ -48.044717976152654, -15.861449981017083 ], [ -48.043682597776865, -15.863384243348122 ], [ -48.039916434268925, -15.863628620350557 ], [ -48.037467912446509, -15.868194994730624 ], [ -48.047707038946058, -15.875040764144586 ], [ -48.047454640545368, -15.875391591087732 ], [ -48.05385726661153, -15.879690572438811 ], [ -48.056657821119629, -15.881216957645337 ], [ -48.060885621804701, -15.882615649683242 ], [ -48.064679500009049, -15.883541390496868 ], [ -48.137653848437957, -15.905535148411001 ], [ -48.14048157317395, -15.906603065559116 ], [ -48.161192588553455, -15.912919603617098 ], [ -48.16280544613771, -15.914036639899685 ], [ -48.163976636065783, -15.915718533192313 ], [ -48.166302911047332, -15.923618179796112 ], [ -48.169810713274146, -15.922671327364867 ], [ -48.170251166663398, -15.922251271933598 ], [ -48.17220329280547, -15.919276432249625 ], [ -48.172997509964944, -15.918620972632006 ], [ -48.174164148557701, -15.918156535232203 ], [ -48.175609369705349, -15.918115229832445 ], [ -48.178422921173748, -15.919075737885313 ], [ -48.179291003098839, -15.920071677263675 ], [ -48.18001142143283, -15.92258346402201 ], [ -48.180761689785562, -15.923290376887923 ], [ -48.181760435509936, -15.923602056127365 ], [ -48.182467825202998, -15.92355357371834 ], [ -48.183362370534859, -15.923155298175436 ], [ -48.186877131516169, -15.919979324729377 ], [ -48.187983480656214, -15.919619964020301 ], [ -48.188887591030316, -15.919698682656039 ], [ -48.19994612315103, -15.92397437219862 ], [ -48.205164782101669, -15.927403359167327 ], [ -48.212720446156169, -15.932028070405167 ], [ -48.219089542591654, -15.934845546175918 ], [ -48.219417801438638, -15.934391261223404 ], [ -48.220080899029554, -15.934342196770981 ], [ -48.220233945722391, -15.934022410710266 ], [ -48.220585523878917, -15.934240396003473 ], [ -48.221008555765003, -15.934120920443732 ], [ -48.221738041346875, -15.934452954139799 ], [ -48.22168132982938, -15.935220168021715 ], [ -48.221839212717576, -15.935581546338323 ], [ -48.222163686428708, -15.935515628640452 ], [ -48.222711166605841, -15.936012555920719 ], [ -48.22328851309895, -15.935438655444358 ], [ -48.223678539586537, -15.934546995604205 ], [ -48.22444106560576, -15.934594124613145 ], [ -48.22425620846851, -15.934218078055832 ], [ -48.22435529582004, -15.934028503791804 ], [ -48.224580931093961, -15.934299228769229 ], [ -48.22626785978531, -15.934005109447426 ], [ -48.226372728298422, -15.933719338137196 ], [ -48.226193406756984, -15.93356441120814 ], [ -48.226485857125439, -15.932693705350353 ], [ -48.226876505044686, -15.932987962603793 ], [ -48.227216707004366, -15.932162549966296 ], [ -48.227721668260223, -15.93208800220161 ], [ -48.228492323009696, -15.931351923602012 ], [ -48.228536680904391, -15.931677391119921 ], [ -48.2290891895966, -15.932386842761973 ], [ -48.229917277251658, -15.931834826257305 ], [ -48.230283545396354, -15.932402868985521 ], [ -48.230511478845514, -15.933470158787399 ], [ -48.231030196346502, -15.933223890076139 ], [ -48.231642531503965, -15.933664112887486 ], [ -48.232290652994749, -15.933607115353928 ], [ -48.232416192294657, -15.933738524028268 ], [ -48.232272371513844, -15.93429461046412 ], [ -48.232802672162691, -15.933947385888978 ], [ -48.23317478354754, -15.933975152583393 ], [ -48.233088786656417, -15.934491117963947 ], [ -48.233564947394214, -15.935139578609023 ], [ -48.233974563568687, -15.935293941351157 ], [ -48.234316966051829, -15.934891793787418 ], [ -48.234702391085989, -15.934943991858374 ], [ -48.234569818690986, -15.934677985016954 ], [ -48.234821363382437, -15.934482086763605 ], [ -48.234346988472588, -15.93369830112472 ], [ -48.234398080352946, -15.933400378748168 ], [ -48.234740255066249, -15.933419556850671 ], [ -48.234969153112914, -15.932911698633461 ], [ -48.235648310328124, -15.932498061556814 ], [ -48.23580952147627, -15.932128406504425 ], [ -48.237039002582357, -15.931121015966102 ], [ -48.237964532298449, -15.929662475230575 ], [ -48.238660829099516, -15.929167932001246 ], [ -48.239114483852049, -15.929357650432783 ], [ -48.240006873636808, -15.929375510134861 ], [ -48.240275722667384, -15.930229688000251 ], [ -48.24064648776617, -15.930693323898325 ], [ -48.242662175501643, -15.931916691086771 ], [ -48.24368212330684, -15.932058854642507 ], [ -48.245142882939888, -15.931869523297454 ], [ -48.245864332570548, -15.931958344618419 ], [ -48.246191221515566, -15.932222376592263 ], [ -48.246259344219098, -15.932760311481848 ], [ -48.246621425457491, -15.933256361659144 ], [ -48.247134207627845, -15.933485306268915 ], [ -48.248303210457472, -15.933866615106377 ], [ -48.249414749992717, -15.9338811444198 ], [ -48.249917130238799, -15.933706480195141 ], [ -48.249935439246251, -15.933542670160545 ], [ -48.250519213256958, -15.933728102450253 ], [ -48.252407705007208, -15.935450109436347 ], [ -48.252373730792108, -15.935843274291571 ], [ -48.25448628816175, -15.936864649257252 ], [ -48.254644656050033, -15.936747704960954 ], [ -48.25473282506227, -15.935458974735196 ], [ -48.255743178825099, -15.932729655034215 ], [ -48.255754650307644, -15.932282493989273 ], [ -48.256748247858084, -15.931901536326455 ], [ -48.257289781418677, -15.932292857572891 ], [ -48.257794039786901, -15.932307581498772 ], [ -48.25882205721468, -15.931318246628521 ], [ -48.258574982930114, -15.930214958315958 ], [ -48.258689852383903, -15.929787880211732 ], [ -48.259192100148958, -15.929221466714241 ], [ -48.25901306182319, -15.928461537171778 ], [ -48.259337535858329, -15.927823745585927 ], [ -48.258923572073037, -15.927451583185888 ], [ -48.258747362695601, -15.925578386821593 ], [ -48.258333608906128, -15.924874093295614 ], [ -48.259290106923693, -15.924795068652044 ], [ -48.259311275659527, -15.924560983731309 ], [ -48.258800265178884, -15.92429467934087 ], [ -48.258452130378558, -15.923327404449713 ], [ -48.259072130536126, -15.922656539722453 ], [ -48.259074307102814, -15.922217378932476 ], [ -48.259418382776722, -15.922169193669244 ], [ -48.2595476409805, -15.921788826761457 ], [ -48.259197970328295, -15.920721523495338 ], [ -48.258315136676693, -15.920113311957703 ], [ -48.257910337828434, -15.919110856173019 ], [ -48.257939867153489, -15.918741671031322 ], [ -48.258249240630285, -15.918334064485796 ], [ -48.258153617287512, -15.918155391010229 ], [ -48.257800045018904, -15.917924077424951 ], [ -48.256307066652361, -15.917849613517511 ], [ -48.256179025893807, -15.917728274898241 ], [ -48.256390173498431, -15.91740450346626 ], [ -48.256306701898041, -15.917123327400928 ], [ -48.255031283225051, -15.917243464280173 ], [ -48.254124197472812, -15.917089234537711 ], [ -48.25371236844758, -15.916771144466479 ], [ -48.254124860212229, -15.916233786673891 ], [ -48.255091854734637, -15.916181475656312 ], [ -48.255185183488081, -15.916031354141664 ], [ -48.255175483886148, -15.915548634824717 ], [ -48.254893841493754, -15.915141235938819 ], [ -48.254351887086472, -15.915228727415546 ], [ -48.255015554284071, -15.913865380903017 ], [ -48.254848234102603, -15.913203351948168 ], [ -48.255395635238408, -15.912828393018657 ], [ -48.255512818225114, -15.912527282969133 ], [ -48.255073704912775, -15.912115415803125 ], [ -48.254858151860589, -15.911471412883399 ], [ -48.254367410381853, -15.911390493341237 ], [ -48.254075470301665, -15.910923069271366 ], [ -48.253742013908877, -15.910755153267862 ], [ -48.253526127153407, -15.910945634887776 ], [ -48.253515749939091, -15.911542197034906 ], [ -48.253307564938559, -15.911607327504589 ], [ -48.252479051489495, -15.910583426375574 ], [ -48.252768471124355, -15.910022295470112 ], [ -48.252665410788715, -15.909859323285829 ], [ -48.252178789040009, -15.909426965611459 ], [ -48.251809398924678, -15.909334786555187 ], [ -48.2516346109213, -15.909022872146403 ], [ -48.251308122257356, -15.908927971783401 ], [ -48.250913078289791, -15.909074231702453 ], [ -48.250724716152035, -15.908696879671108 ], [ -48.250493641033877, -15.908614718973956 ], [ -48.249268583983408, -15.90877540739737 ], [ -48.248667910119806, -15.908541831038297 ], [ -48.248305466151862, -15.909303182218625 ], [ -48.248008747957762, -15.909462412707237 ], [ -48.247472138854668, -15.908716204607114 ], [ -48.246857059922256, -15.909297938482272 ], [ -48.246784203357628, -15.908034404499359 ], [ -48.247008009286716, -15.907966656722992 ], [ -48.247132041125553, -15.907650641301501 ], [ -48.247152038335578, -15.907081011977565 ], [ -48.247004477215008, -15.90704641137337 ], [ -48.246594235237737, -15.907480501248504 ], [ -48.24636297167325, -15.907468750211104 ], [ -48.245971070268347, -15.90702360362234 ], [ -48.244288331836508, -15.906328847050366 ], [ -48.243513697827282, -15.905386165781804 ], [ -48.242433742279722, -15.904661352276817 ], [ -48.241578679097032, -15.904873087154062 ], [ -48.240736831557903, -15.904554909724757 ], [ -48.240036676300079, -15.90353533575777 ], [ -48.240334013049072, -15.90273155675632 ], [ -48.238572026264514, -15.903822585147816 ], [ -48.237997767365194, -15.903561602687921 ], [ -48.236785246987196, -15.903632129572513 ], [ -48.23587988862355, -15.902895463794893 ], [ -48.235851235059563, -15.902704921535543 ], [ -48.236889396113035, -15.901491860923981 ], [ -48.23698569830367, -15.90094934323688 ], [ -48.23649198745025, -15.900338126611 ], [ -48.23642189991039, -15.900002724044697 ], [ -48.237212327194683, -15.899358512702753 ], [ -48.237097602814401, -15.899106646524981 ], [ -48.236245755123385, -15.899296106016223 ], [ -48.235803518520626, -15.89988775998687 ], [ -48.235604884542482, -15.899913087330029 ], [ -48.235412279385486, -15.899091727546336 ], [ -48.235048530180684, -15.898981566487119 ], [ -48.234781763606051, -15.9004151008462 ], [ -48.235142098028206, -15.900666682504943 ], [ -48.234747620785534, -15.900728793444996 ], [ -48.234404250192128, -15.901042967493115 ], [ -48.234220540268851, -15.900939639842482 ], [ -48.234173375936088, -15.900578169426069 ], [ -48.233823667424353, -15.900476990586554 ], [ -48.231908374339426, -15.900676652236971 ], [ -48.231658664758811, -15.901576619604707 ], [ -48.230937041421654, -15.901004568442934 ], [ -48.2307510342509, -15.900598390140379 ], [ -48.230453187627234, -15.90054701710106 ], [ -48.230246598484513, -15.900867035601328 ], [ -48.230640289187363, -15.901200704746577 ], [ -48.230618357865829, -15.901533158909249 ], [ -48.229412501381702, -15.901778291089808 ], [ -48.228913870854441, -15.901667229822014 ], [ -48.228470590802715, -15.90181853825769 ], [ -48.227926470210797, -15.901305185633978 ], [ -48.227975136802897, -15.901052867478644 ], [ -48.228690614131047, -15.900798312484504 ], [ -48.228918172489593, -15.900400839827341 ], [ -48.228801276037743, -15.900181709296922 ], [ -48.227965121418642, -15.900088298230573 ], [ -48.227441207685096, -15.900420912093995 ], [ -48.227049101732106, -15.900018697877751 ], [ -48.226482398647327, -15.89986103263635 ], [ -48.226293473716275, -15.900295004129148 ], [ -48.226466170104295, -15.900818593175245 ], [ -48.226375971543497, -15.901024744119885 ], [ -48.224754673959744, -15.901296377508423 ], [ -48.224526078499579, -15.90066939477224 ], [ -48.224074141562191, -15.900753770803354 ], [ -48.224315230973637, -15.901649957096014 ], [ -48.224834247447404, -15.902235482515131 ], [ -48.224718826964988, -15.902583116047506 ], [ -48.224551221446099, -15.90260073415212 ], [ -48.22407534235542, -15.902528014952274 ], [ -48.223961519680365, -15.90230633439619 ], [ -48.223309687423644, -15.902022205658866 ], [ -48.22312318885119, -15.901352275874659 ], [ -48.223244685851938, -15.900897302687973 ], [ -48.222632724972463, -15.900338853959429 ], [ -48.221970327632334, -15.900555332492766 ], [ -48.221354826265028, -15.901085057718966 ], [ -48.220669648122232, -15.90089122065438 ], [ -48.220039768490992, -15.899778402371613 ], [ -48.220413527550079, -15.899376882858627 ], [ -48.220456891128784, -15.898781526814503 ], [ -48.21981170649503, -15.897811708929302 ], [ -48.219334158286628, -15.898140519791776 ], [ -48.218610101566213, -15.899116106699541 ], [ -48.218147029306763, -15.898077570698222 ], [ -48.218189449146955, -15.897627623398444 ], [ -48.217810081266258, -15.897586979595852 ], [ -48.217423180624863, -15.897264052773041 ], [ -48.216902120503796, -15.897425934424311 ], [ -48.214830550801139, -15.897273075228034 ], [ -48.214477566466101, -15.897753935753396 ], [ -48.213935145714366, -15.897270852269104 ], [ -48.213083507894844, -15.897612560679262 ], [ -48.212509672128441, -15.897145201963752 ], [ -48.21263662778955, -15.896485989196968 ], [ -48.212271147345639, -15.896149890702299 ], [ -48.211998752688466, -15.895556236398134 ], [ -48.210630099260648, -15.896239048062689 ], [ -48.210987713325245, -15.896638611506669 ], [ -48.21072666091802, -15.896912537029769 ], [ -48.210238516514075, -15.896966488063864 ], [ -48.20973402397297, -15.896408455923909 ], [ -48.209564907172918, -15.895818527488402 ], [ -48.209326500041655, -15.895668900189566 ], [ -48.208384421574074, -15.895657279926555 ], [ -48.207778606799671, -15.894715562103979 ], [ -48.207858598738355, -15.894012922894051 ], [ -48.208268839311565, -15.893009373545363 ], [ -48.208072960619987, -15.89293311795773 ], [ -48.207187242593122, -15.893272344810409 ], [ -48.206798158579581, -15.893748420352159 ], [ -48.205806367477933, -15.892581975587264 ], [ -48.20602923532946, -15.891854087157293 ], [ -48.205912407214889, -15.891471762372142 ], [ -48.204635781188479, -15.89135999354745 ], [ -48.203889505541582, -15.892116870298217 ], [ -48.203641822277412, -15.891532697145236 ], [ -48.203015629703906, -15.891558859339817 ], [ -48.202741350913861, -15.891377908137853 ], [ -48.202275005574073, -15.891525364617969 ], [ -48.20218344406868, -15.891354401091343 ], [ -48.202425250775903, -15.890514589919347 ], [ -48.20208677339479, -15.88999192807225 ], [ -48.202080285799298, -15.889418871756925 ], [ -48.201282315067857, -15.889155683117018 ], [ -48.201052783094745, -15.888775284037022 ], [ -48.200532434103025, -15.888489777510477 ], [ -48.200233172035041, -15.887786746038222 ], [ -48.200691805506345, -15.887331348274561 ], [ -48.200624114701121, -15.886100852195534 ], [ -48.200834297877108, -15.885743909425029 ], [ -48.200657026458344, -15.88538029784886 ], [ -48.199919245357719, -15.884846733837309 ], [ -48.200270760236343, -15.884346682349724 ], [ -48.198940996967366, -15.882853646984655 ], [ -48.198634066204498, -15.882795179945161 ], [ -48.198230327001312, -15.883226878307774 ], [ -48.197897352229162, -15.883275833571837 ], [ -48.197826271540251, -15.880709904834424 ], [ -48.19690294395771, -15.880130853130328 ], [ -48.196841733045076, -15.879428630218403 ], [ -48.196091964225019, -15.879202426891101 ], [ -48.196069408370107, -15.879022106010533 ], [ -48.196637622802768, -15.878735204417776 ], [ -48.196693738228348, -15.878540229816272 ], [ -48.196308766724698, -15.878338167869231 ], [ -48.196190187383216, -15.877542599350049 ], [ -48.195898990385203, -15.877759624923359 ], [ -48.19577877012923, -15.877686336878821 ], [ -48.195742109660578, -15.877204474504222 ], [ -48.194936865773983, -15.876466749679755 ], [ -48.194694707178989, -15.875766826853138 ], [ -48.194377791518633, -15.875585653067846 ], [ -48.194404018556689, -15.875467227018284 ], [ -48.194811275234997, -15.875482655120463 ], [ -48.194883350667325, -15.875216460259105 ], [ -48.193132878707679, -15.873966120097386 ], [ -48.193428077532246, -15.873583330426602 ], [ -48.193192794257023, -15.873159388067641 ], [ -48.192586195319954, -15.873218288085532 ], [ -48.192201598435581, -15.872471675145825 ], [ -48.191730037298441, -15.872716228284773 ], [ -48.191790560787119, -15.872321095770404 ], [ -48.192356068303184, -15.872165630342895 ], [ -48.192655887239965, -15.871896481404001 ], [ -48.192370623107877, -15.871533387276067 ], [ -48.191711338577591, -15.871317329235358 ], [ -48.19094290056649, -15.871633144590461 ], [ -48.190317307754903, -15.871061880306179 ], [ -48.189501586941155, -15.871107620864601 ], [ -48.189305776935115, -15.870854020093295 ], [ -48.189381466687138, -15.870357525295526 ], [ -48.188716546240428, -15.869864005449246 ], [ -48.188733971621794, -15.869329355644975 ], [ -48.188337099094831, -15.869329658231024 ], [ -48.188066097157041, -15.869041397731545 ], [ -48.187598439662814, -15.86905468620386 ], [ -48.185891715828085, -15.867409194570527 ], [ -48.185494640509582, -15.867437950497239 ], [ -48.185368015360837, -15.867032170328375 ], [ -48.184618544102207, -15.866344776500236 ], [ -48.184812343977846, -15.865840096142207 ], [ -48.184251690472841, -15.865701055581676 ], [ -48.18377543071405, -15.864688184473646 ], [ -48.183464879737279, -15.864484034978188 ], [ -48.183883962019912, -15.864091536982874 ], [ -48.183596583470369, -15.863858175789773 ], [ -48.183540456265703, -15.863461418307212 ], [ -48.183232604850154, -15.863312774930197 ], [ -48.183339600035637, -15.862506620187299 ], [ -48.183019605895083, -15.861720065938217 ], [ -48.18224546000959, -15.860658533129257 ], [ -48.181994155707002, -15.860540955225192 ], [ -48.180261354892025, -15.861161635399787 ], [ -48.179445582062769, -15.86165597130214 ], [ -48.177951500518354, -15.862110818910311 ], [ -48.177632561009133, -15.861883850728962 ], [ -48.177622934327673, -15.861481662092766 ], [ -48.178230684142136, -15.860765389622006 ], [ -48.177275531290604, -15.858655478860587 ], [ -48.177264192432247, -15.857853615823501 ], [ -48.17693975255191, -15.857326222430045 ], [ -48.176425754350511, -15.857222302678911 ], [ -48.175779181047531, -15.857510183957565 ], [ -48.174592764221856, -15.855874829204188 ], [ -48.174211064521934, -15.855625298746613 ], [ -48.172980594153955, -15.855318403773452 ], [ -48.172444608626378, -15.855606050294847 ], [ -48.172064167162524, -15.85552641394248 ], [ -48.171144337876143, -15.854549009419944 ], [ -48.170154720188563, -15.854130855301763 ], [ -48.168919642244845, -15.853956171304812 ], [ -48.169005953365492, -15.853306089358753 ], [ -48.168859884402593, -15.85300550825548 ], [ -48.167858959442619, -15.852640720402324 ], [ -48.167446934581925, -15.852736549313489 ], [ -48.166872281466084, -15.853317143729322 ], [ -48.165808745945142, -15.853002978657111 ], [ -48.164996030118196, -15.853179494037287 ], [ -48.164398627748952, -15.852770201661153 ], [ -48.164246682652134, -15.852003383473731 ], [ -48.16370064866021, -15.851701173054879 ], [ -48.162509116197107, -15.852750012729787 ], [ -48.161384885285983, -15.85250844976191 ], [ -48.161004220116673, -15.853263970648632 ], [ -48.160704232134222, -15.853444598010787 ], [ -48.160309832310389, -15.853282167143954 ], [ -48.159771718689782, -15.853735629509762 ], [ -48.159437376364586, -15.854331558296339 ], [ -48.158524348044054, -15.854877757422059 ], [ -48.155191672906412, -15.854522368793281 ], [ -48.154110814378519, -15.855100178000507 ], [ -48.153714197907078, -15.855097586874498 ], [ -48.152951815346221, -15.854305652546103 ], [ -48.150958777608217, -15.854156954917272 ], [ -48.149940395297868, -15.854912827534438 ], [ -48.150049454574003, -15.855541250791321 ], [ -48.149922929528614, -15.855803995825365 ], [ -48.148260359071209, -15.855925702689913 ], [ -48.147926847319056, -15.856119172865787 ], [ -48.147317005149489, -15.857080623430948 ], [ -48.146098515353692, -15.856957764768955 ], [ -48.145237631400654, -15.858620951299036 ], [ -48.144580483595711, -15.858913738420638 ], [ -48.144362101371236, -15.858590905301755 ], [ -48.144131756271541, -15.85864379097576 ], [ -48.144031658292882, -15.858947328118793 ], [ -48.143570599019725, -15.859154505615953 ], [ -48.143338032586186, -15.859808259785261 ], [ -48.14346633488897, -15.860100992972658 ], [ -48.143333558548349, -15.860246197590108 ], [ -48.14291670515172, -15.860217237982585 ], [ -48.142375319525939, -15.86099660881874 ], [ -48.141352320982747, -15.86128046622788 ], [ -48.141067040264097, -15.861589732395418 ], [ -48.140507883870889, -15.86163041574695 ], [ -48.139107019123678, -15.862521763412492 ], [ -48.138281928934035, -15.862518441201553 ], [ -48.137997172660071, -15.862812494744636 ], [ -48.137530145520373, -15.862949654966673 ], [ -48.137256300820987, -15.863578067633039 ], [ -48.136786897766811, -15.86376004726305 ], [ -48.135759639596067, -15.863806136603326 ], [ -48.135371313698222, -15.864319519179034 ], [ -48.133755251070546, -15.864094673066772 ], [ -48.132701022663809, -15.863050762080276 ], [ -48.132411060269952, -15.863067695965839 ], [ -48.131863640239366, -15.863429054761944 ], [ -48.131611240000957, -15.864076078411347 ], [ -48.131049045887735, -15.864544647492213 ], [ -48.130268206102222, -15.864039929168865 ], [ -48.129569883856412, -15.864637783215015 ], [ -48.129205970903399, -15.864595533528657 ], [ -48.128850649817068, -15.864773849942893 ], [ -48.128381705028417, -15.865344122411154 ], [ -48.126996694372806, -15.865575083668711 ], [ -48.126242331086708, -15.866259505999928 ], [ -48.125204034660776, -15.866794663251779 ], [ -48.124644213277911, -15.867480975649324 ], [ -48.124424612305745, -15.867477322979326 ], [ -48.12390231339208, -15.867032764249082 ], [ -48.123575447440004, -15.86652732600211 ], [ -48.122355408685799, -15.866124930140279 ], [ -48.121315183400924, -15.865433637314185 ], [ -48.120882539689219, -15.865741782066973 ], [ -48.120749927976263, -15.866386821590153 ], [ -48.12048142836899, -15.866765945148504 ], [ -48.120052748136608, -15.866964499394104 ], [ -48.119259609727614, -15.866879707168751 ], [ -48.118747412564339, -15.867277031020638 ], [ -48.117694664665706, -15.866889451193659 ], [ -48.116860406362939, -15.867625714524078 ], [ -48.115485075304449, -15.867359209143036 ], [ -48.1137739786247, -15.867764665615184 ], [ -48.112598683159753, -15.867512364367508 ], [ -48.110748121927315, -15.866618983486173 ], [ -48.110319399755141, -15.865865079023619 ], [ -48.110205503858779, -15.864984887348456 ], [ -48.109498698376505, -15.863672421803781 ], [ -48.109443241589119, -15.863144201252064 ], [ -48.109878028056556, -15.862672211353519 ], [ -48.10974184843878, -15.862082670573738 ], [ -48.108084957750854, -15.860102516064979 ], [ -48.107515695975017, -15.859712085997341 ], [ -48.106996541552583, -15.858757903860759 ], [ -48.105907444747416, -15.858124983516307 ], [ -48.105531327415711, -15.857314438476079 ], [ -48.104742110515396, -15.857366652515447 ], [ -48.103665811456018, -15.857001461165682 ], [ -48.102702599805944, -15.857357862112284 ], [ -48.102015302473617, -15.856463814294479 ], [ -48.101582289848928, -15.856550494625326 ], [ -48.100948725632435, -15.856308290688656 ], [ -48.100512672312817, -15.85636787519795 ], [ -48.099654125720079, -15.855776399757305 ], [ -48.099344136018132, -15.855232891533195 ], [ -48.098157413720628, -15.855296819873882 ], [ -48.097025249067009, -15.854593015087044 ], [ -48.096574322716293, -15.854677193778052 ], [ -48.095875373335375, -15.853997576915225 ], [ -48.093911263703347, -15.853686274366769 ], [ -48.093014558844146, -15.853192881968727 ], [ -48.091898708123765, -15.853397996848797 ], [ -48.09097368937325, -15.852659054635932 ], [ -48.089932956802201, -15.852667682159527 ], [ -48.08892169065237, -15.852308792249739 ], [ -48.087303515965957, -15.850916889753339 ], [ -48.0862074984556, -15.850642151980649 ], [ -48.085981842848838, -15.85026133489767 ], [ -48.084288630907302, -15.849076363286954 ], [ -48.084115612874804, -15.84852833163198 ], [ -48.083421328410502, -15.848521087350978 ], [ -48.083319668683629, -15.848264212194334 ], [ -48.083604925849968, -15.84782118294881 ], [ -48.082893707422215, -15.846954614979227 ], [ -48.082120634535933, -15.846818312208367 ], [ -48.080409559962789, -15.84597028824844 ], [ -48.079921531728466, -15.846113688431995 ], [ -48.078971829623917, -15.845449772492314 ], [ -48.077933800233531, -15.845140545115566 ], [ -48.07730334529905, -15.844697176002436 ], [ -48.076596168171491, -15.843811774876645 ], [ -48.075353018414177, -15.843601094100082 ], [ -48.075106278679655, -15.846147637025302 ] ] ] } },
{ "type": "Feature", "properties": { "ra_cira": 13, "ra_nome": "Santa Maria", "ra_codigo": "RA-XIII", "regiao_saude": "Sul" }, "geometry": { "type": "Polygon", "coordinates": [ [ [ -47.891505505695065, -15.971272560682893 ], [ -47.890157909552151, -15.971082905549144 ], [ -47.890052138690997, -15.97174091486151 ], [ -47.889341281982858, -15.972080747804121 ], [ -47.889415176093465, -15.972795993148836 ], [ -47.888798288218169, -15.974517848493605 ], [ -47.888578812375457, -15.974950714170296 ], [ -47.887947929515349, -15.975473795109529 ], [ -47.887547664957182, -15.976654892708721 ], [ -47.885442193417923, -15.97710516171847 ], [ -47.884728332823208, -15.977835296506759 ], [ -47.884589214943404, -15.978842996602436 ], [ -47.884046994941848, -15.980528166275095 ], [ -47.883010113388629, -15.982683313579193 ], [ -47.882357584225652, -15.983434566272932 ], [ -47.882188757413147, -15.984102841545173 ], [ -47.881651733576213, -15.98471934175285 ], [ -47.880959870454525, -15.986446611889718 ], [ -47.880870689503581, -15.987435310911925 ], [ -47.880359179309963, -15.988504174141884 ], [ -47.880432910717367, -15.990287827201737 ], [ -47.879119365537072, -15.992235511193874 ], [ -47.878955742303859, -15.992880196104254 ], [ -47.878340003727217, -15.993887197512043 ], [ -47.878013064866778, -15.995152820470338 ], [ -47.877926992282461, -15.996818740079968 ], [ -47.878389089323406, -15.998455787134848 ], [ -47.878426277236571, -16.000147343720016 ], [ -47.877778764114069, -16.002044452577245 ], [ -47.876155877724784, -16.005220626016708 ], [ -47.875545505502451, -16.007723388868694 ], [ -47.873847420856187, -16.010765631200332 ], [ -47.873234308363969, -16.011008612374013 ], [ -47.872440001741658, -16.010893108880538 ], [ -47.871531248311769, -16.012399333303282 ], [ -47.870539061475505, -16.0127649415987 ], [ -47.871544989688246, -16.013865422951412 ], [ -47.872017309015348, -16.013884422277513 ], [ -47.873940919575524, -16.015035465292002 ], [ -47.87452196099224, -16.015016816213219 ], [ -47.874983535248752, -16.015342545282575 ], [ -47.875723420926498, -16.016692623623399 ], [ -47.87689709604161, -16.018108350897801 ], [ -47.87713472145618, -16.019624139027172 ], [ -47.87691846150836, -16.020183121568355 ], [ -47.877143552330068, -16.0207766601816 ], [ -47.876717002686583, -16.021643117035023 ], [ -47.875802224404005, -16.022665263795282 ], [ -47.874913332070641, -16.024926104092621 ], [ -47.874877517730113, -16.027247917599201 ], [ -47.873536289760864, -16.028645930388507 ], [ -47.873138280932245, -16.029840684757929 ], [ -47.872614485317037, -16.030712852379356 ], [ -47.872582126020156, -16.031665255818321 ], [ -47.871770153616104, -16.031932451802955 ], [ -47.871491873817916, -16.03283030800468 ], [ -47.870941755936457, -16.033204584228329 ], [ -47.870697991551694, -16.034400655709693 ], [ -47.869579146852551, -16.034986711306434 ], [ -47.869157020863945, -16.035919563035169 ], [ -47.869150373479798, -16.036398299787855 ], [ -47.868679188677802, -16.036810258898015 ], [ -47.868495932184004, -16.037419662224266 ], [ -47.868704462946177, -16.037699993436412 ], [ -47.868861594144718, -16.037619531967195 ], [ -47.86930177754293, -16.037974048301663 ], [ -47.869883391784008, -16.037921476646595 ], [ -47.870186848274876, -16.038092958990031 ], [ -47.870531429180829, -16.037915482597857 ], [ -47.87113475256934, -16.038350386562961 ], [ -47.871524335949324, -16.038143197854282 ], [ -47.872589324000387, -16.038555402356902 ], [ -47.872671633124178, -16.039099838256202 ], [ -47.873026922367892, -16.039357440166274 ], [ -47.873898480919301, -16.038863559742037 ], [ -47.875743000771635, -16.039300685141658 ], [ -47.876473527827862, -16.040384737509491 ], [ -47.877231958601129, -16.040648734711393 ], [ -47.8789022919402, -16.04163499220622 ], [ -47.879242771682321, -16.042209541512509 ], [ -47.879110376051344, -16.042913678373289 ], [ -47.88073601138418, -16.044100770392294 ], [ -47.8809708801111, -16.045184801751198 ], [ -47.881592454277431, -16.046064484550254 ], [ -47.882621284577709, -16.046744152099215 ], [ -47.884220700768758, -16.046703582396802 ], [ -47.885253119958527, -16.047201092251768 ], [ -47.886750653909409, -16.048551014116185 ], [ -47.887646894749672, -16.049127370266625 ], [ -47.88822486909384, -16.049871118063692 ], [ -47.985325401598971, -16.049901938006816 ], [ -47.997574022638361, -16.04977957072272 ], [ -48.015728155750864, -16.049957113002321 ], [ -48.015954077383128, -16.049710629292452 ], [ -48.048358769995531, -16.049703660206479 ], [ -48.042961205015509, -16.043001414710254 ], [ -48.047121568625059, -16.037401454033571 ], [ -48.048157279839621, -16.036466937159275 ], [ -48.049489913651584, -16.035970164422174 ], [ -48.050718032950428, -16.03591087403769 ], [ -48.052008633485606, -16.036304605007579 ], [ -48.054047369854402, -16.037471141057221 ], [ -48.054084351369326, -16.037111111728155 ], [ -48.053354759727078, -16.035567032864439 ], [ -48.0515917249149, -16.033105571360394 ], [ -48.050844763761404, -16.03090899516328 ], [ -48.050173264846897, -16.030579418616714 ], [ -48.049522317925266, -16.029887786181799 ], [ -48.049277358281351, -16.029214708548604 ], [ -48.049493811723366, -16.028572799013521 ], [ -48.049152607434841, -16.028356069630341 ], [ -48.04921579700337, -16.027593089041716 ], [ -48.048830887002701, -16.027213104597742 ], [ -48.048255724772929, -16.027216755538724 ], [ -48.048060501168756, -16.027030667245487 ], [ -48.047828622543811, -16.025598486267008 ], [ -48.046498105310718, -16.023979136796871 ], [ -48.04597469308068, -16.022724274138348 ], [ -48.045595754687653, -16.020775958574141 ], [ -48.045048487374075, -16.020217467377325 ], [ -48.043655809335533, -16.019494471325569 ], [ -48.043268720622329, -16.019578530273961 ], [ -48.042978022967425, -16.019859105527349 ], [ -48.041980252517497, -16.019631659264391 ], [ -48.040563251190228, -16.020323569806109 ], [ -48.040021129119474, -16.019988820881817 ], [ -48.03954856420301, -16.020019378720249 ], [ -48.039527346065029, -16.019705027867047 ], [ -48.038639321399096, -16.019031337040929 ], [ -48.038156380956515, -16.01887030042948 ], [ -48.038026879391914, -16.018410857366444 ], [ -48.037439169962248, -16.017922534743878 ], [ -48.036432298323163, -16.01743820201591 ], [ -48.035146865574966, -16.016021744639726 ], [ -48.034568405071802, -16.015906104219045 ], [ -48.033498118771234, -16.014790894974006 ], [ -48.03239787888306, -16.014291311720118 ], [ -48.031867612273508, -16.013396568686304 ], [ -48.031592266415281, -16.013246414636836 ], [ -48.031419457090976, -16.012770467987128 ], [ -48.030940107499866, -16.012557549961052 ], [ -48.030260662375952, -16.011872950658354 ], [ -48.030090273360962, -16.011983712407414 ], [ -48.029815208731193, -16.011299008165778 ], [ -48.029248361592089, -16.010666800678866 ], [ -48.028188172466493, -16.010208378859119 ], [ -48.028187032457751, -16.009722995467534 ], [ -48.027788857561561, -16.009570904313989 ], [ -48.027567784484077, -16.009002990327282 ], [ -48.026483119386874, -16.008476810770986 ], [ -48.025865301313871, -16.008483496648275 ], [ -48.025343150463655, -16.007957696286152 ], [ -48.024060669389662, -16.007164170565002 ], [ -48.023011136991151, -16.006127873282519 ], [ -48.021501578670637, -16.005143933261792 ], [ -48.021123175231772, -16.005208319261715 ], [ -48.020727014806845, -16.004098146355066 ], [ -48.019149896826086, -16.00310984198121 ], [ -48.018940002923912, -16.002765186604439 ], [ -48.018448586510083, -16.002843858684855 ], [ -48.017990708735184, -16.002657581694336 ], [ -48.01799324802127, -16.002068075007756 ], [ -48.017755143118734, -16.001703452552729 ], [ -48.01616692859605, -16.000223398929869 ], [ -48.015709387426732, -16.000150494553882 ], [ -48.014988419005263, -15.999501985324946 ], [ -48.01400634628537, -15.999264286337066 ], [ -48.013450951155519, -15.998639188300055 ], [ -48.013274950230993, -15.997960479792351 ], [ -48.012998198087459, -15.997941347357653 ], [ -48.012839067678627, -15.997720858774734 ], [ -48.012445475684672, -15.997746353713271 ], [ -48.01230810065536, -15.997433245568095 ], [ -48.011526083902801, -15.997052933347783 ], [ -48.010618492732441, -15.992890990514818 ], [ -48.009462415045192, -15.990235841558253 ], [ -48.008813614850254, -15.989398832185564 ], [ -48.00708765226566, -15.986195173287392 ], [ -48.004525346311809, -15.977828376003821 ], [ -48.000813835793814, -15.978251730706647 ], [ -47.998682812411687, -15.978195458719206 ], [ -47.996623248104598, -15.977962565283981 ], [ -47.990826323790259, -15.976827207294537 ], [ -47.989565456211366, -15.976768522982125 ], [ -47.97840636227567, -15.974640537793338 ], [ -47.974979964444628, -15.974419419927907 ], [ -47.971768606602453, -15.974577229825249 ], [ -47.969449258547733, -15.974894351006188 ], [ -47.966297787632833, -15.975648655240841 ], [ -47.944923604871242, -15.983049006626336 ], [ -47.940395962312202, -15.983845490559434 ], [ -47.938108137379821, -15.983977509958457 ], [ -47.93545067620488, -15.983891576811752 ], [ -47.931340795802626, -15.9832828400595 ], [ -47.927962921101063, -15.982308839811038 ], [ -47.892388103144654, -15.969338810396893 ], [ -47.891505505695065, -15.971272560682893 ] ] ] } },
{ "type": "Feature", "properties": { "ra_cira": 14, "ra_nome": "São Sebastião", "ra_codigo": "RA-XIV", "regiao_saude": "Leste" }, "geometry": { "type": "Polygon", "coordinates": [ [ [ -47.791581582105422, -15.8750244132302 ], [ -47.789515490145675, -15.875453963978119 ], [ -47.787374553951025, -15.876605400138981 ], [ -47.786172723714607, -15.87766440829748 ], [ -47.786131995080382, -15.878169967181543 ], [ -47.785448975665766, -15.87875650468445 ], [ -47.785002277493355, -15.878767119184033 ], [ -47.784900325633153, -15.879389912055231 ], [ -47.782421482385011, -15.880461147575474 ], [ -47.782169155978835, -15.880911790381973 ], [ -47.781773179955493, -15.88074774726595 ], [ -47.78018011909483, -15.88171363689924 ], [ -47.779583571736651, -15.881687777694424 ], [ -47.778838115226236, -15.882050691684352 ], [ -47.778377442526114, -15.882029213899818 ], [ -47.778372866660668, -15.882775431967522 ], [ -47.777806794036373, -15.883663609446366 ], [ -47.777747650559085, -15.884164394013892 ], [ -47.777256776853051, -15.884712653382943 ], [ -47.776661132832537, -15.885004687289392 ], [ -47.775534357239707, -15.885085763040538 ], [ -47.774118900424213, -15.885517137429389 ], [ -47.773514020438917, -15.886342134694329 ], [ -47.772902036118644, -15.888065507020032 ], [ -47.771021406110613, -15.890177235501689 ], [ -47.770941128135497, -15.891353750003766 ], [ -47.768333754955378, -15.89321100964731 ], [ -47.768130390292662, -15.893640872158773 ], [ -47.768033224889699, -15.895122087880488 ], [ -47.767603013493442, -15.895744232808152 ], [ -47.767019458009706, -15.896175702132078 ], [ -47.766900170867807, -15.896848999966975 ], [ -47.765633035118832, -15.897780972714891 ], [ -47.764973449661021, -15.898023005088742 ], [ -47.764784832588965, -15.89829058178495 ], [ -47.764958545774, -15.898721107184995 ], [ -47.76459577194165, -15.899015742924371 ], [ -47.764430663930831, -15.899677587397337 ], [ -47.763185262478942, -15.900450406507458 ], [ -47.762571087688016, -15.901732658185841 ], [ -47.76206843810094, -15.902357322559535 ], [ -47.761636668859602, -15.902589232102894 ], [ -47.761665451991199, -15.902932797433088 ], [ -47.761495412674158, -15.903066502768464 ], [ -47.76126303956908, -15.903031070068749 ], [ -47.759865492441193, -15.901548028223372 ], [ -47.75913800144226, -15.901080155593682 ], [ -47.757302772308535, -15.902539023400932 ], [ -47.756578527108914, -15.902604588262166 ], [ -47.756335038941295, -15.902465957512289 ], [ -47.755945169046761, -15.902730735744111 ], [ -47.755735009445878, -15.902425232816421 ], [ -47.755371532618035, -15.902379003209839 ], [ -47.754690080475697, -15.902554900550106 ], [ -47.754345153738996, -15.902987746384486 ], [ -47.753845765868341, -15.902894709765899 ], [ -47.753482201108561, -15.902619904614628 ], [ -47.753093619176752, -15.902756177866237 ], [ -47.752158345012091, -15.902257190087409 ], [ -47.751835864816343, -15.901762071867632 ], [ -47.750816413348581, -15.901496999408277 ], [ -47.74972482253947, -15.901563487781242 ], [ -47.749368301053195, -15.901294246705152 ], [ -47.748703994957182, -15.901280567724829 ], [ -47.748481715265498, -15.901094458856795 ], [ -47.748175348695931, -15.901512248448968 ], [ -47.747365369360168, -15.901282021676625 ], [ -47.746826966991762, -15.901515255857051 ], [ -47.746698373453924, -15.901247160871812 ], [ -47.746475586409645, -15.901215503878012 ], [ -47.74639492686255, -15.900812530477042 ], [ -47.745556096390558, -15.900465230428907 ], [ -47.745420578292425, -15.900774023923017 ], [ -47.744924296423406, -15.900486611283307 ], [ -47.74448711963435, -15.900502504759327 ], [ -47.744322771862649, -15.900186228710284 ], [ -47.74347547432825, -15.899932428760064 ], [ -47.743036215359247, -15.89950445885132 ], [ -47.742414476779594, -15.899563697531566 ], [ -47.742531247520269, -15.89975431028525 ], [ -47.742309688955046, -15.89993639385715 ], [ -47.742408546002579, -15.900137767743781 ], [ -47.742062730016613, -15.900265572970659 ], [ -47.741693953000713, -15.899782552196756 ], [ -47.742039684880041, -15.898970550469741 ], [ -47.741348451052822, -15.898901710819954 ], [ -47.740353349617756, -15.898480302550345 ], [ -47.739820090226743, -15.898644081933364 ], [ -47.738896902262695, -15.898502053362703 ], [ -47.738564166660517, -15.898609327833155 ], [ -47.738283544015161, -15.898414639308417 ], [ -47.737649877723534, -15.899125207552494 ], [ -47.737289365717963, -15.898954227932446 ], [ -47.736564630116277, -15.899206991703609 ], [ -47.73593901992578, -15.898680412828103 ], [ -47.734935203919548, -15.898362400676218 ], [ -47.734424809472294, -15.898347275145152 ], [ -47.733917160947669, -15.898575002961081 ], [ -47.732803714888753, -15.898097303080746 ], [ -47.732584659059157, -15.897692626748642 ], [ -47.731743869010558, -15.897255200994394 ], [ -47.730806159119062, -15.896119025416048 ], [ -47.730130464673856, -15.895898589619476 ], [ -47.729464475369483, -15.895179429817713 ], [ -47.729411910224826, -15.894889237278253 ], [ -47.728913046905646, -15.89469934576716 ], [ -47.728291139709818, -15.893836700646283 ], [ -47.728265283752698, -15.893495358554022 ], [ -47.727468211586348, -15.892862285278504 ], [ -47.726783932503487, -15.892806167593307 ], [ -47.726348936997084, -15.892212984795357 ], [ -47.725591916986332, -15.892397908064131 ], [ -47.725097360883538, -15.891955494538569 ], [ -47.72466701444867, -15.892031788204925 ], [ -47.724352567950959, -15.891489653772654 ], [ -47.723513240558034, -15.891045383590242 ], [ -47.722874341544603, -15.891233556028066 ], [ -47.722513960085593, -15.89161043140126 ], [ -47.722119226275559, -15.891359137688024 ], [ -47.721161662123812, -15.891458648679992 ], [ -47.720690536439733, -15.891152335199397 ], [ -47.720275982291952, -15.891131388229908 ], [ -47.71974669464025, -15.89161058944558 ], [ -47.718975234517231, -15.891934839978969 ], [ -47.718353303003049, -15.891872483737169 ], [ -47.717799312372165, -15.892252240174736 ], [ -47.717068725798569, -15.892053338713087 ], [ -47.715859292296074, -15.892076110762986 ], [ -47.71537501808605, -15.892273236236921 ], [ -47.714816022196274, -15.892192739451239 ], [ -47.714196203862755, -15.892633381938714 ], [ -47.714067733604317, -15.893055029061321 ], [ -47.714194943205563, -15.893324929271683 ], [ -47.714075760522164, -15.893647919842854 ], [ -47.714619330854163, -15.893981042191932 ], [ -47.714627299866898, -15.894251600403198 ], [ -47.714296933299181, -15.894152364499563 ], [ -47.713602935053757, -15.894335781637579 ], [ -47.713620486891827, -15.893254187782309 ], [ -47.712541141239534, -15.892519463771066 ], [ -47.710355500746857, -15.893945391904177 ], [ -47.710445948819384, -15.894458347060461 ], [ -47.710239925579749, -15.894688373822818 ], [ -47.709251939464089, -15.893840517702897 ], [ -47.709212449033949, -15.893554335574976 ], [ -47.709559694481953, -15.89340327426795 ], [ -47.709581322775364, -15.893158448419809 ], [ -47.708682737268219, -15.893103876641735 ], [ -47.707889074301605, -15.893582705641613 ], [ -47.707687702948405, -15.893537573100206 ], [ -47.707553906778557, -15.893744828865996 ], [ -47.707221609806616, -15.893564243908886 ], [ -47.707230489718121, -15.894026098190846 ], [ -47.70705176683785, -15.894210325544819 ], [ -47.706525126972601, -15.893934721875477 ], [ -47.705479833411665, -15.892927404909022 ], [ -47.704052111569602, -15.892331074613027 ], [ -47.702963714458342, -15.895515677121548 ], [ -47.702328227994151, -15.895217957326086 ], [ -47.701522117969375, -15.894232674240587 ], [ -47.701147532783146, -15.894321774252489 ], [ -47.700470555191643, -15.894949090298651 ], [ -47.700537773613874, -15.895500430164565 ], [ -47.701080265077366, -15.896243811875721 ], [ -47.702532760685649, -15.897291412192228 ], [ -47.702669108408564, -15.897710569744312 ], [ -47.702197120018603, -15.897743883737338 ], [ -47.701017618385038, -15.897348714956381 ], [ -47.699258703993387, -15.897222387678321 ], [ -47.698965690646787, -15.897534950940775 ], [ -47.698944530375286, -15.898081726759733 ], [ -47.699887337074166, -15.899731907369544 ], [ -47.699834981699205, -15.900113701317283 ], [ -47.699354307025359, -15.90020920842213 ], [ -47.698152617624082, -15.899245316848388 ], [ -47.697518075644851, -15.899448290912401 ], [ -47.697407332473702, -15.900459895088771 ], [ -47.697596079750717, -15.901794141035333 ], [ -47.698074453075606, -15.902283882924706 ], [ -47.698700893270484, -15.902541347842037 ], [ -47.698815848478979, -15.902958369585534 ], [ -47.698609391723593, -15.903499382354347 ], [ -47.698349071379063, -15.903639483021562 ], [ -47.696349777419712, -15.903442493671411 ], [ -47.696807243298778, -15.90453755531075 ], [ -47.696809714251316, -15.905402409977683 ], [ -47.696203699689704, -15.905404248651342 ], [ -47.694109664640628, -15.904577278900096 ], [ -47.693209676065692, -15.904793212431644 ], [ -47.693107837572981, -15.905044108757075 ], [ -47.693621456476379, -15.905578512287075 ], [ -47.694202529566077, -15.906854981185623 ], [ -47.694049650398796, -15.907223543611181 ], [ -47.693000563560823, -15.907215818142804 ], [ -47.692441826465846, -15.906854295118872 ], [ -47.691644067722457, -15.905909524292083 ], [ -47.691691564115651, -15.905484430944727 ], [ -47.6922763930569, -15.904687436601112 ], [ -47.691905313857013, -15.904054468970818 ], [ -47.691582533763707, -15.903953633068072 ], [ -47.691189571246291, -15.905724192629037 ], [ -47.69030643142758, -15.906221770233124 ], [ -47.689911284501633, -15.906658295097357 ], [ -47.689405027103753, -15.908701607817402 ], [ -47.688782579559152, -15.908706928422468 ], [ -47.688417141865791, -15.908157872539812 ], [ -47.688910696832842, -15.90671568052279 ], [ -47.688779032747547, -15.906140227803412 ], [ -47.687893770597093, -15.906301416015678 ], [ -47.687503303408569, -15.906717118929528 ], [ -47.686893866577272, -15.909280338675016 ], [ -47.688205479384784, -15.911098189304578 ], [ -47.68826680565212, -15.911353151380471 ], [ -47.688033060436844, -15.911592758513606 ], [ -47.687105280920079, -15.911780429866432 ], [ -47.685465213108763, -15.911345532861146 ], [ -47.685112420914827, -15.910766757212862 ], [ -47.685036723961588, -15.909764552036785 ], [ -47.684804814483499, -15.909566763984293 ], [ -47.684075495051921, -15.909644861044672 ], [ -47.683502096341634, -15.91023425015983 ], [ -47.682541436903406, -15.909844927174907 ], [ -47.682166816256576, -15.90988171614902 ], [ -47.681831403302766, -15.910235122433026 ], [ -47.682016678636586, -15.911042552170992 ], [ -47.681916068192365, -15.911199521650774 ], [ -47.680390195452347, -15.911372983539136 ], [ -47.680287132115772, -15.911807126141859 ], [ -47.680620670658506, -15.912525783806792 ], [ -47.682481757902138, -15.914522308578826 ], [ -47.683244178302445, -15.914604907552999 ], [ -47.684286843982775, -15.914419848754306 ], [ -47.684676995109371, -15.914774543320222 ], [ -47.684529522621013, -15.915136166875737 ], [ -47.683130622563723, -15.915295688440182 ], [ -47.682255980480519, -15.916780065372913 ], [ -47.682225067777942, -15.917464938825518 ], [ -47.682638076095152, -15.918955061512069 ], [ -47.682288609656375, -15.921224131725054 ], [ -47.681887526260539, -15.921488511174005 ], [ -47.681462734742794, -15.921355265890066 ], [ -47.68095930188553, -15.919932836819255 ], [ -47.681349060772547, -15.919334120206319 ], [ -47.681362911088215, -15.918988568310571 ], [ -47.680983615617237, -15.91880827699743 ], [ -47.680612189222167, -15.918864582058527 ], [ -47.680268243936027, -15.919240250644139 ], [ -47.679230313599241, -15.921430893485713 ], [ -47.677814693268381, -15.922194966263476 ], [ -47.677460898493038, -15.923472323901867 ], [ -47.676005585539563, -15.923592192855939 ], [ -47.675333737574178, -15.924134368366124 ], [ -47.675500771152734, -15.924756105461736 ], [ -47.676924861467441, -15.926152002803667 ], [ -47.677184168067598, -15.927150851898119 ], [ -47.677263633929641, -15.928602289644758 ], [ -47.676427461414015, -15.93022456139089 ], [ -47.675976002138299, -15.930036809486321 ], [ -47.674488980710258, -15.928117895821506 ], [ -47.67199080582548, -15.927463701891542 ], [ -47.671693912375723, -15.92764447714949 ], [ -47.671771814021987, -15.928710329338667 ], [ -47.671498601489063, -15.929069415820415 ], [ -47.670063318741001, -15.928852118536335 ], [ -47.669828210556616, -15.928955049482362 ], [ -47.670036750181403, -15.929680831077436 ], [ -47.671095554417448, -15.93046970946893 ], [ -47.67113196911459, -15.930684296564918 ], [ -47.670252166555798, -15.931680049028056 ], [ -47.669939929400556, -15.932289664567724 ], [ -47.668810897934094, -15.933378192004447 ], [ -47.668282977613941, -15.934333457377857 ], [ -47.668347587090793, -15.934719754703739 ], [ -47.669603370922779, -15.93693498563688 ], [ -47.669440884114401, -15.937366885586492 ], [ -47.668632657777941, -15.937765895780904 ], [ -47.668301754865709, -15.938156735459172 ], [ -47.668584315542638, -15.93944021794065 ], [ -47.668256032984203, -15.940849030692759 ], [ -47.668315616409053, -15.941210392612666 ], [ -47.669233866005712, -15.94298661092799 ], [ -47.668769109263003, -15.943334245630931 ], [ -47.667603273655537, -15.943115818923806 ], [ -47.666708871563273, -15.942645829351221 ], [ -47.666383283514655, -15.942903489502999 ], [ -47.666518612137956, -15.943632476499221 ], [ -47.666796994213072, -15.944083323904779 ], [ -47.667527049717869, -15.944707218251777 ], [ -47.668529343045421, -15.944975244791694 ], [ -47.668798912227516, -15.945539344480027 ], [ -47.668692869320004, -15.946174772458395 ], [ -47.667238557010222, -15.948923591126587 ], [ -47.666859719838833, -15.950022127952272 ], [ -47.666617070813061, -15.951890344537777 ], [ -47.665876970558372, -15.952638589387544 ], [ -47.665179489601819, -15.95298392955981 ], [ -47.664885811027517, -15.9529793083288 ], [ -47.664241706964781, -15.952454420607072 ], [ -47.663830605676047, -15.952464428553018 ], [ -47.662917313230452, -15.952962148792539 ], [ -47.662551148837231, -15.953947436056206 ], [ -47.660587592610504, -15.953876501169834 ], [ -47.659859053640595, -15.954375756751965 ], [ -47.659667107891003, -15.955097979615719 ], [ -47.659829372799265, -15.955809170613577 ], [ -47.661456184321153, -15.95661622777321 ], [ -47.661846120986809, -15.957403258146108 ], [ -47.66208937728819, -15.958775381591485 ], [ -47.662260843305901, -15.958904533535568 ], [ -47.663303844876175, -15.958882239745947 ], [ -47.663569766308392, -15.959603565723491 ], [ -47.663346003727156, -15.960556742131642 ], [ -47.662903154291058, -15.961288789610883 ], [ -47.661953674646085, -15.962061726700366 ], [ -47.66197756611205, -15.962394883981791 ], [ -47.659290002218292, -15.963666255422863 ], [ -47.655067584734354, -15.967693975548519 ], [ -47.654213649687151, -15.968339398854861 ], [ -47.652912571543673, -15.968932485922554 ], [ -47.651898301851162, -15.96918043224214 ], [ -47.650303870574156, -15.969199526343486 ], [ -47.649048431705538, -15.968920632808166 ], [ -47.647856200180037, -15.968346216755045 ], [ -47.646993806768869, -15.967679686520034 ], [ -47.64231628733318, -15.963058896481188 ], [ -47.637203610874373, -15.960309983365777 ], [ -47.63431802095004, -15.957087102276946 ], [ -47.632315308121406, -15.955387216300087 ], [ -47.631492100243172, -15.95423952846207 ], [ -47.630935938156675, -15.952751991477804 ], [ -47.630611829332722, -15.949766762264781 ], [ -47.630229690647404, -15.94873943095739 ], [ -47.629457679672313, -15.947591512409971 ], [ -47.628667927444511, -15.946827839122466 ], [ -47.618384878995919, -15.939170611820842 ], [ -47.617018339443746, -15.938535240983926 ], [ -47.610852292369707, -15.93688406856994 ], [ -47.609805079928442, -15.936891922007362 ], [ -47.608627236668433, -15.937189528475704 ], [ -47.607055625468135, -15.938221904825536 ], [ -47.605755380809427, -15.940076770671926 ], [ -47.587288269407175, -15.969738415784674 ], [ -47.587638785787917, -15.970297417070674 ], [ -47.588267455183995, -15.972612836996783 ], [ -47.588810437245627, -15.973802730742296 ], [ -47.595092791756059, -15.983972563056462 ], [ -47.598305571285259, -15.988187464881442 ], [ -47.614164299481537, -16.014010737403524 ], [ -47.614522658973229, -16.015701369392819 ], [ -47.61728396649039, -16.049813488883402 ], [ -47.72125986320107, -16.049867764019009 ], [ -47.721961391097196, -16.046180476179352 ], [ -47.722575649584819, -16.043938766578087 ], [ -47.724398496244696, -16.042387275371166 ], [ -47.724764527958783, -16.042249472829816 ], [ -47.724884261556419, -16.041967967646286 ], [ -47.7265882408742, -16.041020544204148 ], [ -47.726787762596857, -16.040720863770897 ], [ -47.727638850834964, -16.040462385436282 ], [ -47.727441081157984, -16.035635518337919 ], [ -47.730427475527861, -16.03100815799651 ], [ -47.731310961592385, -16.030755215087456 ], [ -47.731726501324538, -16.030157623804897 ], [ -47.732736802287747, -16.030733035473901 ], [ -47.733474585682842, -16.03161555672428 ], [ -47.733993889671261, -16.031868114092298 ], [ -47.760711194750563, -16.030560397858714 ], [ -47.759844248703509, -16.029356539385695 ], [ -47.759521313649216, -16.0282522781085 ], [ -47.759720183145085, -16.027490262494268 ], [ -47.760728161910713, -16.024813382158399 ], [ -47.762004161811184, -16.022874840203379 ], [ -47.763609652913594, -16.02163673447534 ], [ -47.764362921898268, -16.02031744346041 ], [ -47.764569413146816, -16.019286604962314 ], [ -47.764227061705945, -16.017632566459763 ], [ -47.762442803554507, -16.014134031452819 ], [ -47.762742959904593, -16.011442892769519 ], [ -47.762585328635936, -16.009372985116688 ], [ -47.763626640390939, -16.008389816599173 ], [ -47.766010561312207, -16.006708618777019 ], [ -47.766365945047824, -16.005877836275108 ], [ -47.76769792974369, -16.004376883718489 ], [ -47.769400080504454, -16.00075877059049 ], [ -47.77949902580265, -15.989621138835121 ], [ -47.779695460411894, -15.989004667087103 ], [ -47.779321286159309, -15.987861940971744 ], [ -47.778316915513216, -15.986250341631465 ], [ -47.778253219600892, -15.985562257374433 ], [ -47.778550923587986, -15.984931690777826 ], [ -47.776256604569689, -15.983962407113372 ], [ -47.775025354475481, -15.983020707933141 ], [ -47.773120195251401, -15.983464694321743 ], [ -47.771917922846363, -15.98294774279687 ], [ -47.769911462860371, -15.98148343359945 ], [ -47.769400086584795, -15.981483547912768 ], [ -47.768731206820789, -15.981134349675386 ], [ -47.767679951638307, -15.979635296714767 ], [ -47.765767834704903, -15.979391705818694 ], [ -47.765159401512278, -15.979167477797427 ], [ -47.764681036956588, -15.97844242727454 ], [ -47.764368882629036, -15.977499564559929 ], [ -47.762966027147925, -15.97545763472678 ], [ -47.761907339740667, -15.974851218248627 ], [ -47.761062493736162, -15.973646073364931 ], [ -47.760229154110668, -15.973165711666983 ], [ -47.759676679503492, -15.97312224274215 ], [ -47.760664430615499, -15.972330952258833 ], [ -47.761654338481073, -15.972360969351477 ], [ -47.761771908699977, -15.971789004233559 ], [ -47.763563013982903, -15.970362959766673 ], [ -47.763865708274764, -15.969710974234401 ], [ -47.764259601047584, -15.969396590853103 ], [ -47.764982681826105, -15.969168294770393 ], [ -47.76575763332162, -15.969340116952079 ], [ -47.76598136217013, -15.969157408843387 ], [ -47.766229622259637, -15.96933872417164 ], [ -47.766667484799108, -15.968905969112678 ], [ -47.768148103171292, -15.968606332346246 ], [ -47.768931277126377, -15.968082548161565 ], [ -47.769395719423692, -15.967432116344927 ], [ -47.769907693306628, -15.967530292943339 ], [ -47.770335926116438, -15.967354697287726 ], [ -47.770767146067492, -15.966642072793798 ], [ -47.771564741170714, -15.966711487547071 ], [ -47.771634497262589, -15.966327715991959 ], [ -47.771931595938803, -15.9660247185065 ], [ -47.772563657672528, -15.965896980198703 ], [ -47.772932948350601, -15.965574608259713 ], [ -47.773140753093138, -15.965784759230209 ], [ -47.773536668133993, -15.965407800689889 ], [ -47.773921560803018, -15.965671218145143 ], [ -47.774195277300812, -15.965471875735629 ], [ -47.774879769884471, -15.965724102573722 ], [ -47.774905559502066, -15.96542326778493 ], [ -47.775445571305049, -15.965351404566485 ], [ -47.775925079469317, -15.964940656871283 ], [ -47.776563263601574, -15.964969476013044 ], [ -47.776792693279759, -15.964532253290781 ], [ -47.777607038080568, -15.964597033849399 ], [ -47.777992327397023, -15.964365188990771 ], [ -47.77843668542932, -15.964411658038232 ], [ -47.778657686199239, -15.964060985598939 ], [ -47.778844948116102, -15.964347132695838 ], [ -47.779608005738893, -15.963843225118195 ], [ -47.780322009867866, -15.964092490084115 ], [ -47.781614693890141, -15.96361121646104 ], [ -47.782398998022764, -15.96293438715689 ], [ -47.783150706985253, -15.963118775274738 ], [ -47.783360663703647, -15.96275489299282 ], [ -47.783742152509149, -15.962970157238164 ], [ -47.784048801806101, -15.962667183467433 ], [ -47.784943129872907, -15.962548268900624 ], [ -47.785723626227067, -15.962055961594801 ], [ -47.787591332590978, -15.962016538392939 ], [ -47.788682534804721, -15.96140886408863 ], [ -47.789157737926644, -15.960925983222857 ], [ -47.789707244689495, -15.960717040102489 ], [ -47.790276967748269, -15.959848984046936 ], [ -47.791514625960268, -15.959715728000802 ], [ -47.791607533352455, -15.959046157667201 ], [ -47.79216059393265, -15.959034874144205 ], [ -47.792786055402011, -15.957913739575602 ], [ -47.793468967172672, -15.957497850859731 ], [ -47.793627547221291, -15.957196433297629 ], [ -47.793957737389924, -15.95712104353322 ], [ -47.79333147756325, -15.956176455768498 ], [ -47.793314888864828, -15.955510430616325 ], [ -47.793475845319129, -15.955282780599683 ], [ -47.793311335434517, -15.954998838988718 ], [ -47.793765096664167, -15.95462937618456 ], [ -47.793749340231237, -15.954287884435436 ], [ -47.794056581283144, -15.954126377349068 ], [ -47.793735719197407, -15.953763478154006 ], [ -47.794064770019645, -15.952836234986567 ], [ -47.794655197393432, -15.95208918589819 ], [ -47.795294349375737, -15.951764692725876 ], [ -47.795537624226895, -15.951077509453111 ], [ -47.795965185102865, -15.950594712940379 ], [ -47.796590605944459, -15.950228024146776 ], [ -47.796552919035655, -15.949951448318238 ], [ -47.796829749450104, -15.949919002585709 ], [ -47.796835831528178, -15.949668379529186 ], [ -47.797310374841736, -15.949329229813058 ], [ -47.797468701104968, -15.948613642218449 ], [ -47.798096742078947, -15.948090364158457 ], [ -47.798593223869176, -15.948051074342629 ], [ -47.79921279448007, -15.947362764878472 ], [ -47.799432505479871, -15.946808704750737 ], [ -47.800513596872506, -15.946287109184654 ], [ -47.800665765724617, -15.94567747876645 ], [ -47.800946707259996, -15.945336757513761 ], [ -47.801137067931187, -15.945505627773471 ], [ -47.801488075895655, -15.945114549695701 ], [ -47.802046639309083, -15.943935860714801 ], [ -47.802438322873712, -15.943592652693715 ], [ -47.802447138467265, -15.943322802615931 ], [ -47.80303704137097, -15.942919166410706 ], [ -47.803421554546212, -15.941902832231662 ], [ -47.803967530670199, -15.941732338538086 ], [ -47.804334367674358, -15.941371899349756 ], [ -47.805044915577398, -15.941333720205535 ], [ -47.805176330796172, -15.940947872362676 ], [ -47.805482551972936, -15.940735291331631 ], [ -47.805718873213891, -15.939691540719549 ], [ -47.80651841105707, -15.939477898510084 ], [ -47.807461428179849, -15.938769472688397 ], [ -47.806339285484448, -15.935873809611959 ], [ -47.804776875043203, -15.9325953423405 ], [ -47.804743960172665, -15.932302345737742 ], [ -47.804970979677456, -15.932006044367983 ], [ -47.804539353783753, -15.931316702689692 ], [ -47.803962426531029, -15.931334652716583 ], [ -47.802482018784005, -15.930630107101358 ], [ -47.801860215537964, -15.929644052948786 ], [ -47.801377648197828, -15.929614596765699 ], [ -47.799993412775699, -15.928351751071798 ], [ -47.798289487003871, -15.927720443566539 ], [ -47.797290788758168, -15.927670077944409 ], [ -47.795688511421631, -15.926782087706712 ], [ -47.792174425545831, -15.926358462104819 ], [ -47.791411131277719, -15.925954465835328 ], [ -47.78987025604922, -15.925938494203589 ], [ -47.788503641095808, -15.925259539174906 ], [ -47.787302162429633, -15.924931682933758 ], [ -47.786383519092354, -15.925051424656488 ], [ -47.784853109788315, -15.924548878652873 ], [ -47.780334758012138, -15.923712034144893 ], [ -47.779607383227436, -15.92315643193033 ], [ -47.778841624514662, -15.923123681245626 ], [ -47.778128673206517, -15.92234767664371 ], [ -47.778126062740242, -15.921563548873792 ], [ -47.777742294670063, -15.921250024063095 ], [ -47.777780267703328, -15.920609439453658 ], [ -47.777382830627509, -15.920366031520224 ], [ -47.777072931400767, -15.918804089896263 ], [ -47.776567756815346, -15.918026505395542 ], [ -47.77665759916902, -15.916889173113606 ], [ -47.776135007130861, -15.916307544815536 ], [ -47.775494751201343, -15.916151661030858 ], [ -47.775152431080834, -15.914818543669439 ], [ -47.774481647415726, -15.914071344374888 ], [ -47.773928409054136, -15.914076312534206 ], [ -47.773533983973174, -15.913842908071437 ], [ -47.772979132471484, -15.913313654621314 ], [ -47.772470373684968, -15.912463813436121 ], [ -47.773019508291647, -15.912361259088506 ], [ -47.774092868795968, -15.913025763753337 ], [ -47.774497152192268, -15.91315905372625 ], [ -47.774720053752027, -15.912936952560427 ], [ -47.775737912857615, -15.913290834185519 ], [ -47.778148545824195, -15.91288258293131 ], [ -47.778921405671667, -15.913215504396975 ], [ -47.780142012733947, -15.913273832360007 ], [ -47.780602827701429, -15.913497458773172 ], [ -47.78198216199133, -15.912942683203845 ], [ -47.782392398284465, -15.912617552401448 ], [ -47.782668244053959, -15.911480968755901 ], [ -47.783238976861341, -15.910631956739165 ], [ -47.783383545069199, -15.910058182895602 ], [ -47.784051173547141, -15.909642604853042 ], [ -47.784636430146456, -15.908382344670926 ], [ -47.786533198385406, -15.907198158171985 ], [ -47.787522826869598, -15.90704293260743 ], [ -47.78851689555966, -15.906524953337245 ], [ -47.789954780777201, -15.906311925645559 ], [ -47.790160167189264, -15.905918295998548 ], [ -47.790199498259369, -15.904882956078717 ], [ -47.790472938587541, -15.903851302401375 ], [ -47.790976095821982, -15.903742425632178 ], [ -47.791596256643146, -15.903298824532794 ], [ -47.792157857257216, -15.903198369930111 ], [ -47.792177106590103, -15.902983062883735 ], [ -47.792601926221273, -15.902633474675532 ], [ -47.793833642117278, -15.90224477190362 ], [ -47.794000324208113, -15.901977376572235 ], [ -47.794323980996772, -15.90074018829918 ], [ -47.792963094915052, -15.897675290321224 ], [ -47.794428808736399, -15.897068503605638 ], [ -47.794462274326051, -15.896810001197773 ], [ -47.794105533820847, -15.895115656050836 ], [ -47.792900173980655, -15.893654508994327 ], [ -47.79277858107811, -15.893209186378153 ], [ -47.795359861789265, -15.891693433913492 ], [ -47.79506707897923, -15.89137851473923 ], [ -47.79433763798923, -15.891131988176376 ], [ -47.793741076713339, -15.890415101505377 ], [ -47.794328874226473, -15.890027947713991 ], [ -47.794501435897857, -15.889614795137568 ], [ -47.795317628710002, -15.888947211105068 ], [ -47.795365926508403, -15.887741533634998 ], [ -47.795128694156055, -15.886877498992108 ], [ -47.796188263593599, -15.886277459746612 ], [ -47.796417704146499, -15.88590709964058 ], [ -47.796063280573698, -15.883085188346602 ], [ -47.795136973965477, -15.881815161920601 ], [ -47.795570261416565, -15.881024565068644 ], [ -47.795343030734116, -15.880277025638625 ], [ -47.795476141526422, -15.879604935943824 ], [ -47.795628346106639, -15.879448415954837 ], [ -47.797946674465308, -15.881000324614423 ], [ -47.801781018273758, -15.881200034360335 ], [ -47.802128840043636, -15.881177410968986 ], [ -47.802214404342131, -15.880939617779115 ], [ -47.801524113802067, -15.879684672967679 ], [ -47.799988113979481, -15.879139428724882 ], [ -47.799343845989625, -15.878274154626062 ], [ -47.799045433081645, -15.877467875192762 ], [ -47.798506503689232, -15.877439929255122 ], [ -47.798181070501563, -15.876951101509015 ], [ -47.796752082871087, -15.875739905619755 ], [ -47.795211933579353, -15.875461892884735 ], [ -47.794834873559516, -15.875113742648635 ], [ -47.793205562690524, -15.874994992625828 ], [ -47.792321504748614, -15.875149697650533 ], [ -47.791690075752456, -15.874866589925736 ], [ -47.791581582105422, -15.8750244132302 ] ] ] } },
{ "type": "Feature", "properties": { "ra_cira": 15, "ra_nome": "Recanto das Emas", "ra_codigo": "RA-XV", "regiao_saude": "Sudoeste" }, "geometry": { "type": "Polygon", "coordinates": [ [ [ -48.251350406889799, -15.955398262228991 ], [ -48.250073864610833, -15.955405023564085 ], [ -48.249365663885328, -15.95494653101674 ], [ -48.249322716718133, -15.954517084069346 ], [ -48.248556369058377, -15.954584174452235 ], [ -48.24840876151044, -15.954220677536437 ], [ -48.248022681495655, -15.954120610034639 ], [ -48.247790577381885, -15.954268676947468 ], [ -48.24756646972174, -15.954132454474586 ], [ -48.247183853309338, -15.954543929058701 ], [ -48.246884710681464, -15.954394476137765 ], [ -48.246545430767931, -15.95461630645824 ], [ -48.245794128112472, -15.954740959652618 ], [ -48.245451100982656, -15.954445769225336 ], [ -48.245111891050726, -15.954706017229174 ], [ -48.244985643415639, -15.954486461500341 ], [ -48.244286651624776, -15.954320953077064 ], [ -48.244129031927663, -15.953984324066415 ], [ -48.243519569156696, -15.953768892172274 ], [ -48.242590550149188, -15.952898972774944 ], [ -48.241560796958041, -15.953322912735695 ], [ -48.241089236565337, -15.952838421883666 ], [ -48.240458846866382, -15.952750582410845 ], [ -48.239981381492896, -15.952897525211458 ], [ -48.238655118267545, -15.952390728388481 ], [ -48.238238086537933, -15.952567213506999 ], [ -48.236965855820046, -15.952422716996571 ], [ -48.236936934532196, -15.952886553913835 ], [ -48.236430045838851, -15.953206007937053 ], [ -48.234430093718714, -15.953030893271224 ], [ -48.233490030591874, -15.953268290335101 ], [ -48.233056503305036, -15.953205590275717 ], [ -48.232512985316809, -15.953637373992388 ], [ -48.232073514041126, -15.953503784592476 ], [ -48.231817331184615, -15.953926937344711 ], [ -48.231314729347076, -15.954053791907629 ], [ -48.229716873452126, -15.953232398441854 ], [ -48.229354951792331, -15.953325602760946 ], [ -48.229188549912195, -15.953694631032159 ], [ -48.226954781934168, -15.952923121386762 ], [ -48.224265697370356, -15.954198761031849 ], [ -48.223259596134021, -15.955467386156814 ], [ -48.222142902212063, -15.957776160867679 ], [ -48.219953182459896, -15.958321477992449 ], [ -48.216743462493511, -15.95818347843565 ], [ -48.215102687752598, -15.957644776138844 ], [ -48.213455287075931, -15.956482980172147 ], [ -48.212719105360961, -15.954660371299262 ], [ -48.211148328800498, -15.953162648762861 ], [ -48.210804148645757, -15.952541777359583 ], [ -48.212348673719134, -15.950844357611235 ], [ -48.213007959531836, -15.949711065324003 ], [ -48.214425054413276, -15.949137915245512 ], [ -48.215062760369655, -15.947935312690435 ], [ -48.215497560828581, -15.947467353659325 ], [ -48.215631816778362, -15.94698838396093 ], [ -48.216787513007013, -15.94583481580208 ], [ -48.216976226535266, -15.944910029261221 ], [ -48.217551002518022, -15.944033097492257 ], [ -48.2135504391482, -15.942527749853397 ], [ -48.213786058880473, -15.941923317932154 ], [ -48.214178207523858, -15.941691644598951 ], [ -48.21449369771333, -15.940619113600233 ], [ -48.215224424769296, -15.93977721348724 ], [ -48.2161479568068, -15.938017202834166 ], [ -48.21712686672722, -15.937169759978321 ], [ -48.217568738066404, -15.936256549780001 ], [ -48.218225159674908, -15.935797793424193 ], [ -48.218580447142052, -15.93521019118849 ], [ -48.219089542577258, -15.934845545273308 ], [ -48.211769140604424, -15.93149975493556 ], [ -48.199389985617401, -15.923697728536451 ], [ -48.18961022417168, -15.919931658495276 ], [ -48.188168085346454, -15.919610868868553 ], [ -48.187164810095489, -15.919831893385156 ], [ -48.186517091031696, -15.920230581415725 ], [ -48.183049735535299, -15.923342603931939 ], [ -48.182354412421091, -15.923573967573319 ], [ -48.181514829262959, -15.9235637790146 ], [ -48.180761689785562, -15.923290376887923 ], [ -48.18001142143283, -15.92258346402201 ], [ -48.179291003098839, -15.920071677263675 ], [ -48.178777712369865, -15.919364520766448 ], [ -48.177472420349375, -15.918637853604082 ], [ -48.174964173458463, -15.918067816331392 ], [ -48.173714481303193, -15.918282892313339 ], [ -48.172439899913357, -15.919037354973383 ], [ -48.169810713274146, -15.922671327364867 ], [ -48.166302911047332, -15.923618179796112 ], [ -48.163760111445882, -15.915291716510074 ], [ -48.162382831748339, -15.913651661466362 ], [ -48.160748567636041, -15.912743959568388 ], [ -48.14048157317395, -15.906603065559116 ], [ -48.137653848437957, -15.905535148411001 ], [ -48.064679500009049, -15.883541390496868 ], [ -48.060338534432596, -15.882447682127264 ], [ -48.042767998074417, -15.937143767532335 ], [ -48.041692997910012, -15.939736286475105 ], [ -48.04053552660077, -15.941970172747153 ], [ -48.038221701343524, -15.945430192002945 ], [ -48.040738042994036, -15.949194244856749 ], [ -48.042247121482561, -15.950579987543239 ], [ -48.043932216308974, -15.951648448208882 ], [ -48.048493092323113, -15.953160489521823 ], [ -48.050773839088848, -15.953304227976933 ], [ -48.052784039930451, -15.953003967557644 ], [ -48.054808814732638, -15.952246210000439 ], [ -48.061546941520533, -15.948123570727324 ], [ -48.06248557277975, -15.947791597002709 ], [ -48.075895031105595, -15.939411038836889 ], [ -48.07793980428869, -15.938784548496013 ], [ -48.079701837593404, -15.939027634305248 ], [ -48.080807169110649, -15.939662600058748 ], [ -48.082831567329038, -15.941675601177614 ], [ -48.091247985205769, -15.935028742969843 ], [ -48.091354498553819, -15.934471916932289 ], [ -48.09214561175714, -15.933517012996811 ], [ -48.094386470052761, -15.932248128279744 ], [ -48.095006649330756, -15.932369507459626 ], [ -48.095825752716628, -15.932881002761825 ], [ -48.096325785201152, -15.932860056541093 ], [ -48.096565080334273, -15.933431321193568 ], [ -48.09723775009585, -15.933680945014951 ], [ -48.098311656432003, -15.93441980395527 ], [ -48.098880948175939, -15.935216494554094 ], [ -48.09985757637422, -15.935550640728279 ], [ -48.101126734642406, -15.936817682680536 ], [ -48.102176778226784, -15.937240553540548 ], [ -48.103517050961592, -15.940313563441439 ], [ -48.103269715305238, -15.941020915873214 ], [ -48.103666707993334, -15.941487902429841 ], [ -48.103797813160455, -15.941990380216382 ], [ -48.105092025855413, -15.942943981619718 ], [ -48.10525598141836, -15.943888500972246 ], [ -48.105523817576575, -15.944379344017356 ], [ -48.105958248291437, -15.94425317246051 ], [ -48.106448366769875, -15.944603836491611 ], [ -48.107306646261918, -15.946661916746686 ], [ -48.108192720787663, -15.947053451260528 ], [ -48.108212171581684, -15.94741307001666 ], [ -48.108788421457405, -15.947823068535794 ], [ -48.109068833446351, -15.948571593801043 ], [ -48.110745345331452, -15.949662649121516 ], [ -48.111473503973784, -15.950829550309633 ], [ -48.111854838685417, -15.950925365347313 ], [ -48.111994972676364, -15.951309655229389 ], [ -48.11238595486487, -15.95133232432347 ], [ -48.112711765542194, -15.951587775869864 ], [ -48.114152868043334, -15.951086433059803 ], [ -48.11493084239082, -15.951685403420987 ], [ -48.115097869501589, -15.952033945158487 ], [ -48.116016195244597, -15.952094782522016 ], [ -48.115790512545146, -15.952491624696762 ], [ -48.116250065738058, -15.952384298736279 ], [ -48.116338066904497, -15.95252279410745 ], [ -48.116114837223016, -15.952818746822869 ], [ -48.116366426047556, -15.952980606667129 ], [ -48.11655615193623, -15.95295014070207 ], [ -48.116760828802754, -15.952589086106679 ], [ -48.117279803319768, -15.95310137188873 ], [ -48.117329982931174, -15.952695332484641 ], [ -48.118824326127232, -15.953751750095156 ], [ -48.120071515437608, -15.953678598244762 ], [ -48.120172204544645, -15.953973289840899 ], [ -48.119776787870038, -15.954003670654942 ], [ -48.120262327876318, -15.954757935040695 ], [ -48.121176623578016, -15.954717433423665 ], [ -48.121128854316261, -15.955290564151008 ], [ -48.121708600090713, -15.95537249472928 ], [ -48.121991482764614, -15.955719118775127 ], [ -48.122399539296808, -15.955121806273354 ], [ -48.122233240111079, -15.954807549786347 ], [ -48.122539776002753, -15.954232036970113 ], [ -48.122286804808233, -15.95304189462556 ], [ -48.122997561035348, -15.952228636744257 ], [ -48.122952120168335, -15.951717352872572 ], [ -48.123338506748588, -15.950906091543228 ], [ -48.123597796696458, -15.950824138592115 ], [ -48.123927424079461, -15.95020457285335 ], [ -48.123869857319811, -15.949657620342998 ], [ -48.124448111199513, -15.949358135230229 ], [ -48.124364166152063, -15.94901796807655 ], [ -48.125472100325908, -15.948031364140377 ], [ -48.12538638693897, -15.947823948985725 ], [ -48.12578082448303, -15.947439051097469 ], [ -48.125682650009189, -15.946989366758471 ], [ -48.125934936494623, -15.946899411918325 ], [ -48.126227617660064, -15.947075862057817 ], [ -48.1264258138157, -15.946954935326476 ], [ -48.126688919318582, -15.946014469281089 ], [ -48.126322665209251, -15.945727495223146 ], [ -48.126734075681, -15.945276868491515 ], [ -48.126959116972955, -15.944012821211729 ], [ -48.126563911570834, -15.943421080457684 ], [ -48.126808584447716, -15.942806100978913 ], [ -48.126694234502153, -15.942205279526567 ], [ -48.127385297079904, -15.942537098714762 ], [ -48.127504826744037, -15.942754407225172 ], [ -48.128503464293608, -15.942479775194297 ], [ -48.130652867082162, -15.942781273683892 ], [ -48.133394560864033, -15.944855628706984 ], [ -48.134514066283757, -15.945214153383086 ], [ -48.135801652355426, -15.945210695491209 ], [ -48.137927519237095, -15.944717334857382 ], [ -48.139482066297639, -15.943964210189653 ], [ -48.140807372080573, -15.943736808908284 ], [ -48.141875653015461, -15.943242087538025 ], [ -48.143105385497826, -15.94322608181869 ], [ -48.143475673551706, -15.943049818558041 ], [ -48.143786314927972, -15.943207822231548 ], [ -48.144179732267347, -15.942952403986581 ], [ -48.144591214065549, -15.942976872324868 ], [ -48.147206624702939, -15.943534266268527 ], [ -48.148851722958455, -15.944837627158048 ], [ -48.150378052474558, -15.945409001863181 ], [ -48.151570489302763, -15.946353228777044 ], [ -48.153374875108213, -15.947140460331655 ], [ -48.153572496402226, -15.943941867367565 ], [ -48.153139363982348, -15.934443990989756 ], [ -48.153385268021914, -15.933796621597438 ], [ -48.153519909833463, -15.934134333148007 ], [ -48.154162199003942, -15.934648239109514 ], [ -48.155644292832086, -15.936990861207128 ], [ -48.156790615369822, -15.937128048236257 ], [ -48.158825041553712, -15.938743595063555 ], [ -48.160098293844371, -15.940169928344169 ], [ -48.161082294431075, -15.942673090881081 ], [ -48.162944008068479, -15.94560397871347 ], [ -48.163110167075146, -15.946853896193677 ], [ -48.166374871723072, -15.946782591432815 ], [ -48.172782186377979, -15.946273298945814 ], [ -48.173009688729366, -15.947079758937532 ], [ -48.175100141552612, -15.946675348767501 ], [ -48.176282972207218, -15.94626448665811 ], [ -48.179123439262654, -15.946676468625656 ], [ -48.181716129077373, -15.945941028538847 ], [ -48.185721660126646, -15.945538660606022 ], [ -48.187067192268302, -15.945725726027572 ], [ -48.187263866521768, -15.946708370260405 ], [ -48.187172659967054, -15.94755640723378 ], [ -48.186572302951433, -15.949560297674799 ], [ -48.186975172172374, -15.951986332589071 ], [ -48.186928104058715, -15.953431233461073 ], [ -48.188405954773621, -15.956149363893134 ], [ -48.188511410793069, -15.956853918769138 ], [ -48.189791263404139, -15.958603739325044 ], [ -48.190398344418156, -15.958964468628436 ], [ -48.191026698396051, -15.959984700747416 ], [ -48.191782539864477, -15.960318290181252 ], [ -48.192064338491598, -15.960705524058676 ], [ -48.191758192997369, -15.960975026050336 ], [ -48.191968338984779, -15.961518504977052 ], [ -48.192397651035932, -15.961520823089371 ], [ -48.192567565731224, -15.962840793599321 ], [ -48.192354448074639, -15.963136274245931 ], [ -48.192521713346892, -15.963454037653776 ], [ -48.19274305547362, -15.963450737293764 ], [ -48.193133412621314, -15.963897629858531 ], [ -48.193727518934438, -15.963879760892141 ], [ -48.193778623261871, -15.963550892163264 ], [ -48.194197036697936, -15.963100436024943 ], [ -48.194686241367982, -15.963228864533361 ], [ -48.19556397608072, -15.962686726357138 ], [ -48.196887547436383, -15.96336599598083 ], [ -48.197614825424957, -15.963418359355842 ], [ -48.19803317265059, -15.963799594822959 ], [ -48.198581768964985, -15.963980375801007 ], [ -48.199218650534007, -15.963430086122544 ], [ -48.199757663888988, -15.963492963863967 ], [ -48.200017568544318, -15.962585995943051 ], [ -48.200689515002672, -15.962270866112236 ], [ -48.20115697570845, -15.96285308464579 ], [ -48.201392029871897, -15.962800693540462 ], [ -48.201666470995796, -15.963128532488749 ], [ -48.203307247139804, -15.963332333709964 ], [ -48.204722879720464, -15.964248931189358 ], [ -48.205600020698036, -15.964373986310251 ], [ -48.205945750510658, -15.964138197255432 ], [ -48.206285766035492, -15.96468173631262 ], [ -48.206705319663669, -15.964339585958713 ], [ -48.206949058459038, -15.964763297305447 ], [ -48.207410277875816, -15.964614903866835 ], [ -48.208026036054953, -15.965048174009446 ], [ -48.208511085303606, -15.965007062237312 ], [ -48.208891024744347, -15.965227320372724 ], [ -48.209425100130822, -15.964869842039267 ], [ -48.211137216051455, -15.96514815608213 ], [ -48.211608100193388, -15.965821521845822 ], [ -48.212312272946988, -15.966208314825177 ], [ -48.212893268687992, -15.965876247462322 ], [ -48.213842947754436, -15.965947017356898 ], [ -48.214705398813713, -15.967337291499412 ], [ -48.21596808153248, -15.967493937208406 ], [ -48.216132388080879, -15.967941397990549 ], [ -48.216461172520752, -15.967825871929387 ], [ -48.216978281510528, -15.967975304242939 ], [ -48.217012459738299, -15.968443327620976 ], [ -48.217945754345465, -15.968354011787881 ], [ -48.217871733586065, -15.968961795997133 ], [ -48.218367010807526, -15.969134160423366 ], [ -48.218527050510531, -15.969523056169136 ], [ -48.21903235667974, -15.969040860239291 ], [ -48.219886541180301, -15.969697016547928 ], [ -48.22074058783717, -15.969444866464535 ], [ -48.220845601168079, -15.969868751179195 ], [ -48.221472812047814, -15.970646639454541 ], [ -48.222487108839928, -15.970359146257518 ], [ -48.222788228393384, -15.970704115038542 ], [ -48.223148708627583, -15.97072016746403 ], [ -48.223575989173504, -15.970336733082465 ], [ -48.223511784296136, -15.969889813801494 ], [ -48.223869890195068, -15.9697844957171 ], [ -48.224736512491923, -15.970128562584632 ], [ -48.224587403515216, -15.970812842887717 ], [ -48.225074434502766, -15.971025476571409 ], [ -48.225205262741788, -15.97132656852844 ], [ -48.225963696606989, -15.97085071536036 ], [ -48.226440345556448, -15.971472953569934 ], [ -48.22691252322231, -15.970959030487922 ], [ -48.227392668606896, -15.971168806827723 ], [ -48.227852917857895, -15.970979939562197 ], [ -48.228521270798765, -15.97123984074207 ], [ -48.229077569109442, -15.970957759207916 ], [ -48.229243252337653, -15.9705637840876 ], [ -48.229475928697937, -15.970493868490918 ], [ -48.230423468593706, -15.971049293693843 ], [ -48.231056862905604, -15.971054376230946 ], [ -48.231447563322106, -15.971580139712627 ], [ -48.232617019381387, -15.971974442973181 ], [ -48.233074255413136, -15.971726847918282 ], [ -48.233481486378764, -15.972015965121489 ], [ -48.23380074555827, -15.971816102527351 ], [ -48.234599330007953, -15.971818884614501 ], [ -48.235175766424973, -15.972197588238796 ], [ -48.235838911494099, -15.971875273792403 ], [ -48.236910695015141, -15.972352938384399 ], [ -48.238173028250635, -15.972560754960194 ], [ -48.238332821271435, -15.972502068835931 ], [ -48.238451544231161, -15.971761403459217 ], [ -48.239050449025548, -15.971815849588619 ], [ -48.239600547712037, -15.971013665461896 ], [ -48.24022356923119, -15.970840086620173 ], [ -48.240375395249302, -15.971120105217558 ], [ -48.239974832347485, -15.971852988618313 ], [ -48.240252407992578, -15.971998984329261 ], [ -48.240948218307672, -15.971980639034204 ], [ -48.241213354492601, -15.97166257427102 ], [ -48.241517592578298, -15.972118161695379 ], [ -48.242814987681051, -15.972574132410177 ], [ -48.243198509282756, -15.973051887148115 ], [ -48.243575687249709, -15.972811741873404 ], [ -48.244458287189083, -15.973322333672479 ], [ -48.244698284816629, -15.972714095608344 ], [ -48.245148267756434, -15.972622236402326 ], [ -48.245488831640422, -15.972296336367146 ], [ -48.246085303453981, -15.972317347318493 ], [ -48.246121148968548, -15.972569993134234 ], [ -48.245734776584094, -15.972851406577362 ], [ -48.245657925459248, -15.973237731281792 ], [ -48.246077526501274, -15.973306192764074 ], [ -48.246040952523238, -15.973688884970789 ], [ -48.246588368065794, -15.973942483603231 ], [ -48.246365299711734, -15.974382729960439 ], [ -48.246472432588874, -15.974499498642452 ], [ -48.246799043183358, -15.9743763213534 ], [ -48.24698647104087, -15.974544234225013 ], [ -48.247000524047763, -15.975110541218541 ], [ -48.247322845388275, -15.975627565990097 ], [ -48.248342526221279, -15.975513227143882 ], [ -48.248474885593623, -15.975766312963358 ], [ -48.249265628929429, -15.975504564719392 ], [ -48.250362083683576, -15.975617180362452 ], [ -48.250697508697122, -15.975850203044468 ], [ -48.251417388630138, -15.975673095610258 ], [ -48.251563731302895, -15.976078510763065 ], [ -48.251767447381766, -15.976120026560981 ], [ -48.253473819310436, -15.975878809655022 ], [ -48.253938808793286, -15.97622198041444 ], [ -48.253359641495742, -15.976437046368057 ], [ -48.253684280929029, -15.977218085510735 ], [ -48.254398048711224, -15.977015858591361 ], [ -48.255255825616629, -15.977306849618831 ], [ -48.256496251879241, -15.977099024411826 ], [ -48.257151119984528, -15.977528574760175 ], [ -48.2580590372934, -15.977705457656267 ], [ -48.258508066465552, -15.977235841105436 ], [ -48.257932323679043, -15.976358545447479 ], [ -48.258226933552599, -15.97619546793775 ], [ -48.259026276029218, -15.976496385180246 ], [ -48.259233799488541, -15.97494686941655 ], [ -48.259702047692343, -15.97419500069527 ], [ -48.259207354323671, -15.973319336149958 ], [ -48.258481106590693, -15.973548911399297 ], [ -48.258070997859981, -15.973166932123995 ], [ -48.257980590431281, -15.972829613967789 ], [ -48.259703629060802, -15.969687261459439 ], [ -48.260573131932212, -15.968881913538484 ], [ -48.260095074605402, -15.96805402829176 ], [ -48.260365876265126, -15.967692319024406 ], [ -48.26022469418502, -15.966800056826639 ], [ -48.259159462250551, -15.966241635469723 ], [ -48.257710964697878, -15.964912851473272 ], [ -48.257369912614195, -15.963551517027641 ], [ -48.255976768873616, -15.963198841721015 ], [ -48.256329024588979, -15.962509563061193 ], [ -48.257465831902351, -15.962086005036761 ], [ -48.257718002118466, -15.9616454055302 ], [ -48.257644016176314, -15.961358497752364 ], [ -48.256650111707955, -15.961462630891088 ], [ -48.255727845858715, -15.961845787412559 ], [ -48.255314385850447, -15.962289054519696 ], [ -48.255196500078078, -15.962215311187807 ], [ -48.255089552229407, -15.961864208906546 ], [ -48.255234417305317, -15.960582357377175 ], [ -48.256260955173573, -15.960063458209811 ], [ -48.256321103659879, -15.959854816884665 ], [ -48.255862457477534, -15.959447420765889 ], [ -48.25504367142603, -15.959344637695915 ], [ -48.254573448824623, -15.959034066934032 ], [ -48.254356749469999, -15.958207346469278 ], [ -48.254672812430016, -15.957093197760825 ], [ -48.253904851993639, -15.956778456097824 ], [ -48.253301597316955, -15.955855075098974 ], [ -48.252691468282428, -15.955731931091879 ], [ -48.251925248251787, -15.955932835427681 ], [ -48.251500273204435, -15.955751980683727 ], [ -48.251350406889799, -15.955398262228991 ] ] ] } },
{ "type": "Feature", "properties": { "ra_cira": 16, "ra_nome": "Lago Sul", "ra_codigo": "RA-XVI", "regiao_saude": "Central" }, "geometry": { "type": "Polygon", "coordinates": [ [ [ -47.804217572780054, -15.792353451549316 ], [ -47.803544859022303, -15.792801768574472 ], [ -47.802428605661703, -15.792830047358327 ], [ -47.803020247231181, -15.793760532784569 ], [ -47.803691236906658, -15.794124807173594 ], [ -47.803423542085014, -15.794476823447352 ], [ -47.80170571227243, -15.794043507834797 ], [ -47.801295450988711, -15.794151559755601 ], [ -47.80138438629546, -15.794839796062799 ], [ -47.800960258448946, -15.795016044932749 ], [ -47.800762944966749, -15.794939381690876 ], [ -47.800773996791207, -15.79471893812725 ], [ -47.799631550361759, -15.794738298257203 ], [ -47.798575046818399, -15.795214071835796 ], [ -47.798699992744368, -15.795420458236102 ], [ -47.799051927126271, -15.795444401095772 ], [ -47.798506376332405, -15.796136173761585 ], [ -47.798740353241371, -15.796444711254505 ], [ -47.798725705267913, -15.797030985805897 ], [ -47.798456168056958, -15.797319292728183 ], [ -47.798240080251503, -15.797222354604035 ], [ -47.797825589662835, -15.796020322281109 ], [ -47.797574871322247, -15.795764246358084 ], [ -47.796884927902525, -15.796131087934485 ], [ -47.796978829035496, -15.796533939464707 ], [ -47.795828493707205, -15.795961928270804 ], [ -47.795749630761257, -15.796348965154177 ], [ -47.795909908553554, -15.796623395190306 ], [ -47.795527993382052, -15.796738101608973 ], [ -47.795414681985029, -15.797281411606624 ], [ -47.7946038450674, -15.795911650605792 ], [ -47.793953706870035, -15.796090078479436 ], [ -47.793709577282236, -15.796345841320729 ], [ -47.7929043102991, -15.796108656275432 ], [ -47.792723226406842, -15.795859969262475 ], [ -47.792093731008983, -15.796168833903698 ], [ -47.792011444164807, -15.795577683260174 ], [ -47.791725162681665, -15.795465220160718 ], [ -47.791346944948629, -15.79569857120846 ], [ -47.791018708729538, -15.795345719583464 ], [ -47.790705642588925, -15.795708530108383 ], [ -47.789421521814702, -15.795809196075639 ], [ -47.789163521452643, -15.796118081101257 ], [ -47.789235348119526, -15.796282137130277 ], [ -47.789390165551723, -15.796223441766191 ], [ -47.789219916022176, -15.797066360913766 ], [ -47.789572210497262, -15.79739229527185 ], [ -47.789363892360477, -15.797764535507591 ], [ -47.789603328456081, -15.798084061714119 ], [ -47.789285349849152, -15.798492842608743 ], [ -47.78992422436805, -15.798936567340547 ], [ -47.78926305318128, -15.799105367343943 ], [ -47.789431213052104, -15.799410274945535 ], [ -47.789281644449211, -15.799584063502147 ], [ -47.789361688111605, -15.800006969103991 ], [ -47.78863179190671, -15.799946078857801 ], [ -47.788257976006875, -15.800841375058532 ], [ -47.787264929169083, -15.801794925477363 ], [ -47.786685814425645, -15.801853476182696 ], [ -47.785855310667216, -15.802230998191243 ], [ -47.786565452259318, -15.805573746862565 ], [ -47.788396202357191, -15.809622814672855 ], [ -47.792883721251016, -15.818145997750605 ], [ -47.794172363076662, -15.821150772745963 ], [ -47.796047750890438, -15.82447586216176 ], [ -47.812395866851979, -15.845775454111779 ], [ -47.813941854896932, -15.847464051309014 ], [ -47.815644513907905, -15.8501116866376 ], [ -47.816510471128211, -15.852053900816227 ], [ -47.820105240343196, -15.863510016490688 ], [ -47.820473105805767, -15.864016792067989 ], [ -47.820949476865898, -15.863860422871657 ], [ -47.830739967703451, -15.859290877311727 ], [ -47.843012144307004, -15.866206935032842 ], [ -47.845054081755436, -15.862811532816616 ], [ -47.842915704441765, -15.861606904615565 ], [ -47.850631899525183, -15.85715247860354 ], [ -47.853565784119134, -15.85662615162078 ], [ -47.855608311605145, -15.858540864617781 ], [ -47.856258133452677, -15.858794186478486 ], [ -47.855216100289176, -15.860483173051735 ], [ -47.853930424751837, -15.864148627776606 ], [ -47.853148690817854, -15.864488566576721 ], [ -47.851155721007729, -15.868691651046145 ], [ -47.856981519014724, -15.871238264502875 ], [ -47.856078218416577, -15.873173779607145 ], [ -47.88010075913391, -15.884940959519003 ], [ -47.893668911813734, -15.900669081318727 ], [ -47.88232998588321, -15.913515329300703 ], [ -47.88329858416455, -15.913740774721642 ], [ -47.884662812214572, -15.913434169924662 ], [ -47.886100790151943, -15.912887781458748 ], [ -47.887021948813278, -15.912087121277464 ], [ -47.887988996519553, -15.911749426949811 ], [ -47.88848329705587, -15.911321617114695 ], [ -47.889267174136428, -15.911368763821146 ], [ -47.889759027437918, -15.91110689733407 ], [ -47.890744215006308, -15.911463729118429 ], [ -47.893083298460894, -15.911731256409629 ], [ -47.894607774861811, -15.911712377723489 ], [ -47.894800564779146, -15.911445611552097 ], [ -47.894941033641551, -15.911563064909746 ], [ -47.895298329204941, -15.911350403573431 ], [ -47.896068056298688, -15.911348779099745 ], [ -47.896313019793034, -15.911764049193234 ], [ -47.897004165512897, -15.911654872918422 ], [ -47.898479158389719, -15.912126546374108 ], [ -47.899708868453239, -15.911951692182612 ], [ -47.899980140974812, -15.911764158609992 ], [ -47.900863928664542, -15.911760509685609 ], [ -47.900981524138309, -15.91141993174495 ], [ -47.901716458466503, -15.911243543599214 ], [ -47.901896385748273, -15.911618565755484 ], [ -47.90259081123461, -15.911801104619407 ], [ -47.902615032084064, -15.911521959196975 ], [ -47.903003936790384, -15.911398818160043 ], [ -47.903515039857417, -15.911950179170541 ], [ -47.904010551733855, -15.911912753844238 ], [ -47.904271333477219, -15.91210735993084 ], [ -47.90470409635774, -15.912039212145082 ], [ -47.904770636502647, -15.911829392807341 ], [ -47.9049756463289, -15.911872792582338 ], [ -47.905296601371738, -15.911590203245966 ], [ -47.905371100561482, -15.91180727343159 ], [ -47.905817523087535, -15.911780696871498 ], [ -47.906450317375132, -15.912174157114638 ], [ -47.906514778719675, -15.91246526329188 ], [ -47.906953066057547, -15.912413175031951 ], [ -47.907656275825396, -15.912623127496509 ], [ -47.907774358251707, -15.912220394671936 ], [ -47.908307596038135, -15.91205625126624 ], [ -47.908619061502485, -15.911622474590208 ], [ -47.908837435689392, -15.910657222111764 ], [ -47.909298843013872, -15.910637304498099 ], [ -47.909218756080556, -15.909911570830541 ], [ -47.909624715910283, -15.909992816011371 ], [ -47.911017707524231, -15.909508934428484 ], [ -47.912074697892152, -15.909599135397391 ], [ -47.912388903297412, -15.909362329230403 ], [ -47.912603807082156, -15.908808111590018 ], [ -47.913330866594301, -15.908368315678672 ], [ -47.912378047116349, -15.907556528220669 ], [ -47.911859675283715, -15.906076384208628 ], [ -47.911487674620211, -15.905722122590996 ], [ -47.911367393344712, -15.905180240118296 ], [ -47.911094543279972, -15.9050071160814 ], [ -47.911248636844697, -15.904679310129019 ], [ -47.911011611878607, -15.904434737334027 ], [ -47.911148309744455, -15.903866819894175 ], [ -47.91093239392567, -15.903708537706985 ], [ -47.910844687530378, -15.900996475028464 ], [ -47.910577107230154, -15.90003508386066 ], [ -47.910046941909776, -15.899283701954534 ], [ -47.910085221392087, -15.898928376855043 ], [ -47.909527030791224, -15.898669840376277 ], [ -47.909459089501439, -15.8981531205745 ], [ -47.908895955843995, -15.897715698682893 ], [ -47.908827366845188, -15.897297754003404 ], [ -47.908346669972978, -15.896995427265828 ], [ -47.908841999815614, -15.896338470146125 ], [ -47.90878597137641, -15.895965386002221 ], [ -47.907965753097379, -15.895469050587353 ], [ -47.907779216421126, -15.895036129274894 ], [ -47.907367671206025, -15.894679003774593 ], [ -47.907360900157052, -15.893877921326535 ], [ -47.906867631262998, -15.893192346173873 ], [ -47.906562555521056, -15.893053933127597 ], [ -47.906609578139879, -15.892775910803456 ], [ -47.90630911062263, -15.892530488241636 ], [ -47.906596346204402, -15.892168474603494 ], [ -47.906611154888374, -15.891812532168565 ], [ -47.906076533150838, -15.891640464777732 ], [ -47.905390058235788, -15.890765059479964 ], [ -47.905787847816462, -15.890338339991217 ], [ -47.906122289696931, -15.889402449860338 ], [ -47.906119010246989, -15.888230434404528 ], [ -47.905955196925952, -15.887925419895129 ], [ -47.906211310949395, -15.887602132823199 ], [ -47.906019717794798, -15.886985770629297 ], [ -47.906309430530172, -15.886807113060197 ], [ -47.906261529538163, -15.886051149326253 ], [ -47.906493724222848, -15.885264036945589 ], [ -47.906326213182737, -15.88496846207957 ], [ -47.905797686701497, -15.884653564870277 ], [ -47.905959806969896, -15.883991910284186 ], [ -47.905631482979913, -15.883484253924724 ], [ -47.906038586129149, -15.882657744428286 ], [ -47.906088756909938, -15.881336718881432 ], [ -47.907532041054864, -15.881270698304716 ], [ -47.907890078102099, -15.8817092637683 ], [ -47.908193655887715, -15.881359241771953 ], [ -47.908459644328204, -15.881336494631647 ], [ -47.909511054137894, -15.881696541151005 ], [ -47.9098395933894, -15.882188178377993 ], [ -47.910482356156457, -15.882144877528226 ], [ -47.910956472145898, -15.882470612890902 ], [ -47.911860702443832, -15.882409714835976 ], [ -47.913436807317225, -15.882854091106983 ], [ -47.915149425883293, -15.883044401622767 ], [ -47.916201958895869, -15.883433308191968 ], [ -47.917912488113757, -15.883548429674434 ], [ -47.919494325294984, -15.883388002485678 ], [ -47.920003179457943, -15.883887683798191 ], [ -47.920549909107962, -15.884113102305946 ], [ -47.921417403363833, -15.884153227517539 ], [ -47.921914250671982, -15.884515241940276 ], [ -47.923047940687525, -15.884688955090656 ], [ -47.923367619428269, -15.885009621992561 ], [ -47.923780870736792, -15.884899766773735 ], [ -47.924161772333001, -15.885373261275452 ], [ -47.924490283372059, -15.885344534730763 ], [ -47.924753839943108, -15.885877745611657 ], [ -47.924920418364536, -15.885836402749195 ], [ -47.924944630960461, -15.886029269291095 ], [ -47.925457578767151, -15.886407884966149 ], [ -47.927057819240552, -15.886927398935558 ], [ -47.928898841945056, -15.88863461118048 ], [ -47.930619933048696, -15.889822501838257 ], [ -47.931039602566287, -15.889947965946334 ], [ -47.931467648596119, -15.890561416589453 ], [ -47.93224883933577, -15.890707539752782 ], [ -47.932680974331532, -15.890886604169452 ], [ -47.932893393794679, -15.891236015923242 ], [ -47.933227298994105, -15.891216589509485 ], [ -47.933849174746918, -15.892081100930499 ], [ -47.934626213671351, -15.892290439818042 ], [ -47.935158844700787, -15.893028803343912 ], [ -47.935884124109251, -15.893370166779047 ], [ -47.936882314811264, -15.893568796508001 ], [ -47.937054426086853, -15.893771763760078 ], [ -47.937596394386468, -15.893820839444647 ], [ -47.93820840955263, -15.894178738272425 ], [ -47.938659061119864, -15.895011529397332 ], [ -47.939987076964762, -15.895508928382592 ], [ -47.94001888434429, -15.895658716544283 ], [ -47.941038197650926, -15.896156846061038 ], [ -47.946074343843897, -15.895104320079657 ], [ -47.951873030418888, -15.884524446232041 ], [ -47.956331347419017, -15.881192524594463 ], [ -47.9560938593361, -15.880061855745945 ], [ -47.94897676174309, -15.876006606083639 ], [ -47.936522075096065, -15.869984576720629 ], [ -47.936174963983213, -15.869174615212566 ], [ -47.936566386889382, -15.868308937550221 ], [ -47.936625306222624, -15.867059974109234 ], [ -47.932319845725381, -15.851287865267725 ], [ -47.931411883461962, -15.851300169236564 ], [ -47.930866530714297, -15.851515778031057 ], [ -47.930534026513918, -15.851187429609771 ], [ -47.929621809396863, -15.851522236296544 ], [ -47.928230882041078, -15.851148200055194 ], [ -47.927627767581669, -15.851356296891764 ], [ -47.926671336315785, -15.850862132141929 ], [ -47.925966250937904, -15.851077205260006 ], [ -47.925352869186312, -15.850841146764079 ], [ -47.924969688059846, -15.851087637876136 ], [ -47.924895121988506, -15.851707886609548 ], [ -47.923560500578468, -15.851343475083755 ], [ -47.923080675725487, -15.851756993512678 ], [ -47.922586459025034, -15.851553298843053 ], [ -47.920969156118126, -15.851358874765276 ], [ -47.91978295425163, -15.85159142996395 ], [ -47.917514086408232, -15.850467004961581 ], [ -47.914476383750625, -15.848436332280643 ], [ -47.911319922492112, -15.846696607310493 ], [ -47.9091833213295, -15.846074138248598 ], [ -47.90727168397602, -15.845916226836769 ], [ -47.905682900323846, -15.845188286503001 ], [ -47.904063122153168, -15.844028498696821 ], [ -47.904155400263619, -15.844664892054482 ], [ -47.903690452379664, -15.844608698854818 ], [ -47.903538287128825, -15.844390982644766 ], [ -47.900594109046096, -15.842829522188659 ], [ -47.900488591626001, -15.842944251310197 ], [ -47.900467245968755, -15.842635052260025 ], [ -47.899740224241349, -15.842414786184548 ], [ -47.899350641437294, -15.841980183742052 ], [ -47.898770974675195, -15.841808373235066 ], [ -47.898138298248178, -15.841152581306313 ], [ -47.898064428411089, -15.840672167723634 ], [ -47.896080063257472, -15.840908008424872 ], [ -47.895529684811365, -15.840786899469958 ], [ -47.895296967251156, -15.840855701385747 ], [ -47.895335112718534, -15.840983666270674 ], [ -47.895246661565558, -15.840869555727577 ], [ -47.893678090432161, -15.841177931497397 ], [ -47.893639550049009, -15.84103456421437 ], [ -47.892243079068649, -15.840949957790812 ], [ -47.890605103256355, -15.840158170628147 ], [ -47.889742895617658, -15.839298276019955 ], [ -47.886819484412371, -15.837571102802602 ], [ -47.885244562161354, -15.835952819901111 ], [ -47.884709425343281, -15.835153681858488 ], [ -47.88430993979452, -15.833907345030731 ], [ -47.883948368204152, -15.830990965343446 ], [ -47.883393880920764, -15.830008383089396 ], [ -47.883200448484089, -15.828586635155402 ], [ -47.882893157649832, -15.828481547944648 ], [ -47.882633538944461, -15.828887319222153 ], [ -47.882203727110522, -15.829037299262847 ], [ -47.8810861119332, -15.828695305977542 ], [ -47.879763124637257, -15.827467586910537 ], [ -47.87935266235683, -15.826023852514638 ], [ -47.877676592088761, -15.825373778036399 ], [ -47.876852534021836, -15.824624996102816 ], [ -47.876008889223421, -15.824577045944919 ], [ -47.875563143721727, -15.824732462264185 ], [ -47.875200777200618, -15.824601120616784 ], [ -47.874781963475506, -15.82475771447179 ], [ -47.872586769106292, -15.824194082814753 ], [ -47.871878397407812, -15.824546098489384 ], [ -47.871170956022205, -15.82557914390893 ], [ -47.870830497572257, -15.826533797588704 ], [ -47.871811875887147, -15.827262509806252 ], [ -47.871923988818644, -15.828300911811935 ], [ -47.871543878776571, -15.829424997252703 ], [ -47.870719395950168, -15.829973609713203 ], [ -47.869737450528461, -15.829844156513065 ], [ -47.868144482308679, -15.828599202964204 ], [ -47.866185368599673, -15.827885658583982 ], [ -47.864415903989972, -15.828302404981086 ], [ -47.862845818757243, -15.828241900508802 ], [ -47.857790440232208, -15.826951694944423 ], [ -47.855468484030709, -15.827332691709204 ], [ -47.854937370850479, -15.827846167164246 ], [ -47.85474752165814, -15.829101185489723 ], [ -47.854914281655482, -15.829508887666501 ], [ -47.856279680726992, -15.830134654260686 ], [ -47.857521845478743, -15.831485478175594 ], [ -47.85844826369587, -15.831985968575415 ], [ -47.85973948170038, -15.833708863084695 ], [ -47.860762991147496, -15.83428317628759 ], [ -47.860929765079533, -15.834733873433047 ], [ -47.861550551158402, -15.835148141058603 ], [ -47.861635836128237, -15.835725327031037 ], [ -47.861908997509964, -15.835895202320691 ], [ -47.861774493564745, -15.836447862827324 ], [ -47.862125904822165, -15.836308611956152 ], [ -47.86251082731912, -15.836672106184771 ], [ -47.862883234061805, -15.837390448221775 ], [ -47.863410519753991, -15.837740866485692 ], [ -47.864754310856945, -15.839597389343258 ], [ -47.866654134431798, -15.841534996656234 ], [ -47.8669180042722, -15.842402486275709 ], [ -47.868280713657867, -15.844647012136257 ], [ -47.868234981565131, -15.844832405881343 ], [ -47.86863647018528, -15.845261960861295 ], [ -47.86898169954209, -15.847079260798683 ], [ -47.869868689762889, -15.848070305575495 ], [ -47.869757404415438, -15.848445551834448 ], [ -47.869313814448738, -15.848886098077108 ], [ -47.86851853871466, -15.849333681368302 ], [ -47.868190877371347, -15.850055867511831 ], [ -47.868231195688232, -15.850848885777072 ], [ -47.868614779446112, -15.851173885805602 ], [ -47.868652810080746, -15.851786923253457 ], [ -47.869085944394087, -15.852936687023233 ], [ -47.869488532523121, -15.853222354596946 ], [ -47.86997580488903, -15.85328013194537 ], [ -47.870518166215867, -15.853828130129617 ], [ -47.870956932162606, -15.854881765790557 ], [ -47.872480170763204, -15.855686762449199 ], [ -47.872175936399913, -15.855633294789509 ], [ -47.872728646426744, -15.856195233494734 ], [ -47.873027155418484, -15.856228641139204 ], [ -47.873462049603525, -15.857087640534274 ], [ -47.874338398572881, -15.85766977854864 ], [ -47.874098643985683, -15.858206024742758 ], [ -47.874247884689765, -15.858718742931908 ], [ -47.874860354554052, -15.859206496068836 ], [ -47.874456228409834, -15.859570174899078 ], [ -47.874596464802799, -15.85908023967165 ], [ -47.874155660938158, -15.858833133422504 ], [ -47.873648652160689, -15.857827071142623 ], [ -47.873063621339817, -15.857403803012819 ], [ -47.87221209582605, -15.857467239131129 ], [ -47.872124044861678, -15.857583105102693 ], [ -47.872837122149733, -15.857738531507591 ], [ -47.87311044217553, -15.857621033310096 ], [ -47.87344364608402, -15.85783594374424 ], [ -47.873742558970591, -15.858385916066142 ], [ -47.873182667150594, -15.858690372356058 ], [ -47.871869426258499, -15.859006521255445 ], [ -47.870684975120135, -15.858325900437665 ], [ -47.870265416912979, -15.857415393000368 ], [ -47.87037343567453, -15.857180793852365 ], [ -47.870050226792571, -15.856956914237223 ], [ -47.870105947797505, -15.856777610788772 ], [ -47.869927870502167, -15.856593744662897 ], [ -47.869775887457578, -15.856850586041677 ], [ -47.869439506415098, -15.85666294365908 ], [ -47.868738702801053, -15.855870565887217 ], [ -47.868797910804119, -15.854708196074039 ], [ -47.869095657809396, -15.854385464573738 ], [ -47.869493095008849, -15.854389241289178 ], [ -47.869821658001015, -15.854175351857622 ], [ -47.869311642214385, -15.853852773267525 ], [ -47.86861001419841, -15.853679445316718 ], [ -47.868233714561228, -15.853775619957364 ], [ -47.867631626308018, -15.853522444001351 ], [ -47.867350687476424, -15.85323812185573 ], [ -47.867536406879786, -15.852647291075696 ], [ -47.866887709689458, -15.852104226360732 ], [ -47.86670079411325, -15.852388575664014 ], [ -47.866166277427745, -15.852305459404644 ], [ -47.865454278563199, -15.85266369504733 ], [ -47.864271249894095, -15.852415140485318 ], [ -47.86435313446357, -15.852306216051357 ], [ -47.863675631700914, -15.852011130497036 ], [ -47.863136974846483, -15.852214462568284 ], [ -47.862484368429122, -15.85207558221142 ], [ -47.86092585209532, -15.852362859918848 ], [ -47.860356033841178, -15.852645992424888 ], [ -47.860083868738869, -15.853038170009967 ], [ -47.859592855140015, -15.853090071422182 ], [ -47.858981614239994, -15.854120961760493 ], [ -47.859309777583739, -15.853322595285718 ], [ -47.859000112823828, -15.85319201246808 ], [ -47.858812784817687, -15.85379575889144 ], [ -47.858809759534459, -15.852786693400216 ], [ -47.858515477310604, -15.852267350246276 ], [ -47.858448559321353, -15.851504267248046 ], [ -47.860281299954622, -15.850760947877907 ], [ -47.862097862896853, -15.850724388458923 ], [ -47.863063372075388, -15.850059281829676 ], [ -47.863794006795693, -15.849960355436346 ], [ -47.863777248780735, -15.849618212352784 ], [ -47.863439319518193, -15.849206658803064 ], [ -47.863320436580956, -15.848652499845128 ], [ -47.861478032203586, -15.84631977627787 ], [ -47.861519051845661, -15.84612338874391 ], [ -47.860827402104945, -15.845582453241404 ], [ -47.859785813043736, -15.845260952568138 ], [ -47.859384745144858, -15.844889185838179 ], [ -47.858934563250791, -15.844753605894399 ], [ -47.858936027726614, -15.84457383365277 ], [ -47.858098480263045, -15.84418131700383 ], [ -47.856764536179831, -15.842496303817894 ], [ -47.855066391951695, -15.840976094995222 ], [ -47.854996852327837, -15.840714493022285 ], [ -47.85470629705943, -15.840669187080788 ], [ -47.854247317324138, -15.840217293477941 ], [ -47.853512395183117, -15.839777368518773 ], [ -47.853143485531326, -15.839780806240014 ], [ -47.852788618800552, -15.839396339055117 ], [ -47.851585776558558, -15.839211404892904 ], [ -47.851515926327707, -15.839414888533403 ], [ -47.850580164270426, -15.839424863653473 ], [ -47.850117826375183, -15.839767861385253 ], [ -47.849890252137826, -15.840363974504262 ], [ -47.850035844381445, -15.839810894057731 ], [ -47.848485566763856, -15.840165428102573 ], [ -47.84749423098048, -15.839934465450668 ], [ -47.847493903004498, -15.839818950837454 ], [ -47.846188537743785, -15.839669053532283 ], [ -47.843774842400563, -15.839065268272961 ], [ -47.842842367325169, -15.839301374488731 ], [ -47.84261922283526, -15.83911833453914 ], [ -47.841800834587374, -15.839029141430721 ], [ -47.841405420319845, -15.839159908934812 ], [ -47.841318924083374, -15.839424109751299 ], [ -47.840881721717409, -15.839438050881039 ], [ -47.840808003549753, -15.838770447645697 ], [ -47.84094765010466, -15.838701160375841 ], [ -47.840217912867445, -15.837033360548903 ], [ -47.839962935337468, -15.836830226635049 ], [ -47.839767276832561, -15.835979685494259 ], [ -47.838586402887536, -15.833969384152571 ], [ -47.837920330937138, -15.833258629789045 ], [ -47.837986991024891, -15.833063299476059 ], [ -47.837162603561964, -15.832769682119189 ], [ -47.837130300645903, -15.832507294844707 ], [ -47.836563879980993, -15.832164226062783 ], [ -47.836474903388741, -15.832251905275546 ], [ -47.836237052032963, -15.831946704332109 ], [ -47.836069558015616, -15.832093046093261 ], [ -47.836145917199232, -15.83190466144897 ], [ -47.835418560010751, -15.831510438530794 ], [ -47.835137971326866, -15.83156244376182 ], [ -47.834480806009509, -15.831206601496616 ], [ -47.834200388710897, -15.831338496674338 ], [ -47.833817373962233, -15.831023387531925 ], [ -47.832642358148284, -15.830741094683207 ], [ -47.832573438737711, -15.830872565827597 ], [ -47.83147940324676, -15.830782032855401 ], [ -47.830583308384568, -15.831334928819778 ], [ -47.829119486634191, -15.83178431394861 ], [ -47.829047016275382, -15.832010408116755 ], [ -47.829291965772605, -15.832427788961269 ], [ -47.828737123390603, -15.83216076187659 ], [ -47.827556514973004, -15.832508519025524 ], [ -47.826294625927687, -15.832603980786676 ], [ -47.82567767183351, -15.832944214801083 ], [ -47.825141177120578, -15.832865426769017 ], [ -47.825617014908154, -15.831924247105345 ], [ -47.826782426244826, -15.830780199337703 ], [ -47.827320623857389, -15.829790947353871 ], [ -47.827543034102227, -15.828488682848697 ], [ -47.827138455818378, -15.827830310129166 ], [ -47.824573159601279, -15.825626434997066 ], [ -47.824181476290363, -15.825668745928063 ], [ -47.824163733612082, -15.825433029222497 ], [ -47.823099124542914, -15.825299253371082 ], [ -47.823059830163395, -15.824905516133256 ], [ -47.823180947608719, -15.824920474482507 ], [ -47.822887861412369, -15.824028866937173 ], [ -47.821626331047824, -15.822265400534816 ], [ -47.821225165844879, -15.821998419797817 ], [ -47.820168995292548, -15.821725149399432 ], [ -47.819872980895745, -15.822103681963798 ], [ -47.819902336962684, -15.821627962224465 ], [ -47.819540538977549, -15.821330123931808 ], [ -47.817449764067831, -15.821012322978387 ], [ -47.816987802048438, -15.821324218961736 ], [ -47.817139395497414, -15.821440867610324 ], [ -47.816713041478479, -15.821410700959667 ], [ -47.816014271502937, -15.821693143613638 ], [ -47.817212371925216, -15.819812244994411 ], [ -47.817778649096077, -15.819225639624127 ], [ -47.818279427199165, -15.819003276780622 ], [ -47.818968195412907, -15.818115421958382 ], [ -47.819387625752768, -15.817157477412794 ], [ -47.819075612091709, -15.815142846500615 ], [ -47.818552409259709, -15.813408684427531 ], [ -47.818181117448141, -15.810389263351997 ], [ -47.818304129251729, -15.809783279289825 ], [ -47.818875237287592, -15.809019501812791 ], [ -47.818404119175824, -15.808490398635643 ], [ -47.817998674752914, -15.808411548101974 ], [ -47.817420487710791, -15.807961569204521 ], [ -47.817556038282198, -15.807876692848286 ], [ -47.817092193234977, -15.807209703230857 ], [ -47.817243547992419, -15.806804275192906 ], [ -47.817055625529257, -15.806526204705264 ], [ -47.816989075906449, -15.805689952955598 ], [ -47.816184825936382, -15.805761177637843 ], [ -47.816112226355649, -15.805913538581787 ], [ -47.814117536213537, -15.806452565090604 ], [ -47.813369786065763, -15.806304015681226 ], [ -47.813355487154688, -15.805858907936958 ], [ -47.814728693347078, -15.804706896685797 ], [ -47.815224373838674, -15.803881128253565 ], [ -47.815302773972526, -15.802962797831732 ], [ -47.814006840360797, -15.801108866687212 ], [ -47.813546747670635, -15.799751172630405 ], [ -47.812781178789272, -15.798229889160108 ], [ -47.812424214200163, -15.798030605528739 ], [ -47.812204585191509, -15.797421442646989 ], [ -47.809785684988533, -15.795695287420955 ], [ -47.809708618625535, -15.79538303764766 ], [ -47.81033100466405, -15.794933443316172 ], [ -47.810370349311285, -15.794298276955368 ], [ -47.809901914325501, -15.794253972125615 ], [ -47.809809591749413, -15.793746260918642 ], [ -47.809210722376285, -15.793187583024238 ], [ -47.808703987381733, -15.793013712901217 ], [ -47.807668060768151, -15.79297002327934 ], [ -47.807352561834357, -15.793201667139915 ], [ -47.806768040334703, -15.792819204801106 ], [ -47.805387753960673, -15.79275583111064 ], [ -47.804217572780054, -15.792353451549316 ] ] ] } },
{ "type": "Feature", "properties": { "ra_cira": 17, "ra_nome": "Riacho Fundo", "ra_codigo": "RA-XVII", "regiao_saude": "Centro-Sul" }, "geometry": { "type": "Polygon", "coordinates": [ [ [ -48.011921738470079, -15.878216708987013 ], [ -48.00048033071441, -15.877268154932722 ], [ -48.000235728342844, -15.879915036014367 ], [ -47.997417304088188, -15.879831873032265 ], [ -47.995683610369319, -15.879679302132731 ], [ -47.993878660345537, -15.878482118434068 ], [ -47.992346576805041, -15.878084178621842 ], [ -47.988102239338765, -15.877886183315157 ], [ -47.987554963019356, -15.877631804107168 ], [ -47.986352555467874, -15.877461457407502 ], [ -47.984698051750037, -15.877693107938132 ], [ -47.98395471534684, -15.878062237783571 ], [ -47.982164684272043, -15.877877820775401 ], [ -47.98076857486106, -15.878187960835044 ], [ -47.980403323539733, -15.877607641101772 ], [ -47.980410917731099, -15.87728499394313 ], [ -47.980172530756292, -15.877255711549145 ], [ -47.979926892286564, -15.878655265255059 ], [ -47.979015131612172, -15.880528237402324 ], [ -47.979491649307967, -15.880780161021423 ], [ -47.979890927880163, -15.880717656413568 ], [ -47.98009746865371, -15.880908965741357 ], [ -47.981024721715045, -15.880951220137307 ], [ -47.981200707950279, -15.88139907132506 ], [ -47.982822777493368, -15.882219246162837 ], [ -47.983071496614556, -15.882249826828984 ], [ -47.983611888229703, -15.881817664818573 ], [ -47.983918048520174, -15.881794514927886 ], [ -47.984950771154509, -15.882752389935337 ], [ -47.985885850222694, -15.883320509831515 ], [ -47.986781587298921, -15.883530526793159 ], [ -47.987359579782925, -15.884030015495629 ], [ -47.987508675224866, -15.884408755571721 ], [ -47.987930124920389, -15.884341341588033 ], [ -47.988566931432153, -15.88562173793353 ], [ -47.988905178402426, -15.887079212413717 ], [ -47.988635925418365, -15.88797111880046 ], [ -47.98895685650745, -15.888177264763664 ], [ -47.988659074472807, -15.888466501315055 ], [ -47.989133258354265, -15.88865782348333 ], [ -47.988858625837793, -15.88892626821513 ], [ -47.988498959617473, -15.888752459889432 ], [ -47.988349831762918, -15.889000874174876 ], [ -47.988844626698686, -15.88916760211335 ], [ -47.98874360898531, -15.889687380156611 ], [ -47.989057057239265, -15.889709086946421 ], [ -47.988827233714389, -15.890551282757912 ], [ -47.988952147553888, -15.890990544371615 ], [ -47.988578825332731, -15.891372462867496 ], [ -47.988728340689981, -15.891810272632702 ], [ -47.989221587190876, -15.891882871619663 ], [ -47.988699279099073, -15.892370173213521 ], [ -47.988932778481697, -15.892641879902163 ], [ -47.988807554782717, -15.893124054497234 ], [ -47.988987240739462, -15.893681281281555 ], [ -47.989221989305456, -15.893849650870301 ], [ -47.989235736499467, -15.894412639408117 ], [ -47.988895273952203, -15.895064840353744 ], [ -47.988765399528461, -15.896229002603059 ], [ -47.987711124595855, -15.898057422869801 ], [ -47.987684299983783, -15.898910939648502 ], [ -47.987321849675219, -15.89882299432888 ], [ -47.98718086687056, -15.898957284635168 ], [ -47.987299998768357, -15.899462110347732 ], [ -47.987686970952424, -15.899413938676936 ], [ -47.987893476628429, -15.89959374143289 ], [ -47.98772435233677, -15.90007889863919 ], [ -47.987956049510579, -15.901019246763786 ], [ -47.987773710588904, -15.901121966840201 ], [ -47.987589303362007, -15.900936637289357 ], [ -47.987510966034741, -15.901394918368753 ], [ -47.987789662863584, -15.901948574492135 ], [ -47.987591963165322, -15.902340695023549 ], [ -47.987658764250739, -15.902762387237823 ], [ -47.987423563092705, -15.902918559511823 ], [ -47.987109824620156, -15.903605701450743 ], [ -47.985691898615173, -15.904967882547476 ], [ -47.986255704779623, -15.906921413117633 ], [ -47.984374898722031, -15.910007738770217 ], [ -47.984049514024761, -15.91118272184227 ], [ -47.984095523716285, -15.911565389236774 ], [ -47.983817449060403, -15.91206151169021 ], [ -47.983955629637535, -15.912437126165266 ], [ -47.983684385128697, -15.912688308372717 ], [ -47.983948832898044, -15.912950511623976 ], [ -47.983713382134155, -15.913010486171023 ], [ -47.983946419137375, -15.913342254713147 ], [ -47.983564308103091, -15.913561759729021 ], [ -47.983956813484177, -15.913868708086811 ], [ -47.983635656383385, -15.914489173815877 ], [ -47.983334725155245, -15.914423048612967 ], [ -47.983478174113579, -15.914635139179156 ], [ -47.98316499051181, -15.915508550285244 ], [ -47.98233298657059, -15.91635995703086 ], [ -47.981945305793403, -15.917035980971708 ], [ -47.982079149014744, -15.917185966711385 ], [ -47.981860378344223, -15.917390079517459 ], [ -47.982074480551255, -15.917515026180775 ], [ -47.98186341675008, -15.917877532696624 ], [ -47.981982447026034, -15.918385935629635 ], [ -47.982234321737756, -15.918627561125813 ], [ -47.981835636868411, -15.919016442399093 ], [ -47.981809986552868, -15.919594393624989 ], [ -47.981542585227814, -15.919854692683336 ], [ -47.981755623296266, -15.92005337770463 ], [ -47.981892757770652, -15.920720014965053 ], [ -47.98168951619386, -15.921610529382558 ], [ -47.982115965921395, -15.922012445944068 ], [ -47.982261976858233, -15.923036093797197 ], [ -47.983392596638986, -15.924151134606053 ], [ -47.98359289506481, -15.925023774337792 ], [ -47.985505613045305, -15.924907263511455 ], [ -47.986410573667563, -15.924185968921718 ], [ -47.988098486264178, -15.923602133034347 ], [ -47.989407112233074, -15.922412524657256 ], [ -47.99281040438337, -15.920994999775045 ], [ -47.994015754916198, -15.920160694156984 ], [ -47.994976492881229, -15.920150060802177 ], [ -47.997306962513548, -15.920553450942952 ], [ -47.999627245504222, -15.921658981755696 ], [ -48.000887493593702, -15.92062224790822 ], [ -47.99969137551269, -15.918244252803163 ], [ -48.000845951042855, -15.91733030291128 ], [ -48.00048451109231, -15.91632529349434 ], [ -48.002810709723207, -15.912966171501415 ], [ -48.002906577247039, -15.912477234295116 ], [ -48.002630061073972, -15.911590610114315 ], [ -48.004194332709844, -15.909569032928356 ], [ -48.005605077046134, -15.908909313037757 ], [ -48.007365128511061, -15.90885182739026 ], [ -48.009261055378239, -15.907359683044708 ], [ -48.009717903962297, -15.906218715301367 ], [ -48.010085111697308, -15.906040736579223 ], [ -48.010260761158264, -15.906199052884817 ], [ -48.01095731655419, -15.906005098842462 ], [ -48.011577027364204, -15.906057696685137 ], [ -48.012035628360763, -15.905560500198202 ], [ -48.012867853136328, -15.905370925736559 ], [ -48.013333537576244, -15.904881334367413 ], [ -48.01426154395233, -15.904353993218463 ], [ -48.014540188035141, -15.903841255247331 ], [ -48.014966564862874, -15.903910939361202 ], [ -48.014965292002486, -15.903385016248787 ], [ -48.015389623909691, -15.903437029837788 ], [ -48.015459989718472, -15.902852873623404 ], [ -48.015890256977507, -15.902727637352012 ], [ -48.016367867753026, -15.902161987678422 ], [ -48.017544658643807, -15.90176658879076 ], [ -48.017549916256549, -15.901409147682404 ], [ -48.018162480138891, -15.900615362741993 ], [ -48.018191224587035, -15.900256736518806 ], [ -48.01890027395212, -15.900120826628239 ], [ -48.020340832434911, -15.898353469281231 ], [ -48.020985697138379, -15.898662776575282 ], [ -48.021349690667449, -15.897438882897553 ], [ -48.021794499009424, -15.89788558442004 ], [ -48.022517865418784, -15.897708748848364 ], [ -48.023637821758349, -15.895367998014512 ], [ -48.0251071967173, -15.894206381964805 ], [ -48.025113099324898, -15.893650863967807 ], [ -48.025822581765446, -15.893041148446377 ], [ -48.025880458300392, -15.892457268076381 ], [ -48.026817932949818, -15.891722242175286 ], [ -48.026974730144026, -15.891121975721367 ], [ -48.027502441873146, -15.890459421010418 ], [ -48.028910182138944, -15.890216170798606 ], [ -48.030169504487851, -15.889750046188214 ], [ -48.030920485854423, -15.889056291139784 ], [ -48.032404104865293, -15.888302984681879 ], [ -48.032605350146099, -15.887880075269203 ], [ -48.033672291252209, -15.8879796795412 ], [ -48.034081483515806, -15.887490891822878 ], [ -48.034234493915235, -15.887715421848966 ], [ -48.034572882714663, -15.88693947876695 ], [ -48.034875225039357, -15.88683470599322 ], [ -48.034765592091588, -15.886633997810645 ], [ -48.035022518553575, -15.886218132001542 ], [ -48.034746524066939, -15.885814284252357 ], [ -48.034829441704851, -15.88560265373582 ], [ -48.035294344214421, -15.885216726600015 ], [ -48.035739931896721, -15.885227486200925 ], [ -48.036110376933252, -15.885026173887759 ], [ -48.038591084650797, -15.883057883037825 ], [ -48.03889676255249, -15.88302764278766 ], [ -48.039198580826472, -15.883345600899803 ], [ -48.039334784385886, -15.882965705227884 ], [ -48.040018095129, -15.882233781465846 ], [ -48.039461330950353, -15.880533614220752 ], [ -48.039845083157061, -15.876956542834179 ], [ -48.03837480965133, -15.874395622936623 ], [ -48.025980161271193, -15.876167616283588 ], [ -48.023244838487642, -15.876719425916813 ], [ -48.011921738470079, -15.878216708987013 ] ] ] } },
{ "type": "Feature", "properties": { "ra_cira": 18, "ra_nome": "Lago Norte", "ra_codigo": "RA-XVIII", "regiao_saude": "Central" }, "geometry": { "type": "Polygon", "coordinates": [ [ [ -47.875937177305616, -15.679576829814172 ], [ -47.875405455958209, -15.696256152500467 ], [ -47.862082136455534, -15.689690342381349 ], [ -47.859501544695654, -15.688227458448896 ], [ -47.85808056239447, -15.689219322969231 ], [ -47.852552087147394, -15.692158915356758 ], [ -47.85155004206694, -15.692534902754645 ], [ -47.84981043588828, -15.692833579429101 ], [ -47.838308587478942, -15.692894295926717 ], [ -47.835853184533931, -15.693399370232735 ], [ -47.834115013182327, -15.694283713004179 ], [ -47.793895469266445, -15.721855419994105 ], [ -47.792319081490277, -15.723192519990109 ], [ -47.791017794750822, -15.725136599664982 ], [ -47.783987772104339, -15.743202386088257 ], [ -47.790911826333257, -15.745713246052349 ], [ -47.791512428807167, -15.748074080171646 ], [ -47.786293967381674, -15.749434412313322 ], [ -47.787010032011167, -15.752185208032174 ], [ -47.785216930242314, -15.752327629481551 ], [ -47.784686547330018, -15.755954621934945 ], [ -47.785500178893052, -15.755908370087813 ], [ -47.78640667758448, -15.757694923520468 ], [ -47.785880826511317, -15.758036194880296 ], [ -47.785172362603966, -15.758105000129225 ], [ -47.784928583931141, -15.759679265434329 ], [ -47.784207942205946, -15.759760171946066 ], [ -47.78396489993397, -15.760032108330012 ], [ -47.783933187979457, -15.76047672611139 ], [ -47.786599162512175, -15.761343674369989 ], [ -47.788638035371513, -15.76154821758168 ], [ -47.789831854282355, -15.761483932923843 ], [ -47.807410479733399, -15.758738376071914 ], [ -47.810105130322491, -15.757394641042822 ], [ -47.81087822455455, -15.757265953501603 ], [ -47.81186973086561, -15.757433508328887 ], [ -47.813148016773475, -15.758133147563511 ], [ -47.812036299885541, -15.759757440065673 ], [ -47.808872281321335, -15.763043671436701 ], [ -47.808484762827732, -15.764209327657959 ], [ -47.808911458940749, -15.765373001574977 ], [ -47.812182680663113, -15.768710996359331 ], [ -47.812685131587862, -15.769463562710998 ], [ -47.813090193145179, -15.770556559252505 ], [ -47.813191863940766, -15.772011397079437 ], [ -47.812735343152454, -15.773515774766997 ], [ -47.808763244178024, -15.779881736733074 ], [ -47.807911874561839, -15.781128335045832 ], [ -47.805756590156648, -15.783479347780952 ], [ -47.805332631112272, -15.78432555716053 ], [ -47.804710384216968, -15.786484639796914 ], [ -47.804169827215929, -15.787024318758808 ], [ -47.803511187298348, -15.787357840694844 ], [ -47.802331387017837, -15.787314433619221 ], [ -47.800749379109575, -15.786431798295395 ], [ -47.799669470900916, -15.785353178399786 ], [ -47.797893877841517, -15.782745337021895 ], [ -47.797085525629214, -15.782069579315385 ], [ -47.79570516973137, -15.78137569177764 ], [ -47.793632783754525, -15.781042917093801 ], [ -47.786789691859454, -15.781960217168223 ], [ -47.787109067008458, -15.782392315912182 ], [ -47.787625546678136, -15.784832738548094 ], [ -47.788942685593426, -15.788475728569351 ], [ -47.788787015551186, -15.788905182887406 ], [ -47.789145569375499, -15.790673541092206 ], [ -47.789383076101956, -15.790488791168203 ], [ -47.789491023493682, -15.788470065806647 ], [ -47.79017086513533, -15.789773675521861 ], [ -47.790635321199055, -15.789981855238894 ], [ -47.790706956248115, -15.790225545953824 ], [ -47.791372257622037, -15.79023371075248 ], [ -47.792062015688252, -15.790044908981072 ], [ -47.792138768915606, -15.789889373153649 ], [ -47.793166427168522, -15.79058068842882 ], [ -47.794278063195186, -15.79073126908413 ], [ -47.793725825732132, -15.789859206092466 ], [ -47.794069713537461, -15.789527940820918 ], [ -47.794642994187797, -15.789571911721316 ], [ -47.794713423657875, -15.789205910182126 ], [ -47.794527029352018, -15.78892890397314 ], [ -47.794715501555508, -15.788904480555365 ], [ -47.794968002020106, -15.788627985363894 ], [ -47.794883567854505, -15.788452557824789 ], [ -47.795190756813263, -15.788262806186358 ], [ -47.795441163740549, -15.788801229279846 ], [ -47.795283276434752, -15.78895967996613 ], [ -47.795816491011614, -15.78942518276356 ], [ -47.796973942944035, -15.789875796354243 ], [ -47.796852597589059, -15.790076073358536 ], [ -47.797062658148008, -15.790269224137768 ], [ -47.798126610295299, -15.790538386876005 ], [ -47.798057027863244, -15.7900996660355 ], [ -47.798334193092273, -15.789895616207286 ], [ -47.799151395215027, -15.789709718794109 ], [ -47.799234891305517, -15.789915409284291 ], [ -47.798965307680071, -15.790163670215483 ], [ -47.79925638208406, -15.790298497288795 ], [ -47.800295907901393, -15.789662067988898 ], [ -47.800206386526376, -15.789536656618617 ], [ -47.800997170031721, -15.789362928706563 ], [ -47.801470015262623, -15.789028174114234 ], [ -47.801622292431055, -15.789212449316198 ], [ -47.802624735781116, -15.789196731505212 ], [ -47.803745135756174, -15.788898256714115 ], [ -47.80412701229568, -15.788555723544947 ], [ -47.804971542714426, -15.788409499671276 ], [ -47.806727818223322, -15.787259410443017 ], [ -47.806865593206076, -15.786798436956627 ], [ -47.806513964417547, -15.786442155583709 ], [ -47.806680372408586, -15.786128027884379 ], [ -47.806330133172651, -15.785712694085952 ], [ -47.806380318285598, -15.785390532977949 ], [ -47.807584295990807, -15.784528339269185 ], [ -47.808020749802346, -15.784011784222153 ], [ -47.808100730669317, -15.783584351616678 ], [ -47.808502107132355, -15.783346617627156 ], [ -47.808727572533783, -15.782784842532346 ], [ -47.809375694268574, -15.782419593454243 ], [ -47.809957358178451, -15.78177198753097 ], [ -47.810081536844322, -15.781293236856456 ], [ -47.810357802809065, -15.781139492695859 ], [ -47.810675125195388, -15.780499843753063 ], [ -47.810642811222813, -15.780089218764418 ], [ -47.810960915533514, -15.779165047670416 ], [ -47.81166638757248, -15.778805625446862 ], [ -47.812385282397152, -15.77803816527654 ], [ -47.812932318126428, -15.777879649163358 ], [ -47.81288629077909, -15.77766695259978 ], [ -47.813065656159253, -15.777765803821222 ], [ -47.813711302933932, -15.777192026724377 ], [ -47.813980654797376, -15.776860138760355 ], [ -47.813903410316868, -15.776713367305804 ], [ -47.814104611079678, -15.77674650919676 ], [ -47.814621908988741, -15.776247585840643 ], [ -47.815121609841654, -15.776066295056069 ], [ -47.815348919064718, -15.775735922861617 ], [ -47.815814492691139, -15.775573246140219 ], [ -47.815777907052883, -15.775361809149091 ], [ -47.815916277139962, -15.775511690704965 ], [ -47.817004263767828, -15.774828386410778 ], [ -47.817407525967617, -15.773854814427407 ], [ -47.817273508359925, -15.772330653335345 ], [ -47.81742891040804, -15.771716265354796 ], [ -47.817216047779112, -15.771316841136541 ], [ -47.817571730121749, -15.769524354514035 ], [ -47.817832180159456, -15.76918694295829 ], [ -47.817709538752624, -15.768628553005479 ], [ -47.818012894006209, -15.768715704446185 ], [ -47.817735909392574, -15.768532195950812 ], [ -47.817945488932928, -15.768531446490268 ], [ -47.818020660144846, -15.768128814425632 ], [ -47.81786180069787, -15.768103658341879 ], [ -47.818041520701655, -15.768053858684423 ], [ -47.81819194781837, -15.767341052453629 ], [ -47.818063203774273, -15.767192120811947 ], [ -47.818562659351606, -15.765944984781184 ], [ -47.818713015863246, -15.765950728860282 ], [ -47.818863414281331, -15.765090628304881 ], [ -47.818408831885968, -15.764443034674942 ], [ -47.817815875826575, -15.764349987910132 ], [ -47.817271131330301, -15.764745096405605 ], [ -47.816683103755096, -15.764795931667567 ], [ -47.815406770606984, -15.764337576979448 ], [ -47.815254013027825, -15.764508494593736 ], [ -47.815255754711615, -15.764288567534226 ], [ -47.814294594348844, -15.764098178684472 ], [ -47.8142280443777, -15.764209511480082 ], [ -47.813660064678182, -15.763672793649041 ], [ -47.815289195296273, -15.762910619613319 ], [ -47.816103479981706, -15.762110637565188 ], [ -47.816255447795911, -15.762130953808045 ], [ -47.816633552054547, -15.761560349110376 ], [ -47.817304029965371, -15.761177470460078 ], [ -47.81723761221685, -15.761076323328348 ], [ -47.817578558334887, -15.761036407872981 ], [ -47.81765956317701, -15.760721920298796 ], [ -47.817884296750911, -15.760649646347591 ], [ -47.818010466500112, -15.760791354638835 ], [ -47.817987122131456, -15.760579322736769 ], [ -47.818128872107046, -15.760710328615035 ], [ -47.819171700777581, -15.760079746761807 ], [ -47.819541488220892, -15.759457529145983 ], [ -47.819592255086597, -15.758797583359428 ], [ -47.819864828832984, -15.758604832938511 ], [ -47.819361602269225, -15.756867065668146 ], [ -47.819193827741344, -15.75690367365495 ], [ -47.819053379530992, -15.756591474960324 ], [ -47.819241078594942, -15.756477309929011 ], [ -47.819182140006987, -15.756305915471099 ], [ -47.818619327002168, -15.75519725301794 ], [ -47.81843362192609, -15.755219369661779 ], [ -47.817867184921298, -15.754146423499906 ], [ -47.81760491825829, -15.75378987051729 ], [ -47.817459457453694, -15.753836589352206 ], [ -47.816146485710753, -15.751455269093512 ], [ -47.815904958558377, -15.751472302441323 ], [ -47.815681811695249, -15.751360071080422 ], [ -47.816415978504359, -15.751426791541787 ], [ -47.816649651061915, -15.751231878681077 ], [ -47.815820044724163, -15.750739794679559 ], [ -47.815460079890151, -15.750794466689232 ], [ -47.814911395068862, -15.750467778146323 ], [ -47.815842632880162, -15.750687795981579 ], [ -47.816787381680548, -15.751149741642909 ], [ -47.817119330376336, -15.751065200456061 ], [ -47.817632237427851, -15.751281590974918 ], [ -47.819297644125157, -15.752054919044657 ], [ -47.819742648855843, -15.752582620484134 ], [ -47.820512268952342, -15.752672297689777 ], [ -47.821266853913521, -15.75234001272295 ], [ -47.82201278846339, -15.751597924563221 ], [ -47.822088507485788, -15.751219641027404 ], [ -47.821909397600578, -15.75042045215829 ], [ -47.821465597029722, -15.749613355394979 ], [ -47.821145422088577, -15.749495754296497 ], [ -47.82110993337168, -15.749117135013323 ], [ -47.821923664081517, -15.747831873310631 ], [ -47.823128133793396, -15.747167666761472 ], [ -47.823980490083521, -15.745541843363352 ], [ -47.825334187076194, -15.744791444554551 ], [ -47.825869235301511, -15.744638881919261 ], [ -47.826425174427392, -15.744857232317466 ], [ -47.827409220139103, -15.74434170646353 ], [ -47.827995653273994, -15.743695283255542 ], [ -47.828028657160779, -15.743228753207017 ], [ -47.828381359507958, -15.743120044147282 ], [ -47.828823450195628, -15.742633500101403 ], [ -47.829299401073243, -15.742680853740486 ], [ -47.829772725209629, -15.742985784804832 ], [ -47.830095363655374, -15.743668714338709 ], [ -47.830292010007568, -15.743726409206655 ], [ -47.83029306483202, -15.743083061782077 ], [ -47.832112041015016, -15.742393297483297 ], [ -47.832231911045213, -15.74187148465605 ], [ -47.832107110240656, -15.741508879849656 ], [ -47.832699739897251, -15.740931649167328 ], [ -47.833070649665856, -15.740904324713952 ], [ -47.83489233603887, -15.741519893654106 ], [ -47.835053093043143, -15.742035053479023 ], [ -47.83561862517822, -15.742026740979835 ], [ -47.835708223487771, -15.741750315207442 ], [ -47.835475860438024, -15.741444404418083 ], [ -47.835628352240072, -15.740841783202795 ], [ -47.836146925797358, -15.740564877668696 ], [ -47.836382453154386, -15.740198384182646 ], [ -47.836271208487446, -15.74003694695101 ], [ -47.836474085728511, -15.739678527819445 ], [ -47.83633375922242, -15.739630303067251 ], [ -47.83651113835046, -15.739628193710292 ], [ -47.836714907553201, -15.738829633988303 ], [ -47.836525061841222, -15.738232599624265 ], [ -47.835610510715746, -15.737021332362643 ], [ -47.835985863449565, -15.737244224910446 ], [ -47.836187691702719, -15.736999158769121 ], [ -47.836283087626022, -15.737109356810757 ], [ -47.836699435277723, -15.736911882055216 ], [ -47.836653126428409, -15.736786274906958 ], [ -47.836977956268932, -15.736591103559675 ], [ -47.838071012995826, -15.736263076266576 ], [ -47.83853321253968, -15.73567435810639 ], [ -47.838619118817739, -15.735279147887518 ], [ -47.838404479702113, -15.734801377979942 ], [ -47.838444772428659, -15.734223244231169 ], [ -47.838651823455372, -15.734170556151023 ], [ -47.838964429937711, -15.734462114456905 ], [ -47.839347541346235, -15.734230987107827 ], [ -47.840203690247641, -15.734927642469891 ], [ -47.840770429848135, -15.735129091631109 ], [ -47.842355788149391, -15.734886365677832 ], [ -47.84379349160232, -15.734972304021435 ], [ -47.844400883630499, -15.73431295725646 ], [ -47.844456407057237, -15.734034408975525 ], [ -47.844620592724866, -15.734153214917962 ], [ -47.844594344109623, -15.733944472874319 ], [ -47.844826623106805, -15.733991903423492 ], [ -47.844955278362946, -15.733727049027744 ], [ -47.846075504636119, -15.733320678548226 ], [ -47.846285900670154, -15.732462491452983 ], [ -47.846745193251337, -15.731698080357628 ], [ -47.846698699299061, -15.731471116613333 ], [ -47.847163054966181, -15.73094203165668 ], [ -47.847003827249182, -15.730803158006443 ], [ -47.847175237929989, -15.730890720659742 ], [ -47.847236599603775, -15.730741012555002 ], [ -47.847153067422767, -15.7303181063255 ], [ -47.847279409637395, -15.730372154453574 ], [ -47.847464443692793, -15.730011676474522 ], [ -47.847362025523232, -15.729740208557526 ], [ -47.847664648686731, -15.72952068220804 ], [ -47.84782570831603, -15.729664814705728 ], [ -47.8483870424364, -15.729108467358156 ], [ -47.848494592145002, -15.729244598791203 ], [ -47.84909799904576, -15.728925268269316 ], [ -47.850895118862518, -15.72853691200808 ], [ -47.850810666692574, -15.728267973053358 ], [ -47.851345416768154, -15.728016131498894 ], [ -47.851773955479878, -15.728139999478962 ], [ -47.852084639208222, -15.728973775351159 ], [ -47.852094852714004, -15.728513302564327 ], [ -47.851668782213885, -15.727524782662933 ], [ -47.851662167852638, -15.727017463693709 ], [ -47.85170994754391, -15.727520674331796 ], [ -47.852129910248578, -15.728385502961613 ], [ -47.85217836545015, -15.728904311799297 ], [ -47.852301628305014, -15.728644132161218 ], [ -47.85219365655751, -15.728000420803612 ], [ -47.852602469961361, -15.727458318694483 ], [ -47.852890765893001, -15.727226864141723 ], [ -47.853957844850811, -15.727386930725048 ], [ -47.853860633089042, -15.727222567092898 ], [ -47.854533592145138, -15.726484545279833 ], [ -47.855484166082356, -15.725974372423565 ], [ -47.855425678486959, -15.725865466702425 ], [ -47.856970009196317, -15.724683563371693 ], [ -47.856859937087975, -15.724254346192293 ], [ -47.857312200811627, -15.72450557782803 ], [ -47.857726724443872, -15.724257361022744 ], [ -47.859115744894993, -15.724514887624093 ], [ -47.858770315224817, -15.725213085460563 ], [ -47.859514639488566, -15.725594054666725 ], [ -47.859534460253379, -15.725899305373293 ], [ -47.859330686415305, -15.72646579104374 ], [ -47.8582434988054, -15.727181797382306 ], [ -47.857654944806399, -15.726992725287284 ], [ -47.857415105006289, -15.727722800426216 ], [ -47.856108685314403, -15.728844960941633 ], [ -47.857401553940981, -15.728189536836734 ], [ -47.859397385411825, -15.726629160962371 ], [ -47.8602833885151, -15.724541360244562 ], [ -47.86099756583021, -15.723749294895706 ], [ -47.861300284343933, -15.723518143400314 ], [ -47.862315989981198, -15.72339343779352 ], [ -47.86239800855089, -15.723489074782391 ], [ -47.862341359633341, -15.723641149982866 ], [ -47.862207945787908, -15.723466355618685 ], [ -47.861358646653557, -15.723591545402178 ], [ -47.860520330360245, -15.724359238878442 ], [ -47.859371195750406, -15.727082728327414 ], [ -47.860252559708904, -15.726412695945333 ], [ -47.860992544675192, -15.725474428490207 ], [ -47.861041202823607, -15.72562667349543 ], [ -47.861171867131851, -15.72550360110397 ], [ -47.861122461736997, -15.725717753913935 ], [ -47.85967796838208, -15.72702640068592 ], [ -47.859383214927796, -15.727167550374691 ], [ -47.859250179547921, -15.726914810120524 ], [ -47.857579459035186, -15.728237149393454 ], [ -47.858526035791598, -15.727785998718891 ], [ -47.858343367028894, -15.728063318099977 ], [ -47.857091630636084, -15.728553662735914 ], [ -47.857480925018599, -15.728699402114017 ], [ -47.858808776449848, -15.728035105948928 ], [ -47.857647495897396, -15.729068535178342 ], [ -47.85738771035129, -15.728970583388818 ], [ -47.856602452738137, -15.729630548159689 ], [ -47.856213502517114, -15.729328216289161 ], [ -47.856268377138193, -15.730040851044118 ], [ -47.85595188126586, -15.730636065030229 ], [ -47.855178904823859, -15.730980663618832 ], [ -47.853473470028852, -15.731112822380673 ], [ -47.853093237544854, -15.732524445168705 ], [ -47.852796474345368, -15.732910473782782 ], [ -47.850451697241873, -15.735000871103209 ], [ -47.850050958973057, -15.735071494472642 ], [ -47.848825682356363, -15.736462029157394 ], [ -47.848110763514562, -15.736886315308286 ], [ -47.847717540163671, -15.737503668486603 ], [ -47.846529552513836, -15.738089793647472 ], [ -47.845723134063533, -15.738361022720056 ], [ -47.845603152543326, -15.738220623051401 ], [ -47.844298143256324, -15.738884095904382 ], [ -47.84105231195791, -15.74335902131131 ], [ -47.840131399356643, -15.744218141950826 ], [ -47.838641147678985, -15.744999936402827 ], [ -47.83567423319279, -15.745740965098747 ], [ -47.833982270132495, -15.746458038705002 ], [ -47.829582855424782, -15.749219723966814 ], [ -47.827716149254542, -15.750675641445474 ], [ -47.827518817165291, -15.751616133491366 ], [ -47.828251831704044, -15.752596764212738 ], [ -47.828025093769689, -15.752683909493916 ], [ -47.828535116366311, -15.753331067886277 ], [ -47.828657971577258, -15.753113918742885 ], [ -47.828838611268296, -15.753341077254122 ], [ -47.828748635083564, -15.753471338581642 ], [ -47.828617401721772, -15.753297867836153 ], [ -47.828595716483655, -15.753567301728655 ], [ -47.829124443396793, -15.753861808371807 ], [ -47.829784724304744, -15.754692804577379 ], [ -47.829934551469918, -15.755393089883189 ], [ -47.829480696043206, -15.75698353974866 ], [ -47.82860480862675, -15.758132637738504 ], [ -47.827284990507032, -15.759095952095073 ], [ -47.826935620787729, -15.760547465989887 ], [ -47.828222551228706, -15.763382952491188 ], [ -47.82811178730605, -15.763496904059259 ], [ -47.828345354755584, -15.765797523760572 ], [ -47.829051603542212, -15.769402832175839 ], [ -47.829176312437696, -15.769382443554578 ], [ -47.82923144081618, -15.769741897854949 ], [ -47.831145810320166, -15.773126593176748 ], [ -47.831687835843411, -15.773167174082873 ], [ -47.831851224841806, -15.773620716868686 ], [ -47.833655741577608, -15.773232089845948 ], [ -47.834875173536517, -15.771779277253456 ], [ -47.835111355810099, -15.77093730445635 ], [ -47.834563580973985, -15.770090393714323 ], [ -47.834608943260484, -15.768832073662431 ], [ -47.835090805448807, -15.767487231860816 ], [ -47.835478520349838, -15.76738485073561 ], [ -47.835622003604421, -15.767108064661269 ], [ -47.835596282410641, -15.766904002425481 ], [ -47.835420915213078, -15.766898054324644 ], [ -47.835585961994106, -15.766854192192897 ], [ -47.83547214770973, -15.766459272128277 ], [ -47.835947512352213, -15.765614744020617 ], [ -47.836738798507241, -15.765036460164625 ], [ -47.836940429604965, -15.765065298414196 ], [ -47.837298476609277, -15.764637754031186 ], [ -47.839262015397907, -15.763987066593678 ], [ -47.840532484027698, -15.763342893467867 ], [ -47.841271019547108, -15.761942338165539 ], [ -47.842598331756619, -15.760661459509775 ], [ -47.844844206007046, -15.759938541547053 ], [ -47.84517639757464, -15.759231694726012 ], [ -47.845038376521579, -15.757748046328214 ], [ -47.845170113604823, -15.757193505867251 ], [ -47.84649717509707, -15.754833423928002 ], [ -47.848761924709009, -15.753397611547395 ], [ -47.850434157404706, -15.752639480059399 ], [ -47.851995574636689, -15.751071892030737 ], [ -47.853222099522355, -15.750434448441332 ], [ -47.85534735290458, -15.749478747907977 ], [ -47.856415127434637, -15.749337784197937 ], [ -47.857626405821811, -15.748921121557663 ], [ -47.859527163554382, -15.747858286896395 ], [ -47.861281646230672, -15.747931968753235 ], [ -47.862701920219422, -15.74738423046489 ], [ -47.863067345003081, -15.746785468789374 ], [ -47.863214814060186, -15.74564703394978 ], [ -47.863737951555812, -15.745199629749804 ], [ -47.864164849143854, -15.744482517877035 ], [ -47.865459848936183, -15.743471063415512 ], [ -47.867544318464446, -15.742524436360407 ], [ -47.868464136020165, -15.742537411795283 ], [ -47.870275544102675, -15.74210270487189 ], [ -47.871997206356333, -15.741187483425241 ], [ -47.872447745943958, -15.741101243328963 ], [ -47.872550136114036, -15.740653587528749 ], [ -47.872975753025592, -15.740483538088972 ], [ -47.873149664979948, -15.74009090889631 ], [ -47.873698683811718, -15.739667776459289 ], [ -47.873778907734561, -15.739242074337042 ], [ -47.875281621824982, -15.738103850177682 ], [ -47.875818267346958, -15.737133759825999 ], [ -47.876086393186732, -15.737004460441916 ], [ -47.876337691196881, -15.73655422136787 ], [ -47.87650222852502, -15.735283008165302 ], [ -47.877939788069547, -15.73351576581819 ], [ -47.878014502063955, -15.732866386437379 ], [ -47.879205773383482, -15.731648069719274 ], [ -47.879589313777068, -15.730923448517936 ], [ -47.881084038016731, -15.730079281203718 ], [ -47.881927619866502, -15.730091223338109 ], [ -47.882671419286325, -15.72978240933077 ], [ -47.883330445020647, -15.729191522516633 ], [ -47.884698835214991, -15.728805974544969 ], [ -47.885903446928204, -15.72921591190309 ], [ -47.886338387346392, -15.72920832920757 ], [ -47.886655846337476, -15.729435850841298 ], [ -47.886728910298615, -15.72923198424556 ], [ -47.887020022770479, -15.729157146728378 ], [ -47.887465226395548, -15.729361371120739 ], [ -47.888917882831571, -15.729482909047203 ], [ -47.889955973613716, -15.729759401756541 ], [ -47.890422519661705, -15.729626651672774 ], [ -47.891896981143823, -15.729797960049378 ], [ -47.892010859549487, -15.729619941647032 ], [ -47.893538894532341, -15.729375389411464 ], [ -47.894081965340099, -15.729573291797335 ], [ -47.894067428591029, -15.730048375059697 ], [ -47.894686555774953, -15.730213747757617 ], [ -47.89485348891774, -15.730120291923498 ], [ -47.89489305535556, -15.7295812974907 ], [ -47.895259743008111, -15.728726490384458 ], [ -47.896342177209775, -15.728397464502397 ], [ -47.896863954009, -15.727837611547285 ], [ -47.897576872295737, -15.727943231428739 ], [ -47.897843850845, -15.727501308183763 ], [ -47.898379202929043, -15.727659634271109 ], [ -47.898819247279398, -15.72746767423547 ], [ -47.898980444198848, -15.727194380618423 ], [ -47.89929256877334, -15.727363657151063 ], [ -47.899629804323304, -15.727287979239499 ], [ -47.899939451588452, -15.727538308388187 ], [ -47.900715121075685, -15.727390856964053 ], [ -47.900700105911326, -15.72762181708984 ], [ -47.900116804063039, -15.727692284454063 ], [ -47.900658134887756, -15.727862768861266 ], [ -47.901184483167278, -15.727508601050863 ], [ -47.901376060192874, -15.727867041021463 ], [ -47.901781050129294, -15.727692209739647 ], [ -47.902214444351742, -15.727758251695144 ], [ -47.902393067644347, -15.727309939057291 ], [ -47.9026059720969, -15.727443110637896 ], [ -47.904381872026953, -15.727216319557064 ], [ -47.904458555939371, -15.727525104159565 ], [ -47.90489050456889, -15.727712011902204 ], [ -47.906207923376947, -15.727447741563468 ], [ -47.907076323967267, -15.727963025968828 ], [ -47.90740546457517, -15.727707948379992 ], [ -47.90760090138626, -15.727928760435363 ], [ -47.908232251847252, -15.727827641635677 ], [ -47.908559433235084, -15.728118349878462 ], [ -47.908580380949182, -15.728654112829172 ], [ -47.908792950650408, -15.728504192286964 ], [ -47.90941195860222, -15.728658225264837 ], [ -47.910195637682165, -15.728162837896726 ], [ -47.910777784513208, -15.72855999194114 ], [ -47.911959774243485, -15.728405674557651 ], [ -47.912312371688813, -15.728656032904974 ], [ -47.913083118341191, -15.728598209093171 ], [ -47.91339449667052, -15.728426786391454 ], [ -47.913714327828792, -15.727887102501246 ], [ -47.914227236555682, -15.728277750282606 ], [ -47.914968731455126, -15.728294089204821 ], [ -47.915320671689983, -15.728097742783056 ], [ -47.915643000308236, -15.728307849601508 ], [ -47.915804581775134, -15.728074411812317 ], [ -47.916221945890705, -15.728020596689134 ], [ -47.916326859183904, -15.72770232829609 ], [ -47.91785892514612, -15.727327379309401 ], [ -47.919984841752189, -15.725990929094211 ], [ -47.920353427247029, -15.726231548464922 ], [ -47.920595258638834, -15.72615624302656 ], [ -47.921020441897028, -15.725550770092935 ], [ -47.921526133026909, -15.725290960575165 ], [ -47.92174972072803, -15.724653772115733 ], [ -47.922180757203392, -15.724586743443165 ], [ -47.921869451825799, -15.722781185418475 ], [ -47.921588050807657, -15.722652031757915 ], [ -47.921611834940997, -15.722240022958278 ], [ -47.922434867327539, -15.721573774486854 ], [ -47.92229637496979, -15.721023502382932 ], [ -47.922633739825393, -15.719445184801211 ], [ -47.923309074476805, -15.719019815066869 ], [ -47.923461457589376, -15.71855636922832 ], [ -47.923139980093829, -15.717987675598067 ], [ -47.923260036590698, -15.716919670850695 ], [ -47.922852884520573, -15.716804202315176 ], [ -47.921823573656404, -15.710405974582249 ], [ -47.920070525939764, -15.702970900019602 ], [ -47.914836113712717, -15.693477411008399 ], [ -47.914683958517962, -15.693921942182264 ], [ -47.913146240718071, -15.69592016106167 ], [ -47.911412728257268, -15.695293065287952 ], [ -47.911543583440704, -15.694916639156228 ], [ -47.911401457803642, -15.694676516801799 ], [ -47.910939656464564, -15.694802683675027 ], [ -47.91077184853107, -15.694453993449184 ], [ -47.910315761652257, -15.694503142635998 ], [ -47.91025905783151, -15.693733040223062 ], [ -47.909396956224029, -15.693477396300468 ], [ -47.908385166275679, -15.69347307703457 ], [ -47.905473633734402, -15.696390167428655 ], [ -47.878432933167311, -15.682948725171009 ], [ -47.875937177305616, -15.679576829814172 ] ], [ [ -47.891419810010873, -15.707372949155166 ], [ -47.89063610152634, -15.707506415051373 ], [ -47.889939980358349, -15.707256255351089 ], [ -47.889569158477308, -15.707317173992951 ], [ -47.889388363734504, -15.707440100929858 ], [ -47.889459390796752, -15.707717457866631 ], [ -47.889124076528823, -15.707854626008938 ], [ -47.889381046275645, -15.708119171697001 ], [ -47.888094895980757, -15.708969594189512 ], [ -47.88684222983558, -15.709119970845508 ], [ -47.886655007123849, -15.709351899676385 ], [ -47.884711889806944, -15.709974678234779 ], [ -47.884650456669952, -15.710228048581705 ], [ -47.884190244177837, -15.710585105937282 ], [ -47.883541353326237, -15.710685068153015 ], [ -47.882852325891598, -15.711109289357452 ], [ -47.882354503848987, -15.711119516562984 ], [ -47.881816268916495, -15.711476437053303 ], [ -47.881402723229286, -15.711416262115401 ], [ -47.88118811969948, -15.711643189177826 ], [ -47.880709511524508, -15.711387392427515 ], [ -47.880599918909773, -15.711865153411212 ], [ -47.880234452264283, -15.712046410712555 ], [ -47.879898311842936, -15.711932346689695 ], [ -47.879990287924826, -15.712215226122119 ], [ -47.879438255036995, -15.712203826487988 ], [ -47.878935356118575, -15.711831694698919 ], [ -47.878475957012363, -15.712043083486217 ], [ -47.878060980657906, -15.712514808719961 ], [ -47.87834685858364, -15.712947637716246 ], [ -47.878100051288435, -15.713660874342484 ], [ -47.878266068881878, -15.713994104123044 ], [ -47.877187600951167, -15.714493878895087 ], [ -47.877048979717713, -15.715079383867216 ], [ -47.876728765707554, -15.715282542127015 ], [ -47.876536014431444, -15.715137298587686 ], [ -47.876021686079653, -15.715242899546448 ], [ -47.875939240003248, -15.715447719918716 ], [ -47.875414988376029, -15.715600909440989 ], [ -47.875269523433246, -15.715517984916101 ], [ -47.875386556714972, -15.715299401918449 ], [ -47.875051626614955, -15.715287820732437 ], [ -47.874662633703245, -15.715721930604328 ], [ -47.874382123167187, -15.7157965356619 ], [ -47.874616685184044, -15.716207139165158 ], [ -47.875073980701188, -15.716021958440752 ], [ -47.874984146818996, -15.716363688316861 ], [ -47.873684005043636, -15.716804257999858 ], [ -47.870073108921922, -15.718998273633062 ], [ -47.869677674510022, -15.719511592559396 ], [ -47.868098669197316, -15.716459215594575 ], [ -47.871230910604808, -15.715538349735029 ], [ -47.870507631176764, -15.714608367444166 ], [ -47.870777688005333, -15.713537684178695 ], [ -47.871587366302336, -15.713123096996394 ], [ -47.873413961984099, -15.712569284604914 ], [ -47.873738716097783, -15.712258861394837 ], [ -47.87407996759093, -15.711354057977154 ], [ -47.871580529580328, -15.709542775231348 ], [ -47.872312901704653, -15.707983435976448 ], [ -47.875201209450722, -15.707255453644096 ], [ -47.876878209837351, -15.707440167307027 ], [ -47.881545923081589, -15.704834616122961 ], [ -47.884735686218058, -15.701465508352884 ], [ -47.891975506400676, -15.706974573961565 ], [ -47.891419810010873, -15.707372949155166 ] ] ] } },
{ "type": "Feature", "properties": { "ra_cira": 19, "ra_nome": "Candangolândia", "ra_codigo": "RA-XIX", "regiao_saude": "Centro-Sul" }, "geometry": { "type": "Polygon", "coordinates": [ [ [ -47.932319845725381, -15.851287865267725 ], [ -47.934993274875822, -15.861064293193296 ], [ -47.951766767316926, -15.871790388231449 ], [ -47.955231784549319, -15.873763179272689 ], [ -47.957290104978753, -15.87457605428685 ], [ -47.958743742227952, -15.874551389473686 ], [ -47.953296937204435, -15.840579121988805 ], [ -47.941360188125437, -15.844337865670568 ], [ -47.940110825707663, -15.844563890717207 ], [ -47.931483339433157, -15.845098957346082 ], [ -47.931722469694002, -15.848495694493907 ], [ -47.932319845725381, -15.851287865267725 ] ] ] } },
{ "type": "Feature", "properties": { "ra_cira": 20, "ra_nome": "Águas Claras", "ra_codigo": "RA-XX", "regiao_saude": "Sudoeste" }, "geometry": { "type": "Polygon", "coordinates": [ [ [ -48.004840919350968, -15.814632894883859 ], [ -48.004349915993373, -15.815641817769432 ], [ -48.001392840659577, -15.81725702840183 ], [ -48.000846642950194, -15.8177964458147 ], [ -48.001172499756237, -15.817961242600331 ], [ -48.00147073981875, -15.817797794527138 ], [ -48.001844081364688, -15.818160814707241 ], [ -48.002442938310047, -15.818136053844368 ], [ -48.002769229467589, -15.818430755451574 ], [ -48.003118886593619, -15.818082952761095 ], [ -48.003827952654717, -15.819124890715244 ], [ -48.010724159086301, -15.822080883159282 ], [ -48.011151497903377, -15.82115409880814 ], [ -48.013655279692465, -15.82219989988829 ], [ -48.00856903620668, -15.833714270598747 ], [ -48.008625018806654, -15.834402787095064 ], [ -48.00816116996166, -15.834677098514151 ], [ -48.007843960960152, -15.835376534981011 ], [ -48.005291102740436, -15.834312938227432 ], [ -48.003625841856866, -15.83805953873887 ], [ -48.00389312618718, -15.838180855889048 ], [ -48.011402699187421, -15.841337435052838 ], [ -48.01665845006255, -15.842822989861384 ], [ -48.032923028583603, -15.849502708656821 ], [ -48.033095974506374, -15.848959347051819 ], [ -48.036846195475825, -15.850519426917087 ], [ -48.045457478144016, -15.83433448932332 ], [ -48.045597989011924, -15.834222367820386 ], [ -48.048888613800528, -15.835791576248088 ], [ -48.049424277082394, -15.834767231739178 ], [ -48.049797933165046, -15.832943882581437 ], [ -48.050334853764909, -15.831856716460408 ], [ -48.03710279707127, -15.83009136436101 ], [ -48.03460305766739, -15.829399482814502 ], [ -48.017650435619103, -15.819366112656132 ], [ -48.01505657570803, -15.81823396210963 ], [ -48.004840919350968, -15.814632894883859 ] ] ] } },
{ "type": "Feature", "properties": { "ra_cira": 21, "ra_nome": "Riacho Fundo II", "ra_codigo": "RA-XXI", "regiao_saude": "Centro-Sul" }, "geometry": { "type": "Polygon", "coordinates": [ [ [ -48.03837480965133, -15.874395622936623 ], [ -48.039845083157061, -15.876956542834179 ], [ -48.039461330950353, -15.880533614220752 ], [ -48.040018095129, -15.882233781465846 ], [ -48.039334784385886, -15.882965705227884 ], [ -48.039257779689009, -15.883286617564071 ], [ -48.03889676255249, -15.88302764278766 ], [ -48.038591084650797, -15.883057883037825 ], [ -48.036110376933252, -15.885026173887759 ], [ -48.035189495006954, -15.885275423891311 ], [ -48.034739842722495, -15.885719200079873 ], [ -48.035018951737911, -15.886153058421165 ], [ -48.034765592091588, -15.886633997810645 ], [ -48.034875225039357, -15.88683470599322 ], [ -48.034572882714663, -15.88693947876695 ], [ -48.034234493915235, -15.887715421848966 ], [ -48.034081483515806, -15.887490891822878 ], [ -48.033672291252209, -15.8879796795412 ], [ -48.032605350146099, -15.887880075269203 ], [ -48.032404104865293, -15.888302984681879 ], [ -48.030920485854423, -15.889056291139784 ], [ -48.030169504487851, -15.889750046188214 ], [ -48.028910182138944, -15.890216170798606 ], [ -48.027502441873146, -15.890459421010418 ], [ -48.026974730144026, -15.891121975721367 ], [ -48.026817932949818, -15.891722242175286 ], [ -48.025880458300392, -15.892457268076381 ], [ -48.025822581765446, -15.893041148446377 ], [ -48.025113099324898, -15.893650863967807 ], [ -48.0251071967173, -15.894206381964805 ], [ -48.023637821758349, -15.895367998014512 ], [ -48.022517865418784, -15.897708748848364 ], [ -48.021794499009424, -15.89788558442004 ], [ -48.021349690667449, -15.897438882897553 ], [ -48.020985697138379, -15.898662776575282 ], [ -48.020340832434911, -15.898353469281231 ], [ -48.01890027395212, -15.900120826628239 ], [ -48.018191224587035, -15.900256736518806 ], [ -48.018162480138891, -15.900615362741993 ], [ -48.017549916256549, -15.901409147682404 ], [ -48.017544658643807, -15.90176658879076 ], [ -48.016367867753026, -15.902161987678422 ], [ -48.015890256977507, -15.902727637352012 ], [ -48.015459989718472, -15.902852873623404 ], [ -48.015389623909691, -15.903437029837788 ], [ -48.014965292002486, -15.903385016248787 ], [ -48.014966564862874, -15.903910939361202 ], [ -48.014540188035141, -15.903841255247331 ], [ -48.01426154395233, -15.904353993218463 ], [ -48.013333537576244, -15.904881334367413 ], [ -48.012867853136328, -15.905370925736559 ], [ -48.012035628360763, -15.905560500198202 ], [ -48.011577027364204, -15.906057696685137 ], [ -48.01095731655419, -15.906005098842462 ], [ -48.010260761158264, -15.906199052884817 ], [ -48.010085111697308, -15.906040736579223 ], [ -48.009717903962297, -15.906218715301367 ], [ -48.009261055378239, -15.907359683044708 ], [ -48.007365128511061, -15.90885182739026 ], [ -48.005605077046134, -15.908909313037757 ], [ -48.004194332709844, -15.909569032928356 ], [ -48.002630061073972, -15.911590610114315 ], [ -48.002906577247039, -15.912477234295116 ], [ -48.002810709723207, -15.912966171501415 ], [ -48.00048451109231, -15.91632529349434 ], [ -48.000845951042855, -15.91733030291128 ], [ -47.99969137551269, -15.918244252803163 ], [ -48.000887493593702, -15.92062224790822 ], [ -47.999627245504222, -15.921658981755696 ], [ -47.997306962513548, -15.920553450942952 ], [ -47.994976492881229, -15.920150060802177 ], [ -47.994015754916198, -15.920160694156984 ], [ -47.99281040438337, -15.920994999775045 ], [ -47.989407112233074, -15.922412524657256 ], [ -47.988098486264178, -15.923602133034347 ], [ -47.986410573667563, -15.924185968921718 ], [ -47.985505613045305, -15.924907263511455 ], [ -47.98359515743978, -15.92502372768026 ], [ -47.983572831392685, -15.925811564266416 ], [ -47.983815781373679, -15.926354982677021 ], [ -47.983515404816174, -15.926933188246286 ], [ -47.983398223283686, -15.927848087457544 ], [ -47.983844104211769, -15.928562506165054 ], [ -47.984451944562004, -15.928908452805697 ], [ -47.985098488661123, -15.929792540537754 ], [ -47.98673561221657, -15.930740817314721 ], [ -47.989095559047271, -15.932743216789213 ], [ -47.989830574022889, -15.932915776571505 ], [ -47.991286606914301, -15.933763529635788 ], [ -47.993073616126772, -15.935269637481186 ], [ -47.993924717559572, -15.936501062067199 ], [ -47.994617910937919, -15.936772393030871 ], [ -47.99559959106891, -15.937568906541749 ], [ -47.996606150686908, -15.938041043956446 ], [ -47.996782482061221, -15.939074763732735 ], [ -47.997822725321953, -15.940611577141818 ], [ -48.000804977378607, -15.943387068466048 ], [ -48.001032170980899, -15.944204175710533 ], [ -48.001847854371306, -15.945741717704378 ], [ -48.000068168263546, -15.947582900304544 ], [ -48.020724216804062, -15.966143723364148 ], [ -48.038221701343524, -15.945430192002945 ], [ -48.04019768992211, -15.942556921567675 ], [ -48.041692997910012, -15.939736286475105 ], [ -48.043047730428214, -15.936339954258644 ], [ -48.060338534432596, -15.882447682127264 ], [ -48.056657821119629, -15.881216957645337 ], [ -48.054697108650402, -15.880206997040917 ], [ -48.045630220506581, -15.874279210925268 ], [ -48.043179038805469, -15.873783346904336 ], [ -48.03837480965133, -15.874395622936623 ] ] ] } },
{ "type": "Feature", "properties": { "ra_cira": 22, "ra_nome": "Sudoeste/Octogonal", "ra_codigo": "RA-XXII", "regiao_saude": "Central" }, "geometry": { "type": "Polygon", "coordinates": [ [ [ -47.929199707607232, -15.780172877898481 ], [ -47.913922475073669, -15.784974450608383 ], [ -47.914420436330488, -15.786431216724962 ], [ -47.908475183151779, -15.788470332995908 ], [ -47.911194748852637, -15.796534081369959 ], [ -47.911355452945962, -15.796623994862575 ], [ -47.912992675801419, -15.796130304230347 ], [ -47.913646411036069, -15.798090193042155 ], [ -47.91409488436711, -15.798734075902045 ], [ -47.914668444432294, -15.799151680499522 ], [ -47.927482647223087, -15.80630518727261 ], [ -47.934831975328301, -15.809142395659848 ], [ -47.939530799082199, -15.810770421553199 ], [ -47.940989762158416, -15.811058873007507 ], [ -47.942488267603679, -15.811009887831103 ], [ -47.948400442613107, -15.810152657054283 ], [ -47.947358092427145, -15.803773840623101 ], [ -47.94618424973563, -15.800151555926146 ], [ -47.941668386948585, -15.801589784339493 ], [ -47.940410985540971, -15.802318761201134 ], [ -47.937537750454183, -15.806476872478704 ], [ -47.932994247380968, -15.803627192780613 ], [ -47.93274154869863, -15.801359726380674 ], [ -47.932408023229776, -15.801155662498646 ], [ -47.933195756384031, -15.799915917651436 ], [ -47.933469965621711, -15.798908705039219 ], [ -47.933459598197537, -15.792536570130682 ], [ -47.929199707607232, -15.780172877898481 ] ] ] } },
{ "type": "Feature", "properties": { "ra_cira": 23, "ra_nome": "Varjão", "ra_codigo": "RA-XXIII", "regiao_saude": "Central" }, "geometry": { "type": "Polygon", "coordinates": [ [ [ -47.868098669197316, -15.716459215594575 ], [ -47.869677674510022, -15.719511592559396 ], [ -47.870073108921922, -15.718998273633062 ], [ -47.873684005043636, -15.716804257999858 ], [ -47.874984146818996, -15.716363688316861 ], [ -47.875073980701188, -15.716021958440752 ], [ -47.874616685184044, -15.716207139165158 ], [ -47.874382123167187, -15.7157965356619 ], [ -47.874662633703245, -15.715721930604328 ], [ -47.875051626614955, -15.715287820732437 ], [ -47.875386556714972, -15.715299401918449 ], [ -47.875269523433246, -15.715517984916101 ], [ -47.875414988376029, -15.715600909440989 ], [ -47.875939240003248, -15.715447719918716 ], [ -47.876021686079653, -15.715242899546448 ], [ -47.876536014431444, -15.715137298587686 ], [ -47.876728765707554, -15.715282542127015 ], [ -47.877048979717713, -15.715079383867216 ], [ -47.877187600951167, -15.714493878895087 ], [ -47.878266068881878, -15.713994104123044 ], [ -47.878100051288435, -15.713660874342484 ], [ -47.87834685858364, -15.712947637716246 ], [ -47.878060980657906, -15.712514808719961 ], [ -47.878475957012363, -15.712043083486217 ], [ -47.878935356118575, -15.711831694698919 ], [ -47.879438255036995, -15.712203826487988 ], [ -47.879990287924826, -15.712215226122119 ], [ -47.879898311842936, -15.711932346689695 ], [ -47.880234452264283, -15.712046410712555 ], [ -47.880599918909773, -15.711865153411212 ], [ -47.880709511524508, -15.711387392427515 ], [ -47.88118811969948, -15.711643189177826 ], [ -47.881402723229286, -15.711416262115401 ], [ -47.881816268916495, -15.711476437053303 ], [ -47.882354503848987, -15.711119516562984 ], [ -47.882852325891598, -15.711109289357452 ], [ -47.883541353326237, -15.710685068153015 ], [ -47.884190244177837, -15.710585105937282 ], [ -47.884650456669952, -15.710228048581705 ], [ -47.884711889806944, -15.709974678234779 ], [ -47.886655007123849, -15.709351899676385 ], [ -47.88684222983558, -15.709119970845508 ], [ -47.888119292214576, -15.708957489823671 ], [ -47.889381046275645, -15.708119171697001 ], [ -47.889124076528823, -15.707854626008938 ], [ -47.889459390796752, -15.707717457866631 ], [ -47.889388363734504, -15.707440100929858 ], [ -47.889569158477308, -15.707317173992951 ], [ -47.891149763124716, -15.707511789655157 ], [ -47.891975506400676, -15.706974573961565 ], [ -47.884735686218058, -15.701465508352884 ], [ -47.881545923081589, -15.704834616122961 ], [ -47.876878209837351, -15.707440167307027 ], [ -47.875201209450722, -15.707255453644096 ], [ -47.872312901704653, -15.707983435976448 ], [ -47.871580529580328, -15.709542775231348 ], [ -47.87407996759093, -15.711354057977154 ], [ -47.873738716097783, -15.712258861394837 ], [ -47.873413961984099, -15.712569284604914 ], [ -47.871587366302336, -15.713123096996394 ], [ -47.870777688005333, -15.713537684178695 ], [ -47.870507631176764, -15.714608367444166 ], [ -47.871230910604808, -15.715538349735029 ], [ -47.868098669197316, -15.716459215594575 ] ] ] } },
{ "type": "Feature", "properties": { "ra_cira": 24, "ra_nome": "Park Way", "ra_codigo": "RA-XXIV", "regiao_saude": "Centro-Sul" }, "geometry": { "type": "MultiPolygon", "coordinates": [ [ [ [ -47.936522075096065, -15.869984576720629 ], [ -47.94897676174309, -15.876006606083639 ], [ -47.9560938593361, -15.880061855745945 ], [ -47.956331347419017, -15.881192524594463 ], [ -47.951873030418888, -15.884524446232041 ], [ -47.946074343843897, -15.895104320079657 ], [ -47.941038197650926, -15.896156846061038 ], [ -47.94001888434429, -15.895658716544283 ], [ -47.939987076964762, -15.895508928382592 ], [ -47.938659061119864, -15.895011529397332 ], [ -47.93820840955263, -15.894178738272425 ], [ -47.937596394386468, -15.893820839444647 ], [ -47.937054426086853, -15.893771763760078 ], [ -47.936882314811264, -15.893568796508001 ], [ -47.935884124109251, -15.893370166779047 ], [ -47.935158844700787, -15.893028803343912 ], [ -47.934626213671351, -15.892290439818042 ], [ -47.933849174746918, -15.892081100930499 ], [ -47.933227298994105, -15.891216589509485 ], [ -47.932893393794679, -15.891236015923242 ], [ -47.932680974331532, -15.890886604169452 ], [ -47.93224883933577, -15.890707539752782 ], [ -47.931467648596119, -15.890561416589453 ], [ -47.931039602566287, -15.889947965946334 ], [ -47.930619933048696, -15.889822501838257 ], [ -47.928898841945056, -15.88863461118048 ], [ -47.927057819240552, -15.886927398935558 ], [ -47.925457578767151, -15.886407884966149 ], [ -47.924944630960461, -15.886029269291095 ], [ -47.924920418364536, -15.885836402749195 ], [ -47.924753839943108, -15.885877745611657 ], [ -47.924490283372059, -15.885344534730763 ], [ -47.924161772333001, -15.885373261275452 ], [ -47.923780870736792, -15.884899766773735 ], [ -47.923367619428269, -15.885009621992561 ], [ -47.923047940687525, -15.884688955090656 ], [ -47.921914250671982, -15.884515241940276 ], [ -47.921417403363833, -15.884153227517539 ], [ -47.920549909107962, -15.884113102305946 ], [ -47.920003179457943, -15.883887683798191 ], [ -47.919494325294984, -15.883388002485678 ], [ -47.917912488113757, -15.883548429674434 ], [ -47.916201958895869, -15.883433308191968 ], [ -47.915149425883293, -15.883044401622767 ], [ -47.913436807317225, -15.882854091106983 ], [ -47.911860702443832, -15.882409714835976 ], [ -47.910956472145898, -15.882470612890902 ], [ -47.910482356156457, -15.882144877528226 ], [ -47.9098395933894, -15.882188178377993 ], [ -47.909511054137894, -15.881696541151005 ], [ -47.908459644328204, -15.881336494631647 ], [ -47.908193655887715, -15.881359241771953 ], [ -47.907890078102099, -15.8817092637683 ], [ -47.907532041054864, -15.881270698304716 ], [ -47.906088756909938, -15.881336718881432 ], [ -47.906038586129149, -15.882657744428286 ], [ -47.905631482979913, -15.883484253924724 ], [ -47.905959806969896, -15.883991910284186 ], [ -47.905797686701497, -15.884653564870277 ], [ -47.906326213182737, -15.88496846207957 ], [ -47.906493724222848, -15.885264036945589 ], [ -47.906261529538163, -15.886051149326253 ], [ -47.906309430530172, -15.886807113060197 ], [ -47.906019717794798, -15.886985770629297 ], [ -47.906211310949395, -15.887602132823199 ], [ -47.905955196925952, -15.887925419895129 ], [ -47.906119010246989, -15.888230434404528 ], [ -47.906122289696931, -15.889402449860338 ], [ -47.905787847816462, -15.890338339991217 ], [ -47.905390058235788, -15.890765059479964 ], [ -47.906076533150838, -15.891640464777732 ], [ -47.906611154888374, -15.891812532168565 ], [ -47.906596346204402, -15.892168474603494 ], [ -47.90630911062263, -15.892530488241636 ], [ -47.906609578139879, -15.892775910803456 ], [ -47.906562555521056, -15.893053933127597 ], [ -47.906867631262998, -15.893192346173873 ], [ -47.907360900157052, -15.893877921326535 ], [ -47.907367671206025, -15.894679003774593 ], [ -47.907779216421126, -15.895036129274894 ], [ -47.907965753097379, -15.895469050587353 ], [ -47.90878597137641, -15.895965386002221 ], [ -47.908841999815614, -15.896338470146125 ], [ -47.908346669972978, -15.896995427265828 ], [ -47.908827366845188, -15.897297754003404 ], [ -47.908895955843995, -15.897715698682893 ], [ -47.909459089501439, -15.8981531205745 ], [ -47.909527030791224, -15.898669840376277 ], [ -47.910085221392087, -15.898928376855043 ], [ -47.910046941909776, -15.899283701954534 ], [ -47.910577107230154, -15.90003508386066 ], [ -47.910844687530378, -15.900996475028464 ], [ -47.91093239392567, -15.903708537706985 ], [ -47.911148309744455, -15.903866819894175 ], [ -47.911011611878607, -15.904434737334027 ], [ -47.911248636844697, -15.904679310129019 ], [ -47.911094543279972, -15.9050071160814 ], [ -47.911367393344712, -15.905180240118296 ], [ -47.911487674620211, -15.905722122590996 ], [ -47.911859675283715, -15.906076384208628 ], [ -47.912378047116349, -15.907556528220669 ], [ -47.913330866594301, -15.908368315678672 ], [ -47.912603807082156, -15.908808111590018 ], [ -47.912388903297412, -15.909362329230403 ], [ -47.912074697892152, -15.909599135397391 ], [ -47.911017707524231, -15.909508934428484 ], [ -47.909624715910283, -15.909992816011371 ], [ -47.909218756080556, -15.909911570830541 ], [ -47.909298843013872, -15.910637304498099 ], [ -47.908837435689392, -15.910657222111764 ], [ -47.908800794188487, -15.911231084740269 ], [ -47.908613865737756, -15.911310536389228 ], [ -47.908671289302376, -15.911521763850777 ], [ -47.90835505383231, -15.912011322299412 ], [ -47.907774358251707, -15.912220394671936 ], [ -47.907904755872629, -15.913053810499052 ], [ -47.907605719124618, -15.913512725434664 ], [ -47.907658175436161, -15.913815465090567 ], [ -47.907036811584355, -15.914519389645362 ], [ -47.906846208544607, -15.915250487140861 ], [ -47.906124991958031, -15.915309672845925 ], [ -47.906087653393541, -15.916273254827209 ], [ -47.90584504436309, -15.916746437926259 ], [ -47.906011567363379, -15.917346349260409 ], [ -47.906400114659284, -15.917583805684862 ], [ -47.906685039533478, -15.918397329168755 ], [ -47.906579306636289, -15.919068513440994 ], [ -47.906912884082558, -15.921776088685172 ], [ -47.906825966765822, -15.922283645420448 ], [ -47.906290259626132, -15.923006007131226 ], [ -47.906274199516822, -15.924026738840288 ], [ -47.905575901760045, -15.925520188942304 ], [ -47.904397151109166, -15.927044941515145 ], [ -47.904192036501094, -15.928302469913884 ], [ -47.903433669347272, -15.92955811773775 ], [ -47.902736875893922, -15.930235484454029 ], [ -47.902707390169589, -15.930826227736265 ], [ -47.901863432616537, -15.932224209062733 ], [ -47.90105234061005, -15.932856526234668 ], [ -47.900963998226871, -15.93320453502788 ], [ -47.900648011639639, -15.933305944270908 ], [ -47.900523491571541, -15.934036970183598 ], [ -47.89967255931743, -15.934203987935732 ], [ -47.899408559744096, -15.934787253902734 ], [ -47.898739095705331, -15.935227881789148 ], [ -47.89811819899036, -15.93721151795574 ], [ -47.898267307570222, -15.937697674805486 ], [ -47.897704221992441, -15.939880165430687 ], [ -47.897300641392668, -15.940883186487781 ], [ -47.896569937739073, -15.941899829107202 ], [ -47.896566510357864, -15.942229918797864 ], [ -47.896305709761847, -15.942431966625856 ], [ -47.896301089413775, -15.943169762869994 ], [ -47.896729217836324, -15.944414724791658 ], [ -47.896536559750999, -15.945086232961783 ], [ -47.896026702238466, -15.945391393053836 ], [ -47.896085855569083, -15.945891539767217 ], [ -47.895777001651965, -15.946405757644252 ], [ -47.894621785947372, -15.947326176095645 ], [ -47.893922098316366, -15.947560118396808 ], [ -47.893719233075217, -15.948046465793846 ], [ -47.893304248487034, -15.948296661077567 ], [ -47.893005121370933, -15.948754754248881 ], [ -47.892064508023779, -15.94892633977547 ], [ -47.890976549631887, -15.950365133053845 ], [ -47.890798155665294, -15.950888311532552 ], [ -47.890139099676261, -15.951460237647719 ], [ -47.889735045825759, -15.951573617767325 ], [ -47.888813523183202, -15.953149998015229 ], [ -47.888331814556729, -15.955172671054946 ], [ -47.887252596439588, -15.957468855744509 ], [ -47.887713919860168, -15.958809813997664 ], [ -47.887390016436356, -15.960836237360121 ], [ -47.88730190412619, -15.963096021144247 ], [ -47.887460468254787, -15.963978939918313 ], [ -47.887466888608579, -15.96753678307943 ], [ -47.927962921101063, -15.982308839811038 ], [ -47.931340795802626, -15.9832828400595 ], [ -47.93545067620488, -15.983891576811752 ], [ -47.938108137379821, -15.983977509958457 ], [ -47.940395962312202, -15.983845490559434 ], [ -47.944923604871242, -15.983049006626336 ], [ -47.966297787632833, -15.975648655240841 ], [ -47.969449258547733, -15.974894351006188 ], [ -47.971768606602453, -15.974577229825249 ], [ -47.974979964444628, -15.974419419927907 ], [ -47.97840636227567, -15.974640537793338 ], [ -47.996623248104598, -15.977962565283981 ], [ -48.000813835793814, -15.978251730706647 ], [ -48.002968344785891, -15.978089046501964 ], [ -48.006744392573665, -15.977286045814417 ], [ -48.009067571085623, -15.976403008726464 ], [ -48.01145621654959, -15.97516544038667 ], [ -48.014870790936435, -15.972623339501043 ], [ -48.020724216804062, -15.966143723364148 ], [ -48.000068168263546, -15.947582900304544 ], [ -48.001847854371306, -15.945741717704378 ], [ -48.001032170980899, -15.944204175710533 ], [ -48.000804977378607, -15.943387068466048 ], [ -47.997822725321953, -15.940611577141818 ], [ -47.996782482061221, -15.939074763732735 ], [ -47.996606150686908, -15.938041043956446 ], [ -47.99559959106891, -15.937568906541749 ], [ -47.994617910937919, -15.936772393030871 ], [ -47.993924717559572, -15.936501062067199 ], [ -47.993073616126772, -15.935269637481186 ], [ -47.991286606914301, -15.933763529635788 ], [ -47.989830574022889, -15.932915776571505 ], [ -47.989095559047271, -15.932743216789213 ], [ -47.98673561221657, -15.930740817314721 ], [ -47.985098488661123, -15.929792540537754 ], [ -47.984451944562004, -15.928908452805697 ], [ -47.983844104211769, -15.928562506165054 ], [ -47.983398223283686, -15.927848087457544 ], [ -47.983515404816174, -15.926933188246286 ], [ -47.983815781373679, -15.926354982677021 ], [ -47.983572831392685, -15.925811564266416 ], [ -47.983501870924137, -15.924408142423198 ], [ -47.982261976858233, -15.923036093797197 ], [ -47.982115965921395, -15.922012445944068 ], [ -47.98168951619386, -15.921610529382558 ], [ -47.981892757770652, -15.920720014965053 ], [ -47.981755623296266, -15.92005337770463 ], [ -47.981542585227814, -15.919854692683336 ], [ -47.981809986552868, -15.919594393624989 ], [ -47.981835636868411, -15.919016442399093 ], [ -47.982234321737756, -15.918627561125813 ], [ -47.981868746602728, -15.917949931188224 ], [ -47.982078171236118, -15.917605591322204 ], [ -47.981860378344223, -15.917390079517459 ], [ -47.982086362670451, -15.917157975084033 ], [ -47.981945305793403, -15.917035980971708 ], [ -47.98233298657059, -15.91635995703086 ], [ -47.98316499051181, -15.915508550285244 ], [ -47.983478174113579, -15.914635139179156 ], [ -47.983334725155245, -15.914423048612967 ], [ -47.983635656383385, -15.914489173815877 ], [ -47.983859869655113, -15.914099343191893 ], [ -47.983948017636642, -15.913818180467889 ], [ -47.983813220042101, -15.913648777264468 ], [ -47.983729152613343, -15.913805088891062 ], [ -47.983564308103091, -15.913561759729021 ], [ -47.983946419137375, -15.913342254713147 ], [ -47.983713382134155, -15.913010486171023 ], [ -47.983948832898044, -15.912950511623976 ], [ -47.983684385128697, -15.912688308372717 ], [ -47.983955629637535, -15.912437126165266 ], [ -47.983817449060403, -15.91206151169021 ], [ -47.984095523716285, -15.911565389236774 ], [ -47.984049514024761, -15.91118272184227 ], [ -47.984374898722031, -15.910007738770217 ], [ -47.986255704779623, -15.906921413117633 ], [ -47.985691898615173, -15.904967882547476 ], [ -47.987109824620156, -15.903605701450743 ], [ -47.987423563092705, -15.902918559511823 ], [ -47.987658764250739, -15.902762387237823 ], [ -47.987591963165322, -15.902340695023549 ], [ -47.987789662863584, -15.901948574492135 ], [ -47.987510966034741, -15.901394918368753 ], [ -47.987589303362007, -15.900936637289357 ], [ -47.987773710588904, -15.901121966840201 ], [ -47.987956049510579, -15.901019246763786 ], [ -47.98772435233677, -15.90007889863919 ], [ -47.987893476628429, -15.89959374143289 ], [ -47.987686970952424, -15.899413938676936 ], [ -47.987299998768357, -15.899462110347732 ], [ -47.98718086687056, -15.898957284635168 ], [ -47.987321849675219, -15.89882299432888 ], [ -47.987684299983783, -15.898910939648502 ], [ -47.987711124595855, -15.898057422869801 ], [ -47.988765399528461, -15.896229002603059 ], [ -47.988895273952203, -15.895064840353744 ], [ -47.989235736499467, -15.894412639408117 ], [ -47.989221989305456, -15.893849650870301 ], [ -47.988987240739462, -15.893681281281555 ], [ -47.988807554782717, -15.893124054497234 ], [ -47.988932778481697, -15.892641879902163 ], [ -47.988699279099073, -15.892370173213521 ], [ -47.989221587190876, -15.891882871619663 ], [ -47.988728340689981, -15.891810272632702 ], [ -47.988578825332731, -15.891372462867496 ], [ -47.988952147553888, -15.890990544371615 ], [ -47.988827233714389, -15.890551282757912 ], [ -47.989057057239265, -15.889709086946421 ], [ -47.98874360898531, -15.889687380156611 ], [ -47.988844626698686, -15.88916760211335 ], [ -47.988349831762918, -15.889000874174876 ], [ -47.988498959617473, -15.888752459889432 ], [ -47.988858625837793, -15.88892626821513 ], [ -47.989133258354265, -15.88865782348333 ], [ -47.988659074472807, -15.888466501315055 ], [ -47.98895685650745, -15.888177264763664 ], [ -47.988635925418365, -15.88797111880046 ], [ -47.988905178402426, -15.887079212413717 ], [ -47.988566931432153, -15.88562173793353 ], [ -47.987949361292372, -15.88436839946538 ], [ -47.987508675224866, -15.884408755571721 ], [ -47.987359579782925, -15.884030015495629 ], [ -47.986781587298921, -15.883530526793159 ], [ -47.985885850222694, -15.883320509831515 ], [ -47.984950771154509, -15.882752389935337 ], [ -47.983918048520174, -15.881794514927886 ], [ -47.983611888229703, -15.881817664818573 ], [ -47.983071496614556, -15.882249826828984 ], [ -47.982822777493368, -15.882219246162837 ], [ -47.981200707950279, -15.88139907132506 ], [ -47.981024721715045, -15.880951220137307 ], [ -47.98009746865371, -15.880908965741357 ], [ -47.979890927880163, -15.880717656413568 ], [ -47.979491649307967, -15.880780161021423 ], [ -47.979015131612172, -15.880528237402324 ], [ -47.978286542374477, -15.881739692868772 ], [ -47.977479566982822, -15.882563620937498 ], [ -47.976521440063912, -15.883181766487082 ], [ -47.975254616886794, -15.883557592440919 ], [ -47.961017349939354, -15.88375240158088 ], [ -47.96104327958745, -15.882258412144639 ], [ -47.963955388290302, -15.882929652000341 ], [ -47.970759964762692, -15.882904308399644 ], [ -47.970785676426893, -15.879379837871898 ], [ -47.96887058013909, -15.879394097999432 ], [ -47.968885478058702, -15.880330599283473 ], [ -47.968650306785221, -15.880622926077097 ], [ -47.963947363634929, -15.880611010155315 ], [ -47.963935123274332, -15.878931546284955 ], [ -47.962303996214402, -15.878468888444914 ], [ -47.961969805297365, -15.876330477569079 ], [ -47.959098858097093, -15.876753515691835 ], [ -47.958743742227952, -15.874551389473686 ], [ -47.957290104978753, -15.87457605428685 ], [ -47.955231784549319, -15.873763179272689 ], [ -47.951766767316926, -15.871790388231449 ], [ -47.934993274875822, -15.861064293193296 ], [ -47.936625306222624, -15.867059974109234 ], [ -47.936566386889382, -15.868308937550221 ], [ -47.936174963983213, -15.869174615212566 ], [ -47.936522075096065, -15.869984576720629 ] ] ], [ [ [ -48.000869776731278, -15.81779313776897 ], [ -48.000320798421832, -15.81814059900733 ], [ -48.000151587112221, -15.818766781293673 ], [ -48.000408313954907, -15.819806778988948 ], [ -48.000119504801404, -15.820286865233351 ], [ -47.999165781026512, -15.820838259777021 ], [ -47.999182470665936, -15.821056564590332 ], [ -47.998801562516171, -15.821324080631131 ], [ -47.998574617578747, -15.821942423900133 ], [ -47.998038602095676, -15.821944087134503 ], [ -47.99737430641683, -15.822600192352132 ], [ -47.996672677481769, -15.822805774331277 ], [ -47.995979776997594, -15.82362054447753 ], [ -47.995879598905759, -15.824114499014415 ], [ -47.996578195968773, -15.825477074706626 ], [ -47.996373825899532, -15.826696490197357 ], [ -47.995476906217057, -15.8272339473013 ], [ -47.995351291291342, -15.827844454711734 ], [ -47.995156964602508, -15.828018700947203 ], [ -47.995572801020842, -15.829550794532626 ], [ -47.995124477470021, -15.829841533846137 ], [ -47.995114697251552, -15.830535616958279 ], [ -47.995359007196257, -15.830838993637519 ], [ -47.995049406918824, -15.83116195849532 ], [ -47.995390107778007, -15.831223080752871 ], [ -47.995122655416914, -15.83186820443399 ], [ -47.994807795254239, -15.83216364451312 ], [ -47.994342256119644, -15.832090675130432 ], [ -47.994189086263098, -15.832550821445084 ], [ -47.993623157256863, -15.832570215443965 ], [ -47.99362963650178, -15.832801285351804 ], [ -47.993354828869172, -15.833006815328229 ], [ -47.993126056980756, -15.833781958213498 ], [ -47.993349684537229, -15.833950285735266 ], [ -47.993010933654574, -15.835932893093609 ], [ -47.992496846730972, -15.83704012913846 ], [ -47.991902162961239, -15.837146341086861 ], [ -47.991783961485417, -15.837771666582702 ], [ -47.991589429714658, -15.837958547276122 ], [ -47.991800902989667, -15.838315381268377 ], [ -47.991588173061807, -15.838708240932542 ], [ -47.991778756483292, -15.839206780131374 ], [ -47.991114641932796, -15.840142673914194 ], [ -47.990795087373556, -15.840272241430482 ], [ -47.99056707777936, -15.840773366381246 ], [ -47.99027514982523, -15.84068879107677 ], [ -47.990317738046947, -15.840894601025539 ], [ -47.990141994114929, -15.840882820854848 ], [ -47.989926566595933, -15.841240836792887 ], [ -47.990232838465779, -15.842638104218166 ], [ -47.98985017169575, -15.842607168895444 ], [ -47.990000690969126, -15.842853856955172 ], [ -47.989961078817423, -15.843640589050214 ], [ -47.989454809661638, -15.84450682257418 ], [ -47.98964688896659, -15.84474916252031 ], [ -47.990077145835237, -15.844851743768336 ], [ -47.990128292946807, -15.845074930148364 ], [ -47.98999620445251, -15.845395621066722 ], [ -47.989362617249483, -15.845935011768677 ], [ -47.989645035844795, -15.846245498253495 ], [ -47.988498675322539, -15.847014553148018 ], [ -47.988442705796714, -15.847434130129056 ], [ -47.988170971483939, -15.847228401697667 ], [ -47.987926465904081, -15.847495021041889 ], [ -47.987492879356282, -15.847474021409674 ], [ -47.987307544950134, -15.847282965540067 ], [ -47.987011004862779, -15.84755021785883 ], [ -47.98649027477952, -15.847521173271947 ], [ -47.985629833556196, -15.847889827944899 ], [ -47.984786230403195, -15.849483150037322 ], [ -47.985111270723422, -15.850005000839285 ], [ -47.984631707010955, -15.849974428893793 ], [ -47.984582558223771, -15.850355196791355 ], [ -47.984297553495743, -15.850680089756768 ], [ -47.983957132431335, -15.85065237915083 ], [ -47.983792130496958, -15.850204129954658 ], [ -47.982653394911466, -15.850191535575334 ], [ -47.982488335348883, -15.849944492311664 ], [ -47.982247184344352, -15.850248297879986 ], [ -47.98158537460138, -15.850373640894528 ], [ -47.981387052452263, -15.850674553328925 ], [ -47.981487095382718, -15.850916900552697 ], [ -47.981341148366695, -15.851333716778534 ], [ -47.98095809199144, -15.851649256821899 ], [ -47.980883307216978, -15.851980069697809 ], [ -47.979544016692486, -15.853000172392626 ], [ -47.979571308702603, -15.853431085463608 ], [ -47.979264064109415, -15.853832059208067 ], [ -47.979261731315368, -15.854957656983206 ], [ -47.97876118989813, -15.85568709674288 ], [ -47.978400012036488, -15.855904346744325 ], [ -47.977744798464705, -15.856953936419952 ], [ -47.977959059382457, -15.857264776484811 ], [ -47.977680037961811, -15.857913978880756 ], [ -47.977111025175411, -15.858413334073015 ], [ -47.976557476042821, -15.858385129314611 ], [ -47.975600093058354, -15.85921461587796 ], [ -47.974707309964138, -15.858674543720248 ], [ -47.974135918594207, -15.858881246943545 ], [ -47.973648532702434, -15.858642399553155 ], [ -47.973107912210367, -15.858801311763104 ], [ -47.972748193011753, -15.859427643278048 ], [ -47.971933912931945, -15.859309192709436 ], [ -47.972026908152287, -15.859913121278611 ], [ -47.971607045021734, -15.86001317606628 ], [ -47.971484389354309, -15.860235290085647 ], [ -47.971573680094103, -15.860544115848356 ], [ -47.971842405498258, -15.860663689325131 ], [ -47.971644689718559, -15.861251071356991 ], [ -47.971749447677439, -15.861639578469612 ], [ -47.971060822026722, -15.861720611186882 ], [ -47.971133918756898, -15.86142761037676 ], [ -47.970743476168145, -15.861114696220039 ], [ -47.970457870962505, -15.86117671686924 ], [ -47.970252888369956, -15.861677351714963 ], [ -47.969756424176175, -15.861296208113979 ], [ -47.969096121921758, -15.861394447316162 ], [ -47.966563551856694, -15.860924937092946 ], [ -47.96630171604334, -15.861589628758903 ], [ -47.965929315875435, -15.861421611813711 ], [ -47.965234850971733, -15.861683026827254 ], [ -47.965255179199616, -15.86214004023314 ], [ -47.964883614361455, -15.862214286697885 ], [ -47.964383485102417, -15.862619998973868 ], [ -47.963407460161307, -15.862637916356375 ], [ -47.963276534173218, -15.86340778376171 ], [ -47.962758639291174, -15.863667298615773 ], [ -47.962718103756792, -15.864023292405017 ], [ -47.962469178556695, -15.864252406769824 ], [ -47.962241713634853, -15.864297674187206 ], [ -47.961951588262323, -15.863967342575476 ], [ -47.960602725523493, -15.86339765540691 ], [ -47.960428887316276, -15.863428764532461 ], [ -47.960259857679141, -15.863847779312708 ], [ -47.963471300946331, -15.865327502976303 ], [ -47.963682817739283, -15.864852731088869 ], [ -47.964015479811735, -15.864728711790621 ], [ -47.964560867505114, -15.865225367976663 ], [ -47.964957471462952, -15.865338199978634 ], [ -47.969175226825378, -15.864859849206855 ], [ -47.969456813166758, -15.867214151739745 ], [ -47.97501705100737, -15.86658428968278 ], [ -47.977445430950205, -15.864327000847977 ], [ -47.97791901385451, -15.864740635796991 ], [ -47.977135383929664, -15.866762004678979 ], [ -47.977142640924342, -15.868936088019884 ], [ -47.977388531483157, -15.869878831109558 ], [ -47.978952499744132, -15.873360957391162 ], [ -47.982966508360136, -15.875364091885359 ], [ -47.983919030165275, -15.875675656337625 ], [ -47.992097244802032, -15.876511181975763 ], [ -47.993597144363001, -15.871368472786852 ], [ -47.993615179539532, -15.871239798162529 ], [ -47.993327121024983, -15.871203641837431 ], [ -47.993872149769466, -15.869001703921166 ], [ -47.991834827508661, -15.86846907581195 ], [ -47.991427211777605, -15.868017641535893 ], [ -47.991947483871328, -15.866216616256786 ], [ -47.986544755034579, -15.864780642705535 ], [ -47.986659948423913, -15.86437072346887 ], [ -47.988308291644714, -15.86275669700192 ], [ -47.987960521829656, -15.862418954834034 ], [ -47.990560266943206, -15.859868925669808 ], [ -47.990883182409164, -15.86018713313416 ], [ -47.994561507177551, -15.856597061387225 ], [ -47.994975293672987, -15.856873018357648 ], [ -47.995211478527345, -15.856704200200699 ], [ -47.996463391733379, -15.855366186078593 ], [ -47.996089218695239, -15.855008523175336 ], [ -47.997402994640908, -15.85370874946816 ], [ -47.997670550545593, -15.853653373497293 ], [ -47.99800426497449, -15.853029946691779 ], [ -48.000644679842701, -15.850419666442077 ], [ -47.99875671617945, -15.848650916737856 ], [ -47.999866920882504, -15.846424755146359 ], [ -48.001030804320138, -15.846952637388364 ], [ -48.001951257845597, -15.848312397891632 ], [ -48.006407219374417, -15.850212328883035 ], [ -48.007636210287828, -15.847275948643476 ], [ -48.008026786676609, -15.847437154611256 ], [ -48.010885139500061, -15.84112660614613 ], [ -48.003625841856866, -15.83805953873887 ], [ -48.005291102740436, -15.834312938227432 ], [ -48.007843960960152, -15.835376534981011 ], [ -48.00816116996166, -15.834677098514151 ], [ -48.008625018806654, -15.834402787095064 ], [ -48.00856903620668, -15.833714270598747 ], [ -48.013655279692465, -15.82219989988829 ], [ -48.011151497903377, -15.82115409880814 ], [ -48.010724159086301, -15.822080883159282 ], [ -48.003827952654717, -15.819124890715244 ], [ -48.003118886593619, -15.818082952761095 ], [ -48.002797589619163, -15.818433534153309 ], [ -48.002442938310047, -15.818136053844368 ], [ -48.001844081364688, -15.818160814707241 ], [ -48.00147073981875, -15.817797794527138 ], [ -48.001228764502422, -15.817955849825166 ], [ -48.000869776731278, -15.81779313776897 ] ] ] ] } },
{ "type": "Feature", "properties": { "ra_cira": 25, "ra_nome": "SCIA/Estrutural", "ra_codigo": "RA-XXV", "regiao_saude": "Centro-Sul" }, "geometry": { "type": "Polygon", "coordinates": [ [ [ -48.004728357834807, -15.754753508605715 ], [ -48.003618797220881, -15.755439583993139 ], [ -47.978362678176694, -15.78250676261101 ], [ -47.977906733758296, -15.782576220765687 ], [ -47.977340928484146, -15.782086565589594 ], [ -47.976454417553072, -15.782526608093336 ], [ -47.967009001700532, -15.792749128643004 ], [ -47.966090812999767, -15.793796636984979 ], [ -47.966098130703969, -15.79429903600249 ], [ -47.968280721645108, -15.794605498295876 ], [ -47.970192823775051, -15.795526013721721 ], [ -47.971957986625931, -15.794860104893994 ], [ -47.980267651304395, -15.79043400646872 ], [ -47.983311413816082, -15.789176121390547 ], [ -47.986427676143919, -15.788133208251583 ], [ -47.990569662165321, -15.787097672066421 ], [ -47.994640339491298, -15.786457489078774 ], [ -47.99892917782573, -15.786159546282668 ], [ -48.003018567734507, -15.786245035185297 ], [ -48.003123053417717, -15.785547677923921 ], [ -48.004159283680984, -15.7845719823148 ], [ -48.003966917282732, -15.783767149156404 ], [ -48.004127081181558, -15.782972213406692 ], [ -48.004450020557329, -15.782640680719467 ], [ -48.004632265881384, -15.781758760511783 ], [ -48.005478973827195, -15.78062091398553 ], [ -48.005894681574674, -15.77955975525343 ], [ -48.005827204502417, -15.778385736682305 ], [ -48.006135028104651, -15.778338593676887 ], [ -48.00606901625531, -15.776318571806199 ], [ -48.00650413460302, -15.776229549746111 ], [ -48.006759625951467, -15.775072392606715 ], [ -48.006488606322115, -15.774779048326575 ], [ -48.006790462886777, -15.773638224735985 ], [ -48.00631655827339, -15.772697739766125 ], [ -48.0061704902038, -15.770189756383219 ], [ -48.006792515902283, -15.769054588208206 ], [ -48.006559716057907, -15.766163675940522 ], [ -48.007293712509231, -15.764774471606296 ], [ -48.007104173681661, -15.763912725988883 ], [ -48.007269686455224, -15.763257002218243 ], [ -48.007147533038037, -15.762399355580149 ], [ -48.006576670581211, -15.761563456457601 ], [ -48.00682213614224, -15.760918027702076 ], [ -48.006159925406259, -15.759186618367089 ], [ -48.005297323161898, -15.758856733763359 ], [ -48.004728357834807, -15.754753508605715 ] ] ] } },
{ "type": "Feature", "properties": { "ra_cira": 26, "ra_nome": "Sobradinho II", "ra_codigo": "RA-XXVI", "regiao_saude": "Norte" }, "geometry": { "type": "Polygon", "coordinates": [ [ [ -47.967474302459067, -15.531490451017248 ], [ -47.966998262795997, -15.532147798851279 ], [ -47.965695007959432, -15.53680448734862 ], [ -47.965250406159953, -15.53756906739663 ], [ -47.96256220130833, -15.539747238070269 ], [ -47.959623448297798, -15.54126319683558 ], [ -47.958335267029483, -15.542190523810579 ], [ -47.955860250243141, -15.545208454326541 ], [ -47.950710217344607, -15.550334053737389 ], [ -47.95042583768614, -15.550821583988112 ], [ -47.950540642506517, -15.551524222861678 ], [ -47.951796460048797, -15.552861868755311 ], [ -47.952084038852547, -15.553594033083073 ], [ -47.952012956109108, -15.554230936747937 ], [ -47.950862494742033, -15.55756480552825 ], [ -47.95088630632327, -15.55878772821535 ], [ -47.951266950284349, -15.559443588517288 ], [ -47.955423916103669, -15.564351748244635 ], [ -47.955774960753743, -15.56534623790952 ], [ -47.95560027197893, -15.566389864342096 ], [ -47.954365083425508, -15.570362285997769 ], [ -47.951229080359127, -15.575307167454438 ], [ -47.950398862841041, -15.575654990228044 ], [ -47.948668908640386, -15.575071909394 ], [ -47.948152884804571, -15.574753126032983 ], [ -47.947380786581853, -15.57352341033851 ], [ -47.947032236264697, -15.573297049358603 ], [ -47.946505798296954, -15.573395478111708 ], [ -47.944405881546913, -15.574563363232238 ], [ -47.943724110680911, -15.574713015515002 ], [ -47.943024765616812, -15.574607385906386 ], [ -47.938989782924388, -15.573209483583559 ], [ -47.938320110299138, -15.573265398376991 ], [ -47.937918600345988, -15.57370911747808 ], [ -47.936722444829691, -15.577341967741422 ], [ -47.935866998290365, -15.578588444658557 ], [ -47.934583891271174, -15.579662030388226 ], [ -47.931520823691336, -15.581618795186655 ], [ -47.926471543011957, -15.586592818368345 ], [ -47.924775320686614, -15.587426370018413 ], [ -47.913466817439669, -15.591190611109395 ], [ -47.902291279490719, -15.593861697475791 ], [ -47.901144408330772, -15.593680758455298 ], [ -47.900186524348413, -15.593165113419884 ], [ -47.896985407538459, -15.590555277978282 ], [ -47.89621114050707, -15.590246121444935 ], [ -47.895562368905438, -15.590347452044924 ], [ -47.890092964992533, -15.593347260919453 ], [ -47.888990606407013, -15.593314436775435 ], [ -47.886183193152497, -15.592334885106524 ], [ -47.886095572581134, -15.592576858669815 ], [ -47.885106479381378, -15.592445709160611 ], [ -47.885036401679756, -15.593133401632716 ], [ -47.885185022062984, -15.593337660446281 ], [ -47.885904116458676, -15.593425690020069 ], [ -47.886885993598554, -15.59327866535825 ], [ -47.886939684479771, -15.593909035224458 ], [ -47.886135050723993, -15.594154709372823 ], [ -47.886484964213601, -15.594569221942676 ], [ -47.886805846910391, -15.594610156830283 ], [ -47.887367878121481, -15.59389786557656 ], [ -47.887764197914805, -15.594031640327202 ], [ -47.888216019066654, -15.594511317089133 ], [ -47.888184518799612, -15.594668608034505 ], [ -47.887673032576238, -15.59459294616355 ], [ -47.887569314614389, -15.594731393294904 ], [ -47.888132610729741, -15.596215204597994 ], [ -47.888673783437298, -15.596615804616357 ], [ -47.888491211713458, -15.59723643139071 ], [ -47.888963078782368, -15.597701520432778 ], [ -47.889358985524929, -15.598619085588602 ], [ -47.889921076950053, -15.598641493069069 ], [ -47.889776992525306, -15.600256026719329 ], [ -47.890478219834968, -15.601217163399944 ], [ -47.890367212135693, -15.601999791992167 ], [ -47.890889068296318, -15.602554821915716 ], [ -47.890817465334699, -15.602870987611919 ], [ -47.8910871045682, -15.602889155377833 ], [ -47.891147130650872, -15.603521968437098 ], [ -47.891539714998082, -15.603928244136233 ], [ -47.891558091114369, -15.604295195730614 ], [ -47.891198597013002, -15.604993226288073 ], [ -47.891654437940232, -15.605697317875313 ], [ -47.892101380749423, -15.606019160049886 ], [ -47.891741621755934, -15.6069175891533 ], [ -47.89223471137057, -15.607626064508018 ], [ -47.891931549189195, -15.608374198075127 ], [ -47.890310753307951, -15.608895489671935 ], [ -47.888482217848875, -15.610532646347504 ], [ -47.887610468526731, -15.611723093618627 ], [ -47.886359147513673, -15.615089401544768 ], [ -47.885933691098472, -15.615469591687036 ], [ -47.88606900337075, -15.61614635313178 ], [ -47.883781991577749, -15.617530444429219 ], [ -47.881710377263055, -15.616468224108701 ], [ -47.880318487583452, -15.616055480670662 ], [ -47.878285605101844, -15.616686269001969 ], [ -47.877846679223651, -15.616613801893218 ], [ -47.877219082146283, -15.617323224982778 ], [ -47.876448087132182, -15.616383318695087 ], [ -47.876433509926677, -15.615523620169624 ], [ -47.875175665296346, -15.614597058258328 ], [ -47.874801511142806, -15.614189914154586 ], [ -47.874867063952166, -15.614053494758297 ], [ -47.873562508904598, -15.613667090399741 ], [ -47.872047643567967, -15.614250312905105 ], [ -47.870333953427348, -15.613256840539108 ], [ -47.870522606561721, -15.612162443337283 ], [ -47.869467381541298, -15.61318827297921 ], [ -47.869133961511324, -15.613778589679164 ], [ -47.868731798074322, -15.617553199533782 ], [ -47.868476170085813, -15.618353647293251 ], [ -47.867056854739367, -15.61992664951863 ], [ -47.866082161140305, -15.620182033041729 ], [ -47.865252487670389, -15.620057495439761 ], [ -47.865690509467768, -15.619403170972449 ], [ -47.865903118191746, -15.618435357887831 ], [ -47.865605675523845, -15.617071808625132 ], [ -47.865399603541483, -15.616772909395255 ], [ -47.864372255750496, -15.616342448133679 ], [ -47.862653451234955, -15.614520360675447 ], [ -47.862114857925576, -15.613281326041706 ], [ -47.86160633798368, -15.613289214815651 ], [ -47.861190454564223, -15.611238387189715 ], [ -47.860898798540553, -15.610710397046043 ], [ -47.860378307442254, -15.610542329138994 ], [ -47.860558225717234, -15.609847570442344 ], [ -47.860326528043103, -15.609735594585542 ], [ -47.860380024508125, -15.609334582258137 ], [ -47.861000395900213, -15.609031269122889 ], [ -47.861479534940116, -15.609119850205227 ], [ -47.861629142782483, -15.608949410853461 ], [ -47.861324016628508, -15.608317891275931 ], [ -47.861605593851081, -15.607472147035303 ], [ -47.861843736237269, -15.607249364081259 ], [ -47.861552888814771, -15.607222508190141 ], [ -47.86152384421149, -15.606751900281878 ], [ -47.861935183512301, -15.606506058865605 ], [ -47.86187577098525, -15.606041259217875 ], [ -47.862153635564518, -15.605850863932218 ], [ -47.86182773231068, -15.605548071220504 ], [ -47.861548422729747, -15.604745894764765 ], [ -47.861691157247492, -15.604297920570492 ], [ -47.862132156641124, -15.604259025615283 ], [ -47.862138501985669, -15.602991502688182 ], [ -47.86250281916216, -15.602991838760122 ], [ -47.862457211895183, -15.602662885533697 ], [ -47.862692006143774, -15.602687206258054 ], [ -47.86284088976997, -15.601978068311263 ], [ -47.862501168128389, -15.601806821217311 ], [ -47.861453926209386, -15.601752225953751 ], [ -47.860567124904904, -15.60214093706357 ], [ -47.859394044180121, -15.603109227627161 ], [ -47.859064104391543, -15.603140644491699 ], [ -47.859072549026408, -15.602520733411275 ], [ -47.857812237900049, -15.601407706294211 ], [ -47.858156966622985, -15.600557077849825 ], [ -47.858592715902681, -15.600194311832796 ], [ -47.858442561143455, -15.599386660467919 ], [ -47.858728832456876, -15.599010720828163 ], [ -47.857821246960022, -15.598535516918433 ], [ -47.857674186308863, -15.598674195643913 ], [ -47.857970846790906, -15.598901747152581 ], [ -47.857876302607217, -15.599133153736817 ], [ -47.857112887051812, -15.598845133655244 ], [ -47.857098523779811, -15.598386430206999 ], [ -47.856482278596545, -15.597527653829626 ], [ -47.855999394781058, -15.598110223277061 ], [ -47.855141182374432, -15.597667389601474 ], [ -47.854573095115853, -15.597927637269089 ], [ -47.853928654773561, -15.59752705838158 ], [ -47.853508044819705, -15.597589389250221 ], [ -47.853279049624298, -15.597395892179859 ], [ -47.852651618576147, -15.597609720201229 ], [ -47.852525133373902, -15.597264260437067 ], [ -47.851735505008811, -15.596955085531498 ], [ -47.851264408469042, -15.59650568106974 ], [ -47.850550457908795, -15.596762791236278 ], [ -47.849948100705625, -15.596515588202907 ], [ -47.849197554519513, -15.597069785351417 ], [ -47.848141499885728, -15.596213886132087 ], [ -47.847276949226696, -15.595988320415529 ], [ -47.846692873603637, -15.596229473297043 ], [ -47.846438144260333, -15.596641237872051 ], [ -47.845956641593709, -15.59662961684999 ], [ -47.844833051973303, -15.596205014145314 ], [ -47.844416266000955, -15.595435088624662 ], [ -47.843934126278462, -15.595709161741642 ], [ -47.843358028684221, -15.59541294897136 ], [ -47.842936119146827, -15.595596350700641 ], [ -47.842844679151689, -15.59601416960502 ], [ -47.842258347987929, -15.596791106685497 ], [ -47.841748909957651, -15.597150728254627 ], [ -47.841059776355223, -15.59847942341132 ], [ -47.840584313948483, -15.598744549439328 ], [ -47.840307812021045, -15.59878422787148 ], [ -47.839770842364985, -15.598518262340152 ], [ -47.838698362507728, -15.598486502243125 ], [ -47.837711296422086, -15.598725035467583 ], [ -47.837178136931406, -15.598326188298216 ], [ -47.83598170366519, -15.598308462377 ], [ -47.834480673406091, -15.599202439881891 ], [ -47.834144924211294, -15.599760263233732 ], [ -47.834090037011961, -15.602268531830337 ], [ -47.833946136079675, -15.602606644626581 ], [ -47.833435943173846, -15.60275924441259 ], [ -47.832186775414932, -15.60264662522796 ], [ -47.830068279494085, -15.602958762625235 ], [ -47.829458852870111, -15.604075822701716 ], [ -47.828760861213333, -15.604700321226026 ], [ -47.820163578922291, -15.611059331459421 ], [ -47.81957944378442, -15.612067078479816 ], [ -47.818463261075635, -15.615711653313868 ], [ -47.815755859409002, -15.620781796744877 ], [ -47.815768192675307, -15.621096971945557 ], [ -47.816043801339468, -15.621512936099785 ], [ -47.816841906163184, -15.621814290523742 ], [ -47.819201264012264, -15.621475969617544 ], [ -47.821045461263552, -15.621771976916563 ], [ -47.822293373571689, -15.622344640529832 ], [ -47.823644050612465, -15.623537933840359 ], [ -47.824433877690396, -15.624872093790819 ], [ -47.824796130244337, -15.626237613185696 ], [ -47.824821936214455, -15.62874190158786 ], [ -47.824591810216937, -15.631099740119415 ], [ -47.824252730881788, -15.632240135112317 ], [ -47.82287403282465, -15.634591024624363 ], [ -47.822593829051577, -15.63565305331181 ], [ -47.821859609640455, -15.636905374283758 ], [ -47.820900207574958, -15.639905004483243 ], [ -47.820235436728098, -15.640969138588313 ], [ -47.819664115818568, -15.641323924508832 ], [ -47.812255447900576, -15.643430868778175 ], [ -47.812110883941934, -15.643930228388347 ], [ -47.81184114345568, -15.644087272825974 ], [ -47.811905900721769, -15.644692495475521 ], [ -47.812702857485128, -15.645282451204528 ], [ -47.812838447795322, -15.646249065644408 ], [ -47.813896296612015, -15.647209299742338 ], [ -47.814586947479668, -15.648277382502402 ], [ -47.815974176753201, -15.649805498143898 ], [ -47.816485644489021, -15.652572527874932 ], [ -47.817437835514546, -15.653764179031315 ], [ -47.817182137432553, -15.654504145827435 ], [ -47.816331330081759, -15.65558658832534 ], [ -47.816361912011828, -15.655997594465523 ], [ -47.816094727786449, -15.6563835964619 ], [ -47.815500284329111, -15.656755662199604 ], [ -47.815455514286263, -15.657355827644047 ], [ -47.814576587869176, -15.657429024136343 ], [ -47.813381955774702, -15.659294240184678 ], [ -47.812802605752026, -15.659718276901366 ], [ -47.812899076497033, -15.660470021467564 ], [ -47.812320952992621, -15.661129376560233 ], [ -47.81253897861729, -15.662125255871759 ], [ -47.812311561475632, -15.662919726288235 ], [ -47.810607285838593, -15.664207264877104 ], [ -47.810015103836058, -15.665240812875409 ], [ -47.80955830001691, -15.665534784455758 ], [ -47.809042423334724, -15.666357569353936 ], [ -47.812587503017227, -15.66804425392608 ], [ -47.826611396423658, -15.677631952317425 ], [ -47.828893976295056, -15.678888100486066 ], [ -47.85477970326216, -15.687222924633776 ], [ -47.859501544695654, -15.688227458448896 ], [ -47.8608504444218, -15.687285892757847 ], [ -47.883660077207139, -15.667802579337717 ], [ -47.956570863263913, -15.614323868468983 ], [ -48.002398334211968, -15.579602297890082 ], [ -48.004102871463353, -15.578704793544128 ], [ -48.006149755603758, -15.578124022241068 ], [ -48.008414304460054, -15.5779623196595 ], [ -48.01021694231224, -15.578186658662947 ], [ -48.011888273223974, -15.578694192624289 ], [ -48.013492935962418, -15.579495786630087 ], [ -48.016998852710714, -15.582402411529694 ], [ -48.024878075958412, -15.573009039617842 ], [ -48.034818666205219, -15.565547235194604 ], [ -48.035316503720239, -15.564561218827238 ], [ -48.035349764568679, -15.56358300223088 ], [ -48.033870675408906, -15.560232263948867 ], [ -48.03360195426383, -15.558880703765082 ], [ -48.033717360309666, -15.557585455153552 ], [ -48.034187812197942, -15.55622455676593 ], [ -48.03490434213257, -15.555149906535915 ], [ -48.035910906804858, -15.55420259310017 ], [ -48.041920552860802, -15.550584720605791 ], [ -48.043089447744144, -15.549245170254114 ], [ -48.043718574211276, -15.547722622953334 ], [ -48.043877172503919, -15.546639740527715 ], [ -48.04372742481867, -15.545247800706937 ], [ -48.04239869944368, -15.542215906705632 ], [ -48.041574302059452, -15.541216215665143 ], [ -48.03314230873778, -15.533564014903188 ], [ -48.031778005798515, -15.531453868613315 ], [ -48.03187223210297, -15.530949854719687 ], [ -48.032412489484173, -15.530609168652592 ], [ -48.034484839390402, -15.531603367537489 ], [ -48.035226497043475, -15.531493559995795 ], [ -48.037912544920943, -15.527666368510365 ], [ -48.038971224404115, -15.525110852754555 ], [ -48.039760779024597, -15.519417663032922 ], [ -48.039731301332488, -15.517901493178572 ], [ -48.03941791065813, -15.516630350154117 ], [ -48.03692658576486, -15.510507494061521 ], [ -48.034150169026873, -15.504774630657945 ], [ -48.034126493396364, -15.50360555743563 ], [ -48.034776041147978, -15.50241218557977 ], [ -47.975959702711513, -15.50242998121448 ], [ -47.974554408501632, -15.505121686059978 ], [ -47.974017007086452, -15.507063013386295 ], [ -47.974063090841895, -15.510624517416275 ], [ -47.97350058634369, -15.512613266303513 ], [ -47.973294806230662, -15.514299294563815 ], [ -47.973447636887563, -15.519745879422842 ], [ -47.973161023856058, -15.520338355442343 ], [ -47.969157221957701, -15.524432732999975 ], [ -47.969031924793114, -15.525532916029517 ], [ -47.970459929881905, -15.528349752527481 ], [ -47.970457398261331, -15.529227852320551 ], [ -47.969821594282898, -15.530186618438908 ], [ -47.967474302459067, -15.531490451017248 ] ] ] } },
{ "type": "Feature", "properties": { "ra_cira": 27, "ra_nome": "Jardim Botânico", "ra_codigo": "RA-XXVII", "regiao_saude": "Leste" }, "geometry": { "type": "Polygon", "coordinates": [ [ [ -47.774159773764374, -15.796364273135081 ], [ -47.773845503564672, -15.796382514963371 ], [ -47.773587051942457, -15.797508106663972 ], [ -47.773186515559942, -15.797811682549511 ], [ -47.770757047906329, -15.804633354933875 ], [ -47.770610720821693, -15.805177944145701 ], [ -47.770784888335321, -15.80614891119596 ], [ -47.771137578809054, -15.806840606078588 ], [ -47.772531115899092, -15.808103549611266 ], [ -47.777013159639722, -15.813220511831478 ], [ -47.778891421090478, -15.814491547027343 ], [ -47.781855580085328, -15.815730109733883 ], [ -47.775525306645854, -15.817485838493168 ], [ -47.774028775561774, -15.818050074465852 ], [ -47.767439052460432, -15.819777191213568 ], [ -47.768156978107228, -15.821052332144497 ], [ -47.768949034819258, -15.821214272792448 ], [ -47.769513811451112, -15.822086432498844 ], [ -47.773042642386621, -15.821935484908744 ], [ -47.772924043499849, -15.823012314636818 ], [ -47.773329300491305, -15.823136171102968 ], [ -47.773340302388277, -15.823942514968785 ], [ -47.772779706683352, -15.824746533235405 ], [ -47.772339129020111, -15.825824687198741 ], [ -47.77174898727592, -15.826508066995064 ], [ -47.770604463256738, -15.826846737005981 ], [ -47.772410253465587, -15.83146405788492 ], [ -47.772330607474295, -15.83250015258688 ], [ -47.771718568979047, -15.834473010344261 ], [ -47.770946698557047, -15.835173835156938 ], [ -47.770048435956539, -15.835541828935527 ], [ -47.768796659899628, -15.836770507641022 ], [ -47.768214922580661, -15.836741747380158 ], [ -47.767307515514624, -15.83745553587255 ], [ -47.76640077224328, -15.837817281427743 ], [ -47.765819217069271, -15.838408309329743 ], [ -47.764388033742129, -15.838559063636124 ], [ -47.763263971842946, -15.839346590956811 ], [ -47.762631021399528, -15.839433217309526 ], [ -47.761351368362448, -15.840602606201792 ], [ -47.76090515934353, -15.840797503642046 ], [ -47.760606939964873, -15.840637019554102 ], [ -47.760055800796323, -15.840779515405393 ], [ -47.759988265866866, -15.841288309822035 ], [ -47.759347636783936, -15.8419926237393 ], [ -47.757774841076163, -15.84219638192055 ], [ -47.757202488339438, -15.843164486791602 ], [ -47.755924937552585, -15.843296020267104 ], [ -47.755906224714799, -15.843828101346549 ], [ -47.755529134683222, -15.843720825324395 ], [ -47.755075443819052, -15.844123238027947 ], [ -47.754726451873516, -15.844637314677913 ], [ -47.754732332856683, -15.845025543301468 ], [ -47.754022531502997, -15.845228802432478 ], [ -47.753624203293477, -15.845977208688247 ], [ -47.753197575196275, -15.84604796202675 ], [ -47.753232050593802, -15.846402267975336 ], [ -47.752857541836846, -15.846358980029006 ], [ -47.752649617764661, -15.846832767098851 ], [ -47.752437102075859, -15.846751286952131 ], [ -47.752241172129501, -15.846919500411852 ], [ -47.752203435979446, -15.847080490570601 ], [ -47.752484815156876, -15.847295461687159 ], [ -47.752180867644682, -15.847753599632666 ], [ -47.751384605335701, -15.848002405010115 ], [ -47.750735432696061, -15.848481583085224 ], [ -47.750366582498671, -15.849234838025371 ], [ -47.749791133208149, -15.849544863845999 ], [ -47.749472370291741, -15.850307498037987 ], [ -47.748468079301375, -15.850947047502352 ], [ -47.748319883733217, -15.852458362234701 ], [ -47.746742596871307, -15.852154091400452 ], [ -47.74660116942259, -15.852687704576018 ], [ -47.746852830091264, -15.853106506370638 ], [ -47.746692934389934, -15.85343398186734 ], [ -47.745575573870255, -15.853565178843033 ], [ -47.745419753977835, -15.853809844159827 ], [ -47.745506148507317, -15.854048913659049 ], [ -47.745999009054593, -15.854218382746948 ], [ -47.746162343360282, -15.854457212941517 ], [ -47.746093701653535, -15.854897133446229 ], [ -47.746525899012987, -15.855794773257351 ], [ -47.746583933512767, -15.856605249718507 ], [ -47.746844297996908, -15.857058943279405 ], [ -47.747195492068379, -15.857264796266019 ], [ -47.747071221831732, -15.857684671727025 ], [ -47.747340675762175, -15.858171106016473 ], [ -47.746952046375647, -15.858641544177543 ], [ -47.746908583765141, -15.859429377945482 ], [ -47.74729676163512, -15.85969963585498 ], [ -47.746688256437189, -15.860264120516232 ], [ -47.746320092119177, -15.860059267616041 ], [ -47.745943856817291, -15.860275583190344 ], [ -47.745568743123741, -15.860838374825521 ], [ -47.744973415398057, -15.860603860299831 ], [ -47.744912083167087, -15.861240233084525 ], [ -47.74429514723591, -15.861455977439043 ], [ -47.744289285390352, -15.862130448687429 ], [ -47.74332737085922, -15.862122711061833 ], [ -47.743426373052571, -15.863571959650759 ], [ -47.743060536951148, -15.863732086519027 ], [ -47.743408054785348, -15.864332377203354 ], [ -47.743214145271367, -15.864592801394753 ], [ -47.743463684295413, -15.865593056062126 ], [ -47.742783828028571, -15.865307012267518 ], [ -47.741805381464289, -15.866212833666241 ], [ -47.741716976454384, -15.866590275401565 ], [ -47.741923886893083, -15.867369854755719 ], [ -47.741849664822098, -15.867636131218156 ], [ -47.74157843638902, -15.867700855632281 ], [ -47.741629837265087, -15.868395436379432 ], [ -47.741327585615934, -15.868949988741983 ], [ -47.74111683884508, -15.868771662015144 ], [ -47.740943981629684, -15.868835042721606 ], [ -47.741038999121763, -15.869907413057497 ], [ -47.740370357401595, -15.869871184449336 ], [ -47.740040768930008, -15.870055166682139 ], [ -47.740095406868527, -15.870722594272598 ], [ -47.73916799143403, -15.870415805240569 ], [ -47.73872625789776, -15.870430992116974 ], [ -47.738364455224918, -15.870667423271547 ], [ -47.737698427019204, -15.870454546171546 ], [ -47.737606528250858, -15.871155911620654 ], [ -47.737433240863631, -15.871297252415712 ], [ -47.737249586454041, -15.870750358736524 ], [ -47.736728268660393, -15.871006001514973 ], [ -47.736696504602513, -15.871721701743606 ], [ -47.736480513890271, -15.872023239117551 ], [ -47.736286892803079, -15.871870665129142 ], [ -47.735005607569654, -15.871959079549107 ], [ -47.734363001369893, -15.871764573661284 ], [ -47.733697260346602, -15.872144236663042 ], [ -47.732204700325809, -15.872322258934572 ], [ -47.732003003801687, -15.873515968101735 ], [ -47.730988271376425, -15.873071529591691 ], [ -47.73081224755645, -15.873259318173721 ], [ -47.730979225190914, -15.87368582122286 ], [ -47.730893242249344, -15.874055161271846 ], [ -47.73067217869113, -15.874178718661767 ], [ -47.730266756028392, -15.874006813710247 ], [ -47.730154840333007, -15.874357067354266 ], [ -47.729257621444646, -15.873933432043625 ], [ -47.72890993878957, -15.87436208649294 ], [ -47.728558443620138, -15.874264888339923 ], [ -47.728434809590411, -15.874571685931027 ], [ -47.728048800579693, -15.874516240848276 ], [ -47.727666050270052, -15.874168879421303 ], [ -47.727176814510486, -15.874635264276307 ], [ -47.727455360647674, -15.874976224125215 ], [ -47.72724693085911, -15.875200934572346 ], [ -47.726803401020874, -15.87525100464093 ], [ -47.7265055357447, -15.87509847039032 ], [ -47.726413401860924, -15.874570748587391 ], [ -47.725266146503678, -15.874464746441017 ], [ -47.724874419646788, -15.874781114194111 ], [ -47.724525651952774, -15.875543882656064 ], [ -47.724224177364498, -15.875675797382694 ], [ -47.72397679793324, -15.87468949933672 ], [ -47.723380032707816, -15.874720711231273 ], [ -47.722492177340158, -15.87549492798361 ], [ -47.722038379730293, -15.875500588368842 ], [ -47.722253819296213, -15.876549590432154 ], [ -47.722074922835681, -15.876801207407125 ], [ -47.721327248746228, -15.875990192483542 ], [ -47.720867198256386, -15.875946735798049 ], [ -47.720394988182321, -15.876758031209517 ], [ -47.719913373015238, -15.876190046907748 ], [ -47.719538408708885, -15.877353888851413 ], [ -47.719004826057869, -15.877457079749998 ], [ -47.71885148011085, -15.877117468570018 ], [ -47.718329318533826, -15.876967200856344 ], [ -47.718047492437044, -15.877526652424693 ], [ -47.717360761252124, -15.877538903078792 ], [ -47.716814530417004, -15.878368854652722 ], [ -47.716444518330192, -15.878248295657434 ], [ -47.716728635031743, -15.877562417276343 ], [ -47.716521613610254, -15.877155925711882 ], [ -47.715416920632173, -15.878033224216443 ], [ -47.71440195269674, -15.877981809273331 ], [ -47.714542105859223, -15.876686155894868 ], [ -47.713629168052996, -15.876036490674283 ], [ -47.713380348262604, -15.876331541036199 ], [ -47.713134896108677, -15.876330743521239 ], [ -47.712792358074267, -15.875444931265614 ], [ -47.711094289260046, -15.876047679415066 ], [ -47.710100909346501, -15.874974274312677 ], [ -47.709839613420201, -15.874980911303282 ], [ -47.709503073462777, -15.875550730658933 ], [ -47.709732703766839, -15.877544227325293 ], [ -47.709231057459782, -15.877726008938572 ], [ -47.70870172127907, -15.877273365849378 ], [ -47.708371036188844, -15.877417743315029 ], [ -47.707633934945477, -15.880219035233987 ], [ -47.708116036055124, -15.880955532929066 ], [ -47.709344608716691, -15.882131268115721 ], [ -47.709438933688979, -15.883752877227447 ], [ -47.710453489819812, -15.884123189015943 ], [ -47.710386313919585, -15.884618744846996 ], [ -47.709326876936387, -15.88552028774469 ], [ -47.709289049836791, -15.88589399359711 ], [ -47.709785616262756, -15.886284656704282 ], [ -47.711321284958871, -15.886180129131937 ], [ -47.711911445081029, -15.886988553515993 ], [ -47.712006370350132, -15.887684817303848 ], [ -47.711546746392415, -15.888322372442325 ], [ -47.710042928187775, -15.888149205810972 ], [ -47.70925130867991, -15.888877169381926 ], [ -47.708294314116749, -15.8893359127194 ], [ -47.708149714031514, -15.88974404877089 ], [ -47.708310924581376, -15.890114907740715 ], [ -47.709467072291311, -15.891112566871188 ], [ -47.70950241705831, -15.891475389328397 ], [ -47.70913676361112, -15.89189505079751 ], [ -47.707690588812795, -15.891295904729635 ], [ -47.707163442087825, -15.891333432936504 ], [ -47.706787152985022, -15.891625726832837 ], [ -47.706928439389806, -15.892605066179257 ], [ -47.707221609806616, -15.893564243908886 ], [ -47.707553906778557, -15.893744828865996 ], [ -47.707687702948405, -15.893537573100206 ], [ -47.707889074301605, -15.893582705641613 ], [ -47.708682737268219, -15.893103876641735 ], [ -47.709581322775364, -15.893158448419809 ], [ -47.709559694481953, -15.89340327426795 ], [ -47.709212449033949, -15.893554335574976 ], [ -47.709251939464089, -15.893840517702897 ], [ -47.710239925579749, -15.894688373822818 ], [ -47.710445948819384, -15.894458347060461 ], [ -47.710355500746857, -15.893945391904177 ], [ -47.712541141239534, -15.892519463771066 ], [ -47.713620486891827, -15.893254187782309 ], [ -47.713602935053757, -15.894335781637579 ], [ -47.714296933299181, -15.894152364499563 ], [ -47.714627299866898, -15.894251600403198 ], [ -47.714619330854163, -15.893981042191932 ], [ -47.714075760522164, -15.893647919842854 ], [ -47.714194943205563, -15.893324929271683 ], [ -47.714067733604317, -15.893055029061321 ], [ -47.714196203862755, -15.892633381938714 ], [ -47.714816022196274, -15.892192739451239 ], [ -47.71537501808605, -15.892273236236921 ], [ -47.715859292296074, -15.892076110762986 ], [ -47.717068725798569, -15.892053338713087 ], [ -47.717799312372165, -15.892252240174736 ], [ -47.718353303003049, -15.891872483737169 ], [ -47.718975234517231, -15.891934839978969 ], [ -47.71974669464025, -15.89161058944558 ], [ -47.720275982291952, -15.891131388229908 ], [ -47.720690536439733, -15.891152335199397 ], [ -47.721161662123812, -15.891458648679992 ], [ -47.722119226275559, -15.891359137688024 ], [ -47.722513960085593, -15.89161043140126 ], [ -47.722874341544603, -15.891233556028066 ], [ -47.723513240558034, -15.891045383590242 ], [ -47.724352567950959, -15.891489653772654 ], [ -47.72466701444867, -15.892031788204925 ], [ -47.725097360883538, -15.891955494538569 ], [ -47.725591916986332, -15.892397908064131 ], [ -47.726348936997084, -15.892212984795357 ], [ -47.726783932503487, -15.892806167593307 ], [ -47.727468211586348, -15.892862285278504 ], [ -47.728265283752698, -15.893495358554022 ], [ -47.728291139709818, -15.893836700646283 ], [ -47.728913046905646, -15.89469934576716 ], [ -47.729411910224826, -15.894889237278253 ], [ -47.729464475369483, -15.895179429817713 ], [ -47.730130464673856, -15.895898589619476 ], [ -47.730806159119062, -15.896119025416048 ], [ -47.731743869010558, -15.897255200994394 ], [ -47.732584659059157, -15.897692626748642 ], [ -47.732803714888753, -15.898097303080746 ], [ -47.733917160947669, -15.898575002961081 ], [ -47.734424809472294, -15.898347275145152 ], [ -47.734935203919548, -15.898362400676218 ], [ -47.73593901992578, -15.898680412828103 ], [ -47.736564630116277, -15.899206991703609 ], [ -47.737289365717963, -15.898954227932446 ], [ -47.737649877723534, -15.899125207552494 ], [ -47.738283544015161, -15.898414639308417 ], [ -47.738564166660517, -15.898609327833155 ], [ -47.738896902262695, -15.898502053362703 ], [ -47.739820090226743, -15.898644081933364 ], [ -47.740353349617756, -15.898480302550345 ], [ -47.741348451052822, -15.898901710819954 ], [ -47.742039684880041, -15.898970550469741 ], [ -47.741693953000713, -15.899782552196756 ], [ -47.742062730016613, -15.900265572970659 ], [ -47.742408546002579, -15.900137767743781 ], [ -47.742309688955046, -15.89993639385715 ], [ -47.742531247520269, -15.89975431028525 ], [ -47.742414476779594, -15.899563697531566 ], [ -47.743036215359247, -15.89950445885132 ], [ -47.74347547432825, -15.899932428760064 ], [ -47.744322771862649, -15.900186228710284 ], [ -47.74448711963435, -15.900502504759327 ], [ -47.744924296423406, -15.900486611283307 ], [ -47.745420578292425, -15.900774023923017 ], [ -47.745556096390558, -15.900465230428907 ], [ -47.74639492686255, -15.900812530477042 ], [ -47.746475586409645, -15.901215503878012 ], [ -47.746698373453924, -15.901247160871812 ], [ -47.746826966991762, -15.901515255857051 ], [ -47.747365369360168, -15.901282021676625 ], [ -47.748175348695931, -15.901512248448968 ], [ -47.748481715265498, -15.901094458856795 ], [ -47.748703994957182, -15.901280567724829 ], [ -47.749368301053195, -15.901294246705152 ], [ -47.74972482253947, -15.901563487781242 ], [ -47.750816413348581, -15.901496999408277 ], [ -47.751835864816343, -15.901762071867632 ], [ -47.752158345012091, -15.902257190087409 ], [ -47.753093619176752, -15.902756177866237 ], [ -47.753482201108561, -15.902619904614628 ], [ -47.753845765868341, -15.902894709765899 ], [ -47.754345153738996, -15.902987746384486 ], [ -47.754690080475697, -15.902554900550106 ], [ -47.755371532618035, -15.902379003209839 ], [ -47.755735009445878, -15.902425232816421 ], [ -47.755945169046761, -15.902730735744111 ], [ -47.756335038941295, -15.902465957512289 ], [ -47.756578527108914, -15.902604588262166 ], [ -47.757302772308535, -15.902539023400932 ], [ -47.75913800144226, -15.901080155593682 ], [ -47.759865492441193, -15.901548028223372 ], [ -47.76126303956908, -15.903031070068749 ], [ -47.761495412674158, -15.903066502768464 ], [ -47.761665451991199, -15.902932797433088 ], [ -47.761636668859602, -15.902589232102894 ], [ -47.76206843810094, -15.902357322559535 ], [ -47.762571087688016, -15.901732658185841 ], [ -47.763185262478942, -15.900450406507458 ], [ -47.764430663930831, -15.899677587397337 ], [ -47.76459577194165, -15.899015742924371 ], [ -47.764958545774, -15.898721107184995 ], [ -47.764784832588965, -15.89829058178495 ], [ -47.764973449661021, -15.898023005088742 ], [ -47.765633035118832, -15.897780972714891 ], [ -47.766900170867807, -15.896848999966975 ], [ -47.767019458009706, -15.896175702132078 ], [ -47.767603013493442, -15.895744232808152 ], [ -47.768033224889699, -15.895122087880488 ], [ -47.768130390292662, -15.893640872158773 ], [ -47.768333754955378, -15.89321100964731 ], [ -47.770941128135497, -15.891353750003766 ], [ -47.771021406110613, -15.890177235501689 ], [ -47.772902036118644, -15.888065507020032 ], [ -47.773816397917386, -15.885835105785844 ], [ -47.774202805246887, -15.885464652531224 ], [ -47.775534357239707, -15.885085763040538 ], [ -47.776661132832537, -15.885004687289392 ], [ -47.777322672207973, -15.884660873910436 ], [ -47.777747650559085, -15.884164394013892 ], [ -47.777806794036373, -15.883663609446366 ], [ -47.778372866660668, -15.882775431967522 ], [ -47.778377442526114, -15.882029213899818 ], [ -47.778838115226236, -15.882050691684352 ], [ -47.779583571736651, -15.881687777694424 ], [ -47.78018011909483, -15.88171363689924 ], [ -47.781773179955493, -15.88074774726595 ], [ -47.782169155978835, -15.880911790381973 ], [ -47.782421482385011, -15.880461147575474 ], [ -47.784900325633153, -15.879389912055231 ], [ -47.785002277493355, -15.878767119184033 ], [ -47.785448975665766, -15.87875650468445 ], [ -47.786131995080382, -15.878169967181543 ], [ -47.786172723714607, -15.87766440829748 ], [ -47.786934344916283, -15.87691781389295 ], [ -47.789678393202799, -15.875385747558816 ], [ -47.791581582105422, -15.8750244132302 ], [ -47.791690075752456, -15.874866589925736 ], [ -47.792321504748614, -15.875149697650533 ], [ -47.793205562690524, -15.874994992625828 ], [ -47.794834873559516, -15.875113742648635 ], [ -47.795211933579353, -15.875461892884735 ], [ -47.796752082871087, -15.875739905619755 ], [ -47.798181070501563, -15.876951101509015 ], [ -47.798506503689232, -15.877439929255122 ], [ -47.799045433081645, -15.877467875192762 ], [ -47.799343845989625, -15.878274154626062 ], [ -47.799988113979481, -15.879139428724882 ], [ -47.801524113802067, -15.879684672967679 ], [ -47.802214404342131, -15.880939617779115 ], [ -47.802128840043636, -15.881177410968986 ], [ -47.801781018273758, -15.881200034360335 ], [ -47.797946674465308, -15.881000324614423 ], [ -47.795628346106639, -15.879448415954837 ], [ -47.795476141526422, -15.879604935943824 ], [ -47.795343030734116, -15.880277025638625 ], [ -47.795570261416565, -15.881024565068644 ], [ -47.795136973965477, -15.881815161920601 ], [ -47.796063280573698, -15.883085188346602 ], [ -47.796417704146499, -15.88590709964058 ], [ -47.796188263593599, -15.886277459746612 ], [ -47.795128694156055, -15.886877498992108 ], [ -47.795365926508403, -15.887741533634998 ], [ -47.795317628710002, -15.888947211105068 ], [ -47.794501435897857, -15.889614795137568 ], [ -47.794328874226473, -15.890027947713991 ], [ -47.793741076713339, -15.890415101505377 ], [ -47.79433763798923, -15.891131988176376 ], [ -47.79506707897923, -15.89137851473923 ], [ -47.795359861789265, -15.891693433913492 ], [ -47.79277858107811, -15.893209186378153 ], [ -47.792900173980655, -15.893654508994327 ], [ -47.794105533820847, -15.895115656050836 ], [ -47.794462274326051, -15.896810001197773 ], [ -47.794428808736399, -15.897068503605638 ], [ -47.792963094915052, -15.897675290321224 ], [ -47.794323980996772, -15.90074018829918 ], [ -47.793833642117278, -15.90224477190362 ], [ -47.792601926221273, -15.902633474675532 ], [ -47.792177106590103, -15.902983062883735 ], [ -47.792157857257216, -15.903198369930111 ], [ -47.791596256643146, -15.903298824532794 ], [ -47.790976095821982, -15.903742425632178 ], [ -47.790472938587541, -15.903851302401375 ], [ -47.790199498259369, -15.904882956078717 ], [ -47.790160167189264, -15.905918295998548 ], [ -47.789954780777201, -15.906311925645559 ], [ -47.78851689555966, -15.906524953337245 ], [ -47.787522826869598, -15.90704293260743 ], [ -47.786533198385406, -15.907198158171985 ], [ -47.784636430146456, -15.908382344670926 ], [ -47.784051173547141, -15.909642604853042 ], [ -47.783383545069199, -15.910058182895602 ], [ -47.783238976861341, -15.910631956739165 ], [ -47.782668244053959, -15.911480968755901 ], [ -47.782392398284465, -15.912617552401448 ], [ -47.78198216199133, -15.912942683203845 ], [ -47.780602827701429, -15.913497458773172 ], [ -47.780142012733947, -15.913273832360007 ], [ -47.778921405671667, -15.913215504396975 ], [ -47.778148545824195, -15.91288258293131 ], [ -47.775737912857615, -15.913290834185519 ], [ -47.774720053752027, -15.912936952560427 ], [ -47.774497152192268, -15.91315905372625 ], [ -47.774092868795968, -15.913025763753337 ], [ -47.773019508291647, -15.912361259088506 ], [ -47.772470373684968, -15.912463813436121 ], [ -47.772979132471484, -15.913313654621314 ], [ -47.773533983973174, -15.913842908071437 ], [ -47.773928409054136, -15.914076312534206 ], [ -47.774481647415726, -15.914071344374888 ], [ -47.775152431080834, -15.914818543669439 ], [ -47.775494751201343, -15.916151661030858 ], [ -47.776135007130861, -15.916307544815536 ], [ -47.77665759916902, -15.916889173113606 ], [ -47.776567756815346, -15.918026505395542 ], [ -47.777072931400767, -15.918804089896263 ], [ -47.777382830627509, -15.920366031520224 ], [ -47.777780267703328, -15.920609439453658 ], [ -47.777742294670063, -15.921250024063095 ], [ -47.778126062740242, -15.921563548873792 ], [ -47.778128673206517, -15.92234767664371 ], [ -47.778841624514662, -15.923123681245626 ], [ -47.779607383227436, -15.92315643193033 ], [ -47.780334758012138, -15.923712034144893 ], [ -47.784853109788315, -15.924548878652873 ], [ -47.786383519092354, -15.925051424656488 ], [ -47.787302162429633, -15.924931682933758 ], [ -47.788503641095808, -15.925259539174906 ], [ -47.78987025604922, -15.925938494203589 ], [ -47.791411131277719, -15.925954465835328 ], [ -47.792174425545831, -15.926358462104819 ], [ -47.795688511421631, -15.926782087706712 ], [ -47.797290788758168, -15.927670077944409 ], [ -47.798289487003871, -15.927720443566539 ], [ -47.799993412775699, -15.928351751071798 ], [ -47.801377648197828, -15.929614596765699 ], [ -47.801860215537964, -15.929644052948786 ], [ -47.802482018784005, -15.930630107101358 ], [ -47.803962426531029, -15.931334652716583 ], [ -47.804539353783753, -15.931316702689692 ], [ -47.804970979677456, -15.932006044367983 ], [ -47.804743960172665, -15.932302345737742 ], [ -47.804776875043203, -15.9325953423405 ], [ -47.806339285484448, -15.935873809611959 ], [ -47.807461428179849, -15.938769472688397 ], [ -47.80651841105707, -15.939477898510084 ], [ -47.805718873213891, -15.939691540719549 ], [ -47.805482551972936, -15.940735291331631 ], [ -47.805176330796172, -15.940947872362676 ], [ -47.805044915577398, -15.941333720205535 ], [ -47.804334367674358, -15.941371899349756 ], [ -47.803967530670199, -15.941732338538086 ], [ -47.803421554546212, -15.941902832231662 ], [ -47.80303704137097, -15.942919166410706 ], [ -47.802447138467265, -15.943322802615931 ], [ -47.802438322873712, -15.943592652693715 ], [ -47.802046639309083, -15.943935860714801 ], [ -47.801488075895655, -15.945114549695701 ], [ -47.801137067931187, -15.945505627773471 ], [ -47.800946707259996, -15.945336757513761 ], [ -47.800665765724617, -15.94567747876645 ], [ -47.800513596872506, -15.946287109184654 ], [ -47.799432505479871, -15.946808704750737 ], [ -47.79921279448007, -15.947362764878472 ], [ -47.798593223869176, -15.948051074342629 ], [ -47.798096742078947, -15.948090364158457 ], [ -47.797468701104968, -15.948613642218449 ], [ -47.797310374841736, -15.949329229813058 ], [ -47.796835831528178, -15.949668379529186 ], [ -47.796829749450104, -15.949919002585709 ], [ -47.796552919035655, -15.949951448318238 ], [ -47.796590605944459, -15.950228024146776 ], [ -47.795965185102865, -15.950594712940379 ], [ -47.795537624226895, -15.951077509453111 ], [ -47.795294349375737, -15.951764692725876 ], [ -47.794655197393432, -15.95208918589819 ], [ -47.794064770019645, -15.952836234986567 ], [ -47.793735719197407, -15.953763478154006 ], [ -47.794056581283144, -15.954126377349068 ], [ -47.793749340231237, -15.954287884435436 ], [ -47.793765096664167, -15.95462937618456 ], [ -47.793311335434517, -15.954998838988718 ], [ -47.793475845319129, -15.955282780599683 ], [ -47.793314888864828, -15.955510430616325 ], [ -47.79333147756325, -15.956176455768498 ], [ -47.793957737389924, -15.95712104353322 ], [ -47.793627547221291, -15.957196433297629 ], [ -47.793468967172672, -15.957497850859731 ], [ -47.792786055402011, -15.957913739575602 ], [ -47.79216059393265, -15.959034874144205 ], [ -47.791607533352455, -15.959046157667201 ], [ -47.791514625960268, -15.959715728000802 ], [ -47.790276967748269, -15.959848984046936 ], [ -47.789707244689495, -15.960717040102489 ], [ -47.789157737926644, -15.960925983222857 ], [ -47.788682534804721, -15.96140886408863 ], [ -47.787591332590978, -15.962016538392939 ], [ -47.785723626227067, -15.962055961594801 ], [ -47.784943129872907, -15.962548268900624 ], [ -47.784048801806101, -15.962667183467433 ], [ -47.783742152509149, -15.962970157238164 ], [ -47.783360663703647, -15.96275489299282 ], [ -47.783150706985253, -15.963118775274738 ], [ -47.782398998022764, -15.96293438715689 ], [ -47.781614693890141, -15.96361121646104 ], [ -47.780322009867866, -15.964092490084115 ], [ -47.779608005738893, -15.963843225118195 ], [ -47.778844948116102, -15.964347132695838 ], [ -47.778657686199239, -15.964060985598939 ], [ -47.77843668542932, -15.964411658038232 ], [ -47.777992327397023, -15.964365188990771 ], [ -47.777607038080568, -15.964597033849399 ], [ -47.776792693279759, -15.964532253290781 ], [ -47.776563263601574, -15.964969476013044 ], [ -47.775925079469317, -15.964940656871283 ], [ -47.775445571305049, -15.965351404566485 ], [ -47.774905559502066, -15.96542326778493 ], [ -47.774879769884471, -15.965724102573722 ], [ -47.774195277300812, -15.965471875735629 ], [ -47.773921560803018, -15.965671218145143 ], [ -47.773536668133993, -15.965407800689889 ], [ -47.773140753093138, -15.965784759230209 ], [ -47.772932948350601, -15.965574608259713 ], [ -47.772563657672528, -15.965896980198703 ], [ -47.771931595938803, -15.9660247185065 ], [ -47.771634497262589, -15.966327715991959 ], [ -47.771564741170714, -15.966711487547071 ], [ -47.770767146067492, -15.966642072793798 ], [ -47.770335926116438, -15.967354697287726 ], [ -47.769907693306628, -15.967530292943339 ], [ -47.769395719423692, -15.967432116344927 ], [ -47.768931277126377, -15.968082548161565 ], [ -47.768148103171292, -15.968606332346246 ], [ -47.766667484799108, -15.968905969112678 ], [ -47.766229622259637, -15.96933872417164 ], [ -47.76598136217013, -15.969157408843387 ], [ -47.76575763332162, -15.969340116952079 ], [ -47.764982681826105, -15.969168294770393 ], [ -47.764259601047584, -15.969396590853103 ], [ -47.763865708274764, -15.969710974234401 ], [ -47.763563013982903, -15.970362959766673 ], [ -47.761771908699977, -15.971789004233559 ], [ -47.761654338481073, -15.972360969351477 ], [ -47.760664430615499, -15.972330952258833 ], [ -47.759676679503492, -15.97312224274215 ], [ -47.760229154110668, -15.973165711666983 ], [ -47.761062493736162, -15.973646073364931 ], [ -47.761907339740667, -15.974851218248627 ], [ -47.762966027147925, -15.97545763472678 ], [ -47.764368882629036, -15.977499564559929 ], [ -47.764681036956588, -15.97844242727454 ], [ -47.765159401512278, -15.979167477797427 ], [ -47.765767834704903, -15.979391705818694 ], [ -47.767679951638307, -15.979635296714767 ], [ -47.768731206820789, -15.981134349675386 ], [ -47.769400086584795, -15.981483547912768 ], [ -47.769911462860371, -15.98148343359945 ], [ -47.771917922846363, -15.98294774279687 ], [ -47.773120195251401, -15.983464694321743 ], [ -47.775025354475481, -15.983020707933141 ], [ -47.776256604569689, -15.983962407113372 ], [ -47.778550923587986, -15.984931690777826 ], [ -47.778253219600892, -15.985562257374433 ], [ -47.778316915513216, -15.986250341631465 ], [ -47.779321286159309, -15.987861940971744 ], [ -47.779695460411894, -15.989004667087103 ], [ -47.77949902580265, -15.989621138835121 ], [ -47.769400080504454, -16.00075877059049 ], [ -47.76769792974369, -16.004376883718489 ], [ -47.766365945047824, -16.005877836275108 ], [ -47.766010561312207, -16.006708618777019 ], [ -47.763626640390939, -16.008389816599173 ], [ -47.762585328635936, -16.009372985116688 ], [ -47.762742959904593, -16.011442892769519 ], [ -47.762442803554507, -16.014134031452819 ], [ -47.764227061705945, -16.017632566459763 ], [ -47.764569413146816, -16.019286604962314 ], [ -47.764362921898268, -16.02031744346041 ], [ -47.763609652913594, -16.02163673447534 ], [ -47.762004161811184, -16.022874840203379 ], [ -47.760728161910713, -16.024813382158399 ], [ -47.759720183145085, -16.027490262494268 ], [ -47.759521313649216, -16.0282522781085 ], [ -47.759844248703509, -16.029356539385695 ], [ -47.760711194750563, -16.030560397858714 ], [ -47.733993889671261, -16.031868114092298 ], [ -47.733474585682842, -16.03161555672428 ], [ -47.732736802287747, -16.030733035473901 ], [ -47.731726501324538, -16.030157623804897 ], [ -47.731310961592385, -16.030755215087456 ], [ -47.730427475527861, -16.03100815799651 ], [ -47.727441081157984, -16.035635518337919 ], [ -47.727638850834964, -16.040462385436282 ], [ -47.726787762596857, -16.040720863770897 ], [ -47.7265882408742, -16.041020544204148 ], [ -47.724884261556419, -16.041967967646286 ], [ -47.724764527958783, -16.042249472829816 ], [ -47.724398496244696, -16.042387275371166 ], [ -47.722575649584819, -16.043938766578087 ], [ -47.721961391097196, -16.046180476179352 ], [ -47.72125986320107, -16.049867764019009 ], [ -47.888224869661791, -16.049874006034649 ], [ -47.887646894749672, -16.049127370266625 ], [ -47.886750653909409, -16.048551014116185 ], [ -47.885253119958527, -16.047201092251768 ], [ -47.884220700768758, -16.046703582396802 ], [ -47.882621284577709, -16.046744152099215 ], [ -47.881592454277431, -16.046064484550254 ], [ -47.8809708801111, -16.045184801751198 ], [ -47.88073601138418, -16.044100770392294 ], [ -47.879110376051344, -16.042913678373289 ], [ -47.879242771682321, -16.042209541512509 ], [ -47.8789022919402, -16.04163499220622 ], [ -47.877231958601129, -16.040648734711393 ], [ -47.876473527827862, -16.040384737509491 ], [ -47.875743000771635, -16.039300685141658 ], [ -47.873898480919301, -16.038863559742037 ], [ -47.873026922367892, -16.039357440166274 ], [ -47.872671633124178, -16.039099838256202 ], [ -47.872589324000387, -16.038555402356902 ], [ -47.871524335949324, -16.038143197854282 ], [ -47.87113475256934, -16.038350386562961 ], [ -47.870531429180829, -16.037915482597857 ], [ -47.870186848274876, -16.038092958990031 ], [ -47.869883391784008, -16.037921476646595 ], [ -47.86930177754293, -16.037974048301663 ], [ -47.868861594144718, -16.037619531967195 ], [ -47.868704462946177, -16.037699993436412 ], [ -47.868495932184004, -16.037419662224266 ], [ -47.868679188677802, -16.036810258898015 ], [ -47.869150373479798, -16.036398299787855 ], [ -47.869157020863945, -16.035919563035169 ], [ -47.869579146852551, -16.034986711306434 ], [ -47.870697991551694, -16.034400655709693 ], [ -47.870941755936457, -16.033204584228329 ], [ -47.871491873817916, -16.03283030800468 ], [ -47.871770153616104, -16.031932451802955 ], [ -47.872582126020156, -16.031665255818321 ], [ -47.872614485317037, -16.030712852379356 ], [ -47.873138280932245, -16.029840684757929 ], [ -47.873536289760864, -16.028645930388507 ], [ -47.874877517730113, -16.027247917599201 ], [ -47.874913332070641, -16.024926104092621 ], [ -47.875802224404005, -16.022665263795282 ], [ -47.876717002686583, -16.021643117035023 ], [ -47.877143552330068, -16.0207766601816 ], [ -47.87691846150836, -16.020183121568355 ], [ -47.87713472145618, -16.019624139027172 ], [ -47.87689709604161, -16.018108350897801 ], [ -47.875723420926498, -16.016692623623399 ], [ -47.874983535248752, -16.015342545282575 ], [ -47.87452196099224, -16.015016816213219 ], [ -47.873940919575524, -16.015035465292002 ], [ -47.872017309015348, -16.013884422277513 ], [ -47.871544989688246, -16.013865422951412 ], [ -47.870539061475505, -16.0127649415987 ], [ -47.871531248311769, -16.012399333303282 ], [ -47.872440001741658, -16.010893108880538 ], [ -47.873234308363969, -16.011008612374013 ], [ -47.873847420856187, -16.010765631200332 ], [ -47.875545505502451, -16.007723388868694 ], [ -47.876155877724784, -16.005220626016708 ], [ -47.877778764114069, -16.002044452577245 ], [ -47.878426277236571, -16.000147343720016 ], [ -47.878389089323406, -15.998455787134848 ], [ -47.877926992282461, -15.996818740079968 ], [ -47.878013064866778, -15.995152820470338 ], [ -47.878340003727217, -15.993887197512043 ], [ -47.878955742303859, -15.992880196104254 ], [ -47.879119365537072, -15.992235511193874 ], [ -47.880432910717367, -15.990287827201737 ], [ -47.880359179309963, -15.988504174141884 ], [ -47.880870689503581, -15.987435310911925 ], [ -47.880959870454525, -15.986446611889718 ], [ -47.881651733576213, -15.98471934175285 ], [ -47.882188757413147, -15.984102841545173 ], [ -47.882357584225652, -15.983434566272932 ], [ -47.883010113388629, -15.982683313579193 ], [ -47.884046994941848, -15.980528166275095 ], [ -47.884589214943404, -15.978842996602436 ], [ -47.884728332823208, -15.977835296506759 ], [ -47.885442193417923, -15.97710516171847 ], [ -47.887547664957182, -15.976654892708721 ], [ -47.887947929515349, -15.975473795109529 ], [ -47.888578812375457, -15.974950714170296 ], [ -47.888798288218169, -15.974517848493605 ], [ -47.889415176093465, -15.972795993148836 ], [ -47.889341281982858, -15.972080747804121 ], [ -47.890052138690997, -15.97174091486151 ], [ -47.890157909552151, -15.971082905549144 ], [ -47.891505505695065, -15.971272560682893 ], [ -47.892388103144654, -15.969338810396893 ], [ -47.887466888608579, -15.96753678307943 ], [ -47.887460468254787, -15.963978939918313 ], [ -47.88730190412619, -15.963096021144247 ], [ -47.887390016436356, -15.960836237360121 ], [ -47.887713919860168, -15.958809813997664 ], [ -47.887252596439588, -15.957468855744509 ], [ -47.888331814556729, -15.955172671054946 ], [ -47.888813523183202, -15.953149998015229 ], [ -47.889735045825759, -15.951573617767325 ], [ -47.890139099676261, -15.951460237647719 ], [ -47.890798155665294, -15.950888311532552 ], [ -47.890976549631887, -15.950365133053845 ], [ -47.892064508023779, -15.94892633977547 ], [ -47.893005121370933, -15.948754754248881 ], [ -47.893304248487034, -15.948296661077567 ], [ -47.893719233075217, -15.948046465793846 ], [ -47.893922098316366, -15.947560118396808 ], [ -47.894621785947372, -15.947326176095645 ], [ -47.895879335003812, -15.946298925125303 ], [ -47.896085855569083, -15.945891539767217 ], [ -47.896026702238466, -15.945391393053836 ], [ -47.896500136093486, -15.94514636260292 ], [ -47.896729258058123, -15.944534138389187 ], [ -47.896301089413775, -15.943169762869994 ], [ -47.896305709761847, -15.942431966625856 ], [ -47.896566510357864, -15.942229918797864 ], [ -47.896569937739073, -15.941899829107202 ], [ -47.897300641392668, -15.940883186487781 ], [ -47.897704221992441, -15.939880165430687 ], [ -47.898267307570222, -15.937697674805486 ], [ -47.89811819899036, -15.93721151795574 ], [ -47.898739095705331, -15.935227881789148 ], [ -47.899408559744096, -15.934787253902734 ], [ -47.89967255931743, -15.934203987935732 ], [ -47.900523491571541, -15.934036970183598 ], [ -47.900648011639639, -15.933305944270908 ], [ -47.900963998226871, -15.93320453502788 ], [ -47.90105234061005, -15.932856526234668 ], [ -47.901863432616537, -15.932224209062733 ], [ -47.902707390169589, -15.930826227736265 ], [ -47.902736875893922, -15.930235484454029 ], [ -47.903433669347272, -15.92955811773775 ], [ -47.904192036501094, -15.928302469913884 ], [ -47.904397151109166, -15.927044941515145 ], [ -47.905575901760045, -15.925520188942304 ], [ -47.905724573369064, -15.924941229004347 ], [ -47.906160230070789, -15.924278753884888 ], [ -47.906325172261532, -15.92381273891017 ], [ -47.906290259626132, -15.923006007131226 ], [ -47.906825966765822, -15.922283645420448 ], [ -47.906912884082558, -15.921776088685172 ], [ -47.906579306636289, -15.919068513440994 ], [ -47.906685039533478, -15.918397329168755 ], [ -47.906400114659284, -15.917583805684862 ], [ -47.906011567363379, -15.917346349260409 ], [ -47.90584504436309, -15.916746437926259 ], [ -47.906087653393541, -15.916273254827209 ], [ -47.906124991958031, -15.915309672845925 ], [ -47.906913304600998, -15.91518144589897 ], [ -47.907036811584355, -15.914519389645362 ], [ -47.907658175436161, -15.913815465090567 ], [ -47.907888676558571, -15.912583068874657 ], [ -47.906514778719675, -15.91246526329188 ], [ -47.906450317375132, -15.912174157114638 ], [ -47.905817523087535, -15.911780696871498 ], [ -47.905371100561482, -15.91180727343159 ], [ -47.905296601371738, -15.911590203245966 ], [ -47.9049756463289, -15.911872792582338 ], [ -47.904770636502647, -15.911829392807341 ], [ -47.90470409635774, -15.912039212145082 ], [ -47.904271333477219, -15.91210735993084 ], [ -47.904010551733855, -15.911912753844238 ], [ -47.903515039857417, -15.911950179170541 ], [ -47.903003936790384, -15.911398818160043 ], [ -47.902615032084064, -15.911521959196975 ], [ -47.90259081123461, -15.911801104619407 ], [ -47.901896385748273, -15.911618565755484 ], [ -47.901716458466503, -15.911243543599214 ], [ -47.900981524138309, -15.91141993174495 ], [ -47.900863928664542, -15.911760509685609 ], [ -47.899980140974812, -15.911764158609992 ], [ -47.899708868453239, -15.911951692182612 ], [ -47.898479158389719, -15.912126546374108 ], [ -47.897004165512897, -15.911654872918422 ], [ -47.896313019793034, -15.911764049193234 ], [ -47.896068056298688, -15.911348779099745 ], [ -47.895298329204941, -15.911350403573431 ], [ -47.894941033641551, -15.911563064909746 ], [ -47.894800564779146, -15.911445611552097 ], [ -47.894607774861811, -15.911712377723489 ], [ -47.893083298460894, -15.911731256409629 ], [ -47.890744215006308, -15.911463729118429 ], [ -47.889759027437918, -15.91110689733407 ], [ -47.889267174136428, -15.911368763821146 ], [ -47.88848329705587, -15.911321617114695 ], [ -47.887988996519553, -15.911749426949811 ], [ -47.887021948813278, -15.912087121277464 ], [ -47.886100790151943, -15.912887781458748 ], [ -47.884662812214572, -15.913434169924662 ], [ -47.88329858416455, -15.913740774721642 ], [ -47.88232998588321, -15.913515329300703 ], [ -47.893668911813734, -15.900669081318727 ], [ -47.88010075913391, -15.884940959519003 ], [ -47.856078218416577, -15.873173779607145 ], [ -47.856981519014724, -15.871238264502875 ], [ -47.851155721007729, -15.868691651046145 ], [ -47.853148690817854, -15.864488566576721 ], [ -47.853930424751837, -15.864148627776606 ], [ -47.855216100289176, -15.860483173051735 ], [ -47.856258133452677, -15.858794186478486 ], [ -47.855608311605145, -15.858540864617781 ], [ -47.853565784119134, -15.85662615162078 ], [ -47.850631899525183, -15.85715247860354 ], [ -47.842915704441765, -15.861606904615565 ], [ -47.845054081755436, -15.862811532816616 ], [ -47.843012144307004, -15.866206935032842 ], [ -47.830739967703451, -15.859290877311727 ], [ -47.820473105805767, -15.864016792067989 ], [ -47.819840999630543, -15.86292683892948 ], [ -47.816510471128211, -15.852053900816227 ], [ -47.815644513907905, -15.8501116866376 ], [ -47.813941854896932, -15.847464051309014 ], [ -47.812395866851979, -15.845775454111779 ], [ -47.80310928604969, -15.833825106431208 ], [ -47.797861865677881, -15.827013816361911 ], [ -47.795673526753411, -15.823860700821394 ], [ -47.794172363076662, -15.821150772745963 ], [ -47.792883721251016, -15.818145997750605 ], [ -47.788396202357191, -15.809622814672855 ], [ -47.786565452259318, -15.805573746862565 ], [ -47.785855310667216, -15.802230998191243 ], [ -47.783917714555322, -15.797855797369898 ], [ -47.781362649652031, -15.799029751529732 ], [ -47.778138538829985, -15.799224778858182 ], [ -47.777067254212405, -15.799533205517747 ], [ -47.776295900159162, -15.799319442127558 ], [ -47.776046045948071, -15.798683866378655 ], [ -47.776070107801324, -15.79823643535374 ], [ -47.776525392663693, -15.797764149342965 ], [ -47.776349908719297, -15.796991049808017 ], [ -47.77650142012827, -15.796200488589253 ], [ -47.775813854974615, -15.795780296101151 ], [ -47.775389330676433, -15.795729203476162 ], [ -47.774638292280827, -15.795947193701148 ], [ -47.774159773764374, -15.796364273135081 ] ] ] } },
{ "type": "Feature", "properties": { "ra_cira": 28, "ra_nome": "Itapoã", "ra_codigo": "RA-XXVIII", "regiao_saude": "Leste" }, "geometry": { "type": "Polygon", "coordinates": [ [ [ -47.761848139010326, -15.713311241640685 ], [ -47.761665585733702, -15.71417310301174 ], [ -47.760386121586578, -15.714873818689608 ], [ -47.759561314628428, -15.714996410113512 ], [ -47.759157689445715, -15.715782803782384 ], [ -47.758584375688365, -15.716217919578513 ], [ -47.757466520108949, -15.71759480590541 ], [ -47.757056303518041, -15.71771071083128 ], [ -47.756464107249158, -15.717499141110164 ], [ -47.756182099860787, -15.717940281504482 ], [ -47.755816047587231, -15.718098278427249 ], [ -47.754270801412389, -15.718070451400484 ], [ -47.753106738632695, -15.719004652711524 ], [ -47.752076720681252, -15.719470884696763 ], [ -47.751876840534827, -15.719852112101034 ], [ -47.751143225282505, -15.720195155518969 ], [ -47.75101392165238, -15.72095288273157 ], [ -47.750076209307935, -15.721832078348235 ], [ -47.748084770021059, -15.722955990592894 ], [ -47.747968844592819, -15.723185224626141 ], [ -47.748147454944174, -15.723531554189139 ], [ -47.747940646147441, -15.723843198893176 ], [ -47.74750652160558, -15.724001883833488 ], [ -47.7456136421793, -15.72401058409673 ], [ -47.744407269960334, -15.724509453595697 ], [ -47.74439617027037, -15.725319666889057 ], [ -47.743732132912932, -15.725654840002584 ], [ -47.743503023492295, -15.726690991473676 ], [ -47.743069838321418, -15.72697267938433 ], [ -47.742580353055025, -15.727652819266343 ], [ -47.741820100534042, -15.727487337120337 ], [ -47.740668474809453, -15.72792025088661 ], [ -47.738217507377087, -15.727701000988638 ], [ -47.73754350287841, -15.728017281858575 ], [ -47.736857699334664, -15.727882071986576 ], [ -47.735396673637652, -15.726742373093813 ], [ -47.734346164943013, -15.726809663384769 ], [ -47.733197292550408, -15.72624917753361 ], [ -47.732870754630198, -15.726598576663314 ], [ -47.732512983557349, -15.726413371020909 ], [ -47.731875215298857, -15.72679027577913 ], [ -47.731178824882214, -15.726771223896128 ], [ -47.730768628093386, -15.726948214774437 ], [ -47.729244411122615, -15.728348631942042 ], [ -47.728673369959402, -15.727811252725603 ], [ -47.727702793657528, -15.727873769891456 ], [ -47.726148693111078, -15.727056868399742 ], [ -47.725521051541286, -15.727189113140424 ], [ -47.725406937430712, -15.726807724949925 ], [ -47.725007497564356, -15.726880611829333 ], [ -47.72380978288934, -15.726598863626613 ], [ -47.722910899924237, -15.726856635610918 ], [ -47.721124428579607, -15.726530412063669 ], [ -47.71950935266387, -15.725307911373454 ], [ -47.71867802355036, -15.725594087721403 ], [ -47.718345002720312, -15.726550014585751 ], [ -47.717968495213384, -15.727027186298418 ], [ -47.716700019267918, -15.727082441968768 ], [ -47.715909293282927, -15.727336494465963 ], [ -47.715385435780135, -15.727717064363668 ], [ -47.71463688725666, -15.727630965472221 ], [ -47.714470497668508, -15.72805396252002 ], [ -47.714091677852053, -15.72797592367866 ], [ -47.713338543598027, -15.728327999456738 ], [ -47.712808662127408, -15.728140239398796 ], [ -47.712449682094793, -15.727772152856543 ], [ -47.711073272209305, -15.727466037555745 ], [ -47.710213647035268, -15.72660061599367 ], [ -47.709905816909419, -15.726683655272382 ], [ -47.709278213798115, -15.727566947400101 ], [ -47.708545248258716, -15.727401332805769 ], [ -47.70824850926477, -15.727092390243678 ], [ -47.707673500122084, -15.726934936380509 ], [ -47.705076585597261, -15.727087955050417 ], [ -47.704277987441024, -15.726817967285834 ], [ -47.703870657033029, -15.726266404984516 ], [ -47.703149120958599, -15.726531239762167 ], [ -47.703025557531539, -15.727296217526145 ], [ -47.702587343786682, -15.727675179991476 ], [ -47.702809342918989, -15.728016987708827 ], [ -47.702647899541653, -15.728327701658859 ], [ -47.701792961395803, -15.728399441105633 ], [ -47.701047078397075, -15.728316785302122 ], [ -47.700894037994075, -15.727373206908958 ], [ -47.700007307992387, -15.727558046801702 ], [ -47.698748775849658, -15.727096178163144 ], [ -47.698365457783183, -15.727366497572227 ], [ -47.69753690546743, -15.727032268269646 ], [ -47.696267589768318, -15.726885666183779 ], [ -47.695247457237194, -15.726178755307572 ], [ -47.694636268765336, -15.726212046561846 ], [ -47.694059783308226, -15.725887510645515 ], [ -47.693500937185917, -15.726055788316588 ], [ -47.693000481187582, -15.725847974605143 ], [ -47.692325772334883, -15.726191755127894 ], [ -47.691789093285038, -15.726130003485354 ], [ -47.691445697598624, -15.726511540371753 ], [ -47.690642522048989, -15.726316405819651 ], [ -47.690389465168586, -15.726621978814189 ], [ -47.689475754496577, -15.726946247915524 ], [ -47.689281857298447, -15.727450009469047 ], [ -47.688702901849886, -15.727819581951014 ], [ -47.688435558040602, -15.728598742161116 ], [ -47.687942117918702, -15.728687231398938 ], [ -47.687524086832809, -15.729370533885922 ], [ -47.686934400422764, -15.729418375232896 ], [ -47.686666138147565, -15.729763096143225 ], [ -47.68513285111554, -15.730413741054349 ], [ -47.684887730963581, -15.731102871568964 ], [ -47.683999997239894, -15.731034712021826 ], [ -47.683517455797194, -15.731166627306019 ], [ -47.68307121454793, -15.731525739686298 ], [ -47.682931779643525, -15.732148757513476 ], [ -47.682498195153507, -15.732276422241645 ], [ -47.681776245159263, -15.732116194647856 ], [ -47.681504181810411, -15.732822241229877 ], [ -47.680519740366137, -15.733787200749708 ], [ -47.679919234175173, -15.733996503860945 ], [ -47.678890224587043, -15.733905450064171 ], [ -47.678618715364586, -15.733622347993553 ], [ -47.67855041473306, -15.733084189865204 ], [ -47.678277798337689, -15.732676042410793 ], [ -47.677898337968479, -15.732623297262917 ], [ -47.677037413101125, -15.731895382059507 ], [ -47.676856951642947, -15.732458508856014 ], [ -47.676540797685455, -15.732406839112883 ], [ -47.676284723723334, -15.732614465675978 ], [ -47.6758555879995, -15.732300250111873 ], [ -47.675435928117864, -15.732727464095829 ], [ -47.675100073003037, -15.732767352948997 ], [ -47.674527606420085, -15.733198991257462 ], [ -47.674736881655939, -15.733473813595124 ], [ -47.675582501236519, -15.733904444111559 ], [ -47.675784226253931, -15.734244292772585 ], [ -47.677518991926156, -15.734122154952221 ], [ -47.679458923171914, -15.73539090725377 ], [ -47.68043519571922, -15.735737988613117 ], [ -47.687691061792805, -15.735896502507831 ], [ -47.68961140434444, -15.736269471247208 ], [ -47.699278016796434, -15.741002271511231 ], [ -47.704606894681461, -15.743798821312987 ], [ -47.729435977289953, -15.76130196535274 ], [ -47.731055791801076, -15.76222873737326 ], [ -47.73303797562189, -15.76292426207038 ], [ -47.735992446618027, -15.763085289134668 ], [ -47.738826858241012, -15.762351656184045 ], [ -47.754097551967341, -15.753086124932171 ], [ -47.756229308114065, -15.75225657264242 ], [ -47.757827497086815, -15.751960849464913 ], [ -47.760204010833668, -15.752072627353867 ], [ -47.762252901719968, -15.752629385625612 ], [ -47.783933187979457, -15.76047672611139 ], [ -47.78396489993397, -15.760032108330012 ], [ -47.784207942205946, -15.759760171946066 ], [ -47.784928583931141, -15.759679265434329 ], [ -47.785172362603966, -15.758105000129225 ], [ -47.785880826511317, -15.758036194880296 ], [ -47.78640667758448, -15.757694923520468 ], [ -47.785500178893052, -15.755908370087813 ], [ -47.784686547330018, -15.755954621934945 ], [ -47.785216930242314, -15.752327629481551 ], [ -47.787010032011167, -15.752185208032174 ], [ -47.786293967381674, -15.749434412313322 ], [ -47.791512428807167, -15.748074080171646 ], [ -47.790911826333257, -15.745713246052349 ], [ -47.783987772104339, -15.743202386088257 ], [ -47.790073961412602, -15.727506987945418 ], [ -47.781619395481449, -15.724436258957303 ], [ -47.781353986460608, -15.723967392340647 ], [ -47.778604896670238, -15.724437445551684 ], [ -47.776668330940716, -15.724514777448595 ], [ -47.774128288006352, -15.724080717412113 ], [ -47.77281455782046, -15.723596257960592 ], [ -47.771141254787352, -15.722654746038037 ], [ -47.769871365980684, -15.721638308790439 ], [ -47.761848139010326, -15.713311241640685 ] ] ] } },
{ "type": "Feature", "properties": { "ra_cira": 29, "ra_nome": "SIA", "ra_codigo": "RA-XXIX", "regiao_saude": "Centro-Sul" }, "geometry": { "type": "Polygon", "coordinates": [ [ [ -47.91701050427119, -15.74019187003641 ], [ -47.936266835932159, -15.771248058614734 ], [ -47.937042089319569, -15.772996117093829 ], [ -47.938556252611804, -15.777391086830466 ], [ -47.947358092427145, -15.803773840623101 ], [ -47.948400442613107, -15.810152657054283 ], [ -47.96682138024017, -15.807355213017424 ], [ -47.968923210714053, -15.807355957380967 ], [ -47.970504023093994, -15.808074634210792 ], [ -47.970700989157514, -15.807547231982163 ], [ -47.97028727749283, -15.804943175514696 ], [ -47.9718186285589, -15.804714522983419 ], [ -47.971826879838851, -15.803752697910703 ], [ -47.979605355868308, -15.802539892498128 ], [ -47.980340407223785, -15.801116593541542 ], [ -47.981357195642644, -15.800931062532845 ], [ -47.982029908074573, -15.79963052166706 ], [ -47.986004402753252, -15.801675394257218 ], [ -47.988510049900583, -15.803731375401634 ], [ -47.99038259479449, -15.80439187194591 ], [ -47.991192524174885, -15.805450771064907 ], [ -47.9912986079608, -15.806181163868631 ], [ -47.992109367608919, -15.806079396585947 ], [ -47.989764661382431, -15.787269504137372 ], [ -47.986427676143919, -15.788133208251583 ], [ -47.981871291616542, -15.78974302132252 ], [ -47.978255986516864, -15.791402946313214 ], [ -47.971957986625931, -15.794860104893994 ], [ -47.970322664922769, -15.795494358134318 ], [ -47.967957028032828, -15.794511006756048 ], [ -47.966098130703969, -15.79429903600249 ], [ -47.966090812999767, -15.793796636984979 ], [ -47.968802206045424, -15.790763642732777 ], [ -47.976454417553072, -15.782526608093336 ], [ -47.977340928484146, -15.782086565589594 ], [ -47.97122698787846, -15.776644505106125 ], [ -47.975644982642933, -15.772014449775142 ], [ -47.975828285851513, -15.766043393040398 ], [ -47.976295542920298, -15.764194850806103 ], [ -47.976091816790117, -15.763215611761925 ], [ -47.972751571103885, -15.755836201857838 ], [ -47.969571754438711, -15.752619698169497 ], [ -47.963316447343701, -15.748858036460724 ], [ -47.948996997829681, -15.747752041265676 ], [ -47.942341633470825, -15.747905268657869 ], [ -47.927937381514745, -15.74023382514541 ], [ -47.921121919981267, -15.744181347749715 ], [ -47.921155525963243, -15.742618612466543 ], [ -47.91950455667061, -15.739967696942795 ], [ -47.91733205773221, -15.740005884247127 ], [ -47.91701050427119, -15.74019187003641 ] ] ] } },
{ "type": "Feature", "properties": { "ra_cira": 30, "ra_nome": "Vicente Pires", "ra_codigo": "RA-XXX", "regiao_saude": "Sudoeste" }, "geometry": { "type": "Polygon", "coordinates": [ [ [ -47.995924394717861, -15.811264037765167 ], [ -48.01505657570803, -15.81823396210963 ], [ -48.017650435619103, -15.819366112656132 ], [ -48.033548663880296, -15.828879681893669 ], [ -48.03549006283837, -15.829721885195012 ], [ -48.03710279707127, -15.83009136436101 ], [ -48.050334853764909, -15.831856716460408 ], [ -48.051193645239842, -15.830240823507445 ], [ -48.052611903316361, -15.829237510752293 ], [ -48.053080427953937, -15.828687636169631 ], [ -48.053945023453743, -15.826995204465055 ], [ -48.051488587837895, -15.825834182695706 ], [ -48.052354333280306, -15.823488704246538 ], [ -48.053873318954331, -15.81734052141395 ], [ -48.054277625571011, -15.814215675138135 ], [ -48.05485990510504, -15.814218203148789 ], [ -48.054815091018362, -15.811830919981164 ], [ -48.056305365822865, -15.808102332659386 ], [ -48.054314364828784, -15.807071568975463 ], [ -48.056339542149104, -15.805730993239152 ], [ -48.056385427105667, -15.804824093618919 ], [ -48.056222261955213, -15.80422552578213 ], [ -48.055559184676106, -15.803324045311493 ], [ -48.055810311626828, -15.803133138151413 ], [ -48.055242316709133, -15.802247453699104 ], [ -48.054351226886958, -15.798936194842724 ], [ -48.053584232381759, -15.797538975426352 ], [ -48.052295194010576, -15.792848257190624 ], [ -48.051519067228412, -15.792231711763513 ], [ -48.051549056891822, -15.791860185037278 ], [ -48.05345796891735, -15.792248329509336 ], [ -48.046808418034665, -15.77669030882384 ], [ -48.046004451498426, -15.774352352622312 ], [ -48.045287091866641, -15.771323714794667 ], [ -48.044874812045087, -15.767468374652013 ], [ -48.045028987956037, -15.762928281748692 ], [ -48.045983808514009, -15.758137318645423 ], [ -48.047619684014499, -15.753706058009262 ], [ -48.017187413095719, -15.751558820404059 ], [ -48.006909582575808, -15.753904303629453 ], [ -48.004728357834807, -15.754753508605715 ], [ -48.005112025148321, -15.758300356847197 ], [ -48.005443988906848, -15.759027994876361 ], [ -48.006159925406259, -15.759186618367089 ], [ -48.00682213614224, -15.760918027702076 ], [ -48.006576670581211, -15.761563456457601 ], [ -48.007147533038037, -15.762399355580149 ], [ -48.007269686455224, -15.763257002218243 ], [ -48.007104173681661, -15.763912725988883 ], [ -48.007293712509231, -15.764774471606296 ], [ -48.006559716057907, -15.766163675940522 ], [ -48.006792515902283, -15.769054588208206 ], [ -48.006197054997656, -15.770079546437438 ], [ -48.006134630448528, -15.770617949255312 ], [ -48.006339157207179, -15.772804112339008 ], [ -48.006790462886777, -15.773638224735985 ], [ -48.006474376001712, -15.774626053297855 ], [ -48.006749048764121, -15.77518105055341 ], [ -48.00650413460302, -15.776229549746111 ], [ -48.00606901625531, -15.776318571806199 ], [ -48.006135028104651, -15.778338593676887 ], [ -48.005827204502417, -15.778385736682305 ], [ -48.005894681574674, -15.77955975525343 ], [ -48.005478973827195, -15.78062091398553 ], [ -48.004632265881384, -15.781758760511783 ], [ -48.004450020557329, -15.782640680719467 ], [ -48.004127081181558, -15.782972213406692 ], [ -48.003966917282732, -15.783767149156404 ], [ -48.004159283680984, -15.7845719823148 ], [ -48.003123053417717, -15.785547677923921 ], [ -48.003018567734507, -15.786245035185297 ], [ -47.999793243286881, -15.786148755923705 ], [ -47.996429075923317, -15.786287449126084 ], [ -47.993134160874369, -15.786652039433408 ], [ -47.989764661382431, -15.787269504137372 ], [ -47.990881548781282, -15.795666756906998 ], [ -47.991226022156511, -15.799517913518926 ], [ -47.992870199387205, -15.810977720086843 ], [ -47.994910615149251, -15.810952951628904 ], [ -47.995924394717861, -15.811264037765167 ] ] ] } },
{ "type": "Feature", "properties": { "ra_cira": 31, "ra_nome": "Fercal", "ra_codigo": "RA-XXXI", "regiao_saude": "Norte" }, "geometry": { "type": "Polygon", "coordinates": [ [ [ -47.77179698834248, -15.502756771659524 ], [ -47.771268945401253, -15.502941014304952 ], [ -47.77102737813874, -15.503325701961247 ], [ -47.771076892179906, -15.504813838492662 ], [ -47.770292870892476, -15.506923337372683 ], [ -47.77014604806574, -15.508585897460412 ], [ -47.770623417786766, -15.50903327191379 ], [ -47.771092247770319, -15.509126836052696 ], [ -47.771396001742239, -15.508925026560778 ], [ -47.770999511612686, -15.508294562744428 ], [ -47.771485501654787, -15.508470214082161 ], [ -47.771740652237781, -15.509082737442695 ], [ -47.771689621730502, -15.509745661281046 ], [ -47.771130887790115, -15.509946390462604 ], [ -47.770998596799799, -15.510396592826172 ], [ -47.771170111542261, -15.510574048210149 ], [ -47.772235409307548, -15.510793621576807 ], [ -47.772510650601717, -15.511143793147184 ], [ -47.772455654285373, -15.512164050198335 ], [ -47.771690021726037, -15.51305150695179 ], [ -47.771187236825178, -15.514175589494199 ], [ -47.773167998891786, -15.514677135747549 ], [ -47.773018869127391, -15.51391411329903 ], [ -47.773619545660203, -15.514486079258953 ], [ -47.774192777264972, -15.514736134227213 ], [ -47.774239207732521, -15.514924070644325 ], [ -47.77354503908591, -15.514796143571237 ], [ -47.772283127099314, -15.515031558428605 ], [ -47.771768945061915, -15.514703293811262 ], [ -47.771853530323028, -15.51519494288412 ], [ -47.772447438080157, -15.51550153491557 ], [ -47.772091220463011, -15.516059310728682 ], [ -47.77109902746691, -15.51595858149868 ], [ -47.770786104949231, -15.515656121272146 ], [ -47.770433573897776, -15.515959320220841 ], [ -47.770675427146337, -15.516566468632966 ], [ -47.770033880551111, -15.517135336272911 ], [ -47.769266144564639, -15.517436499318372 ], [ -47.768466884819055, -15.517215970200612 ], [ -47.768466594766267, -15.517661557784974 ], [ -47.768097105550282, -15.518206430427277 ], [ -47.768308866459542, -15.518666498686894 ], [ -47.768258267771778, -15.51896803656321 ], [ -47.767788790303356, -15.519167613747587 ], [ -47.767078081804478, -15.519065959785685 ], [ -47.766906630842335, -15.5192230738741 ], [ -47.767528820542701, -15.519498043424219 ], [ -47.767378990629091, -15.52010921636503 ], [ -47.768029414975011, -15.520695516065077 ], [ -47.767952893827164, -15.520872405538302 ], [ -47.765705760808721, -15.520337134416375 ], [ -47.765637416460343, -15.520727131960451 ], [ -47.766012674217386, -15.521544127556769 ], [ -47.765825573446698, -15.521676354476206 ], [ -47.764712032031063, -15.519729470553274 ], [ -47.764352488301569, -15.519549153739577 ], [ -47.764035616498973, -15.519692356037467 ], [ -47.76387159820657, -15.520395622777238 ], [ -47.763135759372418, -15.519885481811757 ], [ -47.762226561598283, -15.51993107273656 ], [ -47.762146058270417, -15.520963466487997 ], [ -47.761578671503912, -15.520455079715527 ], [ -47.761613261638395, -15.522943881870543 ], [ -47.761961071669305, -15.523517179094419 ], [ -47.762273814865054, -15.523640747847342 ], [ -47.761957871984613, -15.524362596276188 ], [ -47.762753904209411, -15.524804832460347 ], [ -47.763103770022163, -15.523984788873468 ], [ -47.763530467107209, -15.524265362292502 ], [ -47.764135293175521, -15.525185625374021 ], [ -47.764016101078901, -15.52541020711732 ], [ -47.763589380073775, -15.525429980427365 ], [ -47.764029325099415, -15.526087828835355 ], [ -47.763742165039879, -15.526560515149358 ], [ -47.764022252782596, -15.526739096433108 ], [ -47.763785248243295, -15.527337530092597 ], [ -47.765507606787871, -15.527596510063601 ], [ -47.768427755531931, -15.526630307595406 ], [ -47.76979740666836, -15.526574880338698 ], [ -47.770856858926081, -15.526915241602433 ], [ -47.773155872339551, -15.52853042003405 ], [ -47.774673763335237, -15.529237778803214 ], [ -47.775880454183159, -15.529528468237428 ], [ -47.777635446073788, -15.52953504756969 ], [ -47.780025011222349, -15.529074809386273 ], [ -47.780966823785803, -15.528728388857335 ], [ -47.791135201991672, -15.524462408154381 ], [ -47.792665646435665, -15.524347585083905 ], [ -47.801924753601767, -15.525580300339538 ], [ -47.803527314891788, -15.525619680351268 ], [ -47.805334323329177, -15.525286062198317 ], [ -47.81000042438454, -15.523687793289541 ], [ -47.811401517286818, -15.523411869892453 ], [ -47.813102002668387, -15.52340453183567 ], [ -47.815014730076257, -15.523781581916761 ], [ -47.830269670306436, -15.529851769306088 ], [ -47.831603875994745, -15.530092713853646 ], [ -47.834771272976717, -15.5302957546765 ], [ -47.835443279173887, -15.530774578683195 ], [ -47.835821541266007, -15.531400549781887 ], [ -47.835928016102876, -15.532187095917795 ], [ -47.836571526438533, -15.540593734400598 ], [ -47.836403037251429, -15.542689123715814 ], [ -47.8353671684606, -15.547682218773058 ], [ -47.835410876575153, -15.548713929489011 ], [ -47.835953235943379, -15.550159776178145 ], [ -47.841088925404094, -15.557173898701603 ], [ -47.840614640954122, -15.557837375696867 ], [ -47.840853366330599, -15.558856897985571 ], [ -47.840844388643873, -15.559888373542307 ], [ -47.840290104510288, -15.561312002875599 ], [ -47.839520368086944, -15.561592896195627 ], [ -47.839538562778976, -15.561978621094701 ], [ -47.838989692568894, -15.562178235954917 ], [ -47.839078443955735, -15.562666432219764 ], [ -47.838874025540946, -15.563457986691029 ], [ -47.839242175585724, -15.564912995214485 ], [ -47.83946648640584, -15.565118251860063 ], [ -47.839890730359727, -15.565138460212008 ], [ -47.840232395418916, -15.565703214040756 ], [ -47.840849821288863, -15.565618050113459 ], [ -47.841026619319621, -15.565965354760104 ], [ -47.840871211513182, -15.566594635370469 ], [ -47.841179676822257, -15.566815527319529 ], [ -47.840924615129993, -15.567059004791698 ], [ -47.840704826768778, -15.566986607602125 ], [ -47.840488991475901, -15.567145410251598 ], [ -47.840035281006983, -15.567791543085416 ], [ -47.839805901045217, -15.568927009965348 ], [ -47.839564957648626, -15.569020817948863 ], [ -47.839368968160976, -15.568800982466184 ], [ -47.839140760437608, -15.568930718878818 ], [ -47.839266022451909, -15.570947680281728 ], [ -47.839542520284041, -15.571569966299986 ], [ -47.83983108881062, -15.571535783097538 ], [ -47.839754395249983, -15.571355962026235 ], [ -47.839909522420569, -15.571311701817972 ], [ -47.840276771732881, -15.571773136233331 ], [ -47.840901726359611, -15.571809230689917 ], [ -47.841555208147533, -15.572123235648574 ], [ -47.84161993017085, -15.572511459715036 ], [ -47.842876686973405, -15.572495210504316 ], [ -47.843025271575186, -15.573074429649987 ], [ -47.843537188479836, -15.573004844385625 ], [ -47.843559859347394, -15.573203791729805 ], [ -47.843826370891676, -15.573304337921511 ], [ -47.84374717499221, -15.573571584451056 ], [ -47.843904973210165, -15.573820022309942 ], [ -47.843737560823548, -15.574599738104382 ], [ -47.842552637427801, -15.576883902722493 ], [ -47.84350195800797, -15.578634816452251 ], [ -47.842947478176583, -15.579887309237158 ], [ -47.843186554868865, -15.580620039512212 ], [ -47.84304829995299, -15.581113737078496 ], [ -47.843468612680979, -15.58117510040794 ], [ -47.843929648384666, -15.581649518546753 ], [ -47.84382363017162, -15.582549178531981 ], [ -47.843600537792774, -15.582907677053313 ], [ -47.844074967254997, -15.58324963604878 ], [ -47.844226493579477, -15.583657638395447 ], [ -47.843938322136871, -15.584345052604965 ], [ -47.844023293883204, -15.586427680701346 ], [ -47.84375888666564, -15.587429884240519 ], [ -47.842357910070646, -15.588409917941497 ], [ -47.840968722819078, -15.588604027835007 ], [ -47.840946912657337, -15.589014419407102 ], [ -47.842283344935531, -15.589403283650009 ], [ -47.843038308459171, -15.590126840926928 ], [ -47.84191197892374, -15.590978624630921 ], [ -47.840883646834676, -15.59131410589818 ], [ -47.836994956275419, -15.593203043960695 ], [ -47.836686099486748, -15.593672796124089 ], [ -47.836155532026332, -15.595870180005628 ], [ -47.835820307665792, -15.598346056679064 ], [ -47.837178136931406, -15.598326188298216 ], [ -47.837711296422086, -15.598725035467583 ], [ -47.838698362507728, -15.598486502243125 ], [ -47.839770842364985, -15.598518262340152 ], [ -47.840534054057471, -15.59876283093706 ], [ -47.841059776355223, -15.59847942341132 ], [ -47.841748909957651, -15.597150728254627 ], [ -47.842258347987929, -15.596791106685497 ], [ -47.842844679151689, -15.59601416960502 ], [ -47.842936119146827, -15.595596350700641 ], [ -47.843358028684221, -15.59541294897136 ], [ -47.843934126278462, -15.595709161741642 ], [ -47.844416266000955, -15.595435088624662 ], [ -47.844833051973303, -15.596205014145314 ], [ -47.845956641593709, -15.59662961684999 ], [ -47.846438144260333, -15.596641237872051 ], [ -47.846692873603637, -15.596229473297043 ], [ -47.847276949226696, -15.595988320415529 ], [ -47.848141499885728, -15.596213886132087 ], [ -47.849197554519513, -15.597069785351417 ], [ -47.849948100705625, -15.596515588202907 ], [ -47.850550457908795, -15.596762791236278 ], [ -47.851264408469042, -15.59650568106974 ], [ -47.851735505008811, -15.596955085531498 ], [ -47.852525133373902, -15.597264260437067 ], [ -47.852651618576147, -15.597609720201229 ], [ -47.853279049624298, -15.597395892179859 ], [ -47.853508044819705, -15.597589389250221 ], [ -47.853928654773561, -15.59752705838158 ], [ -47.854573095115853, -15.597927637269089 ], [ -47.855141182374432, -15.597667389601474 ], [ -47.855999394781058, -15.598110223277061 ], [ -47.856482278596545, -15.597527653829626 ], [ -47.857098523779811, -15.598386430206999 ], [ -47.857112887051812, -15.598845133655244 ], [ -47.857876302607217, -15.599133153736817 ], [ -47.857970846790906, -15.598901747152581 ], [ -47.857674186308863, -15.598674195643913 ], [ -47.857821246960022, -15.598535516918433 ], [ -47.858728832456876, -15.599010720828163 ], [ -47.858442561143455, -15.599386660467919 ], [ -47.858592715902681, -15.600194311832796 ], [ -47.858156966622985, -15.600557077849825 ], [ -47.857812237900049, -15.601407706294211 ], [ -47.859072549026408, -15.602520733411275 ], [ -47.859064104391543, -15.603140644491699 ], [ -47.859394044180121, -15.603109227627161 ], [ -47.860567124904904, -15.60214093706357 ], [ -47.861453926209386, -15.601752225953751 ], [ -47.862817743847991, -15.601953136429596 ], [ -47.862692006143774, -15.602687206258054 ], [ -47.862457211895183, -15.602662885533697 ], [ -47.86250281916216, -15.602991838760122 ], [ -47.862138501985669, -15.602991502688182 ], [ -47.862132156641124, -15.604259025615283 ], [ -47.861691157247492, -15.604297920570492 ], [ -47.861548422729747, -15.604745894764765 ], [ -47.86182773231068, -15.605548071220504 ], [ -47.862153635564518, -15.605850863932218 ], [ -47.86187577098525, -15.606041259217875 ], [ -47.861935183512301, -15.606506058865605 ], [ -47.86152384421149, -15.606751900281878 ], [ -47.861552888814771, -15.607222508190141 ], [ -47.861843736237269, -15.607249364081259 ], [ -47.861605593851081, -15.607472147035303 ], [ -47.861324016628508, -15.608317891275931 ], [ -47.861629142782483, -15.608949410853461 ], [ -47.861479534940116, -15.609119850205227 ], [ -47.861000395900213, -15.609031269122889 ], [ -47.860380024508125, -15.609334582258137 ], [ -47.860326528043103, -15.609735594585542 ], [ -47.860558225717234, -15.609847570442344 ], [ -47.860378307442254, -15.610542329138994 ], [ -47.860898798540553, -15.610710397046043 ], [ -47.861190454564223, -15.611238387189715 ], [ -47.86160633798368, -15.613289214815651 ], [ -47.862114857925576, -15.613281326041706 ], [ -47.862653451234955, -15.614520360675447 ], [ -47.864372255750496, -15.616342448133679 ], [ -47.865399603541483, -15.616772909395255 ], [ -47.865574422711241, -15.617016189341852 ], [ -47.865903118191746, -15.618435357887831 ], [ -47.865690509467768, -15.619403170972449 ], [ -47.865252487670389, -15.620057495439761 ], [ -47.866082161140305, -15.620182033041729 ], [ -47.867056854739367, -15.61992664951863 ], [ -47.867422984532531, -15.619651984456731 ], [ -47.868476170085813, -15.618353647293251 ], [ -47.868731798074322, -15.617553199533782 ], [ -47.869133961511324, -15.613778589679164 ], [ -47.869467381541298, -15.61318827297921 ], [ -47.870522606561721, -15.612162443337283 ], [ -47.870333953427348, -15.613256840539108 ], [ -47.872047643567967, -15.614250312905105 ], [ -47.873562508904598, -15.613667090399741 ], [ -47.874867063952166, -15.614053494758297 ], [ -47.874801511142806, -15.614189914154586 ], [ -47.875175665296346, -15.614597058258328 ], [ -47.876433509926677, -15.615523620169624 ], [ -47.876448087132182, -15.616383318695087 ], [ -47.877219082146283, -15.617323224982778 ], [ -47.877846679223651, -15.616613801893218 ], [ -47.878285605101844, -15.616686269001969 ], [ -47.880318487583452, -15.616055480670662 ], [ -47.881710377263055, -15.616468224108701 ], [ -47.883781991577749, -15.617530444429219 ], [ -47.88606900337075, -15.61614635313178 ], [ -47.885933691098472, -15.615469591687036 ], [ -47.886359147513673, -15.615089401544768 ], [ -47.887610468526731, -15.611723093618627 ], [ -47.888482217848875, -15.610532646347504 ], [ -47.890310753307951, -15.608895489671935 ], [ -47.891931549189195, -15.608374198075127 ], [ -47.892227377445259, -15.607561590732811 ], [ -47.891740240200818, -15.606832356337879 ], [ -47.892101380749423, -15.606019160049886 ], [ -47.891213124330676, -15.60505905039115 ], [ -47.891250922514466, -15.604684405323935 ], [ -47.891558091114369, -15.604295195730614 ], [ -47.891539714998082, -15.603928244136233 ], [ -47.891147130650872, -15.603521968437098 ], [ -47.8910871045682, -15.602889155377833 ], [ -47.890817465334699, -15.602870987611919 ], [ -47.890889068296318, -15.602554821915716 ], [ -47.890367212135693, -15.601999791992167 ], [ -47.890478219834968, -15.601217163399944 ], [ -47.889776992525306, -15.600256026719329 ], [ -47.889921076950053, -15.598641493069069 ], [ -47.889358985524929, -15.598619085588602 ], [ -47.888963078782368, -15.597701520432778 ], [ -47.888491211713458, -15.59723643139071 ], [ -47.888673783437298, -15.596615804616357 ], [ -47.888132610729741, -15.596215204597994 ], [ -47.887569314614389, -15.594731393294904 ], [ -47.887673032576238, -15.59459294616355 ], [ -47.888184518799612, -15.594668608034505 ], [ -47.888216019066654, -15.594511317089133 ], [ -47.887764197914805, -15.594031640327202 ], [ -47.887367878121481, -15.59389786557656 ], [ -47.886805846910391, -15.594610156830283 ], [ -47.886484964213601, -15.594569221942676 ], [ -47.886135050723993, -15.594154709372823 ], [ -47.886939684479771, -15.593909035224458 ], [ -47.886885993598554, -15.59327866535825 ], [ -47.885904116458676, -15.593425690020069 ], [ -47.885185022062984, -15.593337660446281 ], [ -47.885036401679756, -15.593133401632716 ], [ -47.885106479381378, -15.592445709160611 ], [ -47.886095572581134, -15.592576858669815 ], [ -47.886183193152497, -15.592334885106524 ], [ -47.888990606407013, -15.593314436775435 ], [ -47.890092964992533, -15.593347260919453 ], [ -47.895562368905438, -15.590347452044924 ], [ -47.89621114050707, -15.590246121444935 ], [ -47.896985407538459, -15.590555277978282 ], [ -47.900186524348413, -15.593165113419884 ], [ -47.901144408330772, -15.593680758455298 ], [ -47.902291279490719, -15.593861697475791 ], [ -47.913466817439669, -15.591190611109395 ], [ -47.924775320686614, -15.587426370018413 ], [ -47.926471543011957, -15.586592818368345 ], [ -47.931520823691336, -15.581618795186655 ], [ -47.934583891271174, -15.579662030388226 ], [ -47.935866998290365, -15.578588444658557 ], [ -47.936722444829691, -15.577341967741422 ], [ -47.937918600345988, -15.57370911747808 ], [ -47.938320110299138, -15.573265398376991 ], [ -47.938989782924388, -15.573209483583559 ], [ -47.943024765616812, -15.574607385906386 ], [ -47.943724110680911, -15.574713015515002 ], [ -47.944405881546913, -15.574563363232238 ], [ -47.946505798296954, -15.573395478111708 ], [ -47.947032236264697, -15.573297049358603 ], [ -47.947380786581853, -15.57352341033851 ], [ -47.948152884804571, -15.574753126032983 ], [ -47.948668908640386, -15.575071909394 ], [ -47.950398862841041, -15.575654990228044 ], [ -47.951229080359127, -15.575307167454438 ], [ -47.954365083425508, -15.570362285997769 ], [ -47.95560027197893, -15.566389864342096 ], [ -47.955774960753743, -15.56534623790952 ], [ -47.955423916103669, -15.564351748244635 ], [ -47.951266950284349, -15.559443588517288 ], [ -47.95088630632327, -15.55878772821535 ], [ -47.950862494742033, -15.55756480552825 ], [ -47.952012956109108, -15.554230936747937 ], [ -47.952084038852547, -15.553594033083073 ], [ -47.951796460048797, -15.552861868755311 ], [ -47.950540642506517, -15.551524222861678 ], [ -47.95042583768614, -15.550821583988112 ], [ -47.950710217344607, -15.550334053737389 ], [ -47.955860250243141, -15.545208454326541 ], [ -47.958335267029483, -15.542190523810579 ], [ -47.959623448297798, -15.54126319683558 ], [ -47.96256220130833, -15.539747238070269 ], [ -47.965250406159953, -15.53756906739663 ], [ -47.965695007959432, -15.53680448734862 ], [ -47.967084686453305, -15.531952506882238 ], [ -47.967474302459067, -15.531490451017248 ], [ -47.969821594282898, -15.530186618438908 ], [ -47.970273305242749, -15.529688878412154 ], [ -47.970511469062956, -15.528894536164538 ], [ -47.970459929881905, -15.528349752527481 ], [ -47.969128806414098, -15.525773033557282 ], [ -47.968994937600407, -15.524961523358593 ], [ -47.969391624044533, -15.524122377510174 ], [ -47.973161023856058, -15.520338355442343 ], [ -47.973447636887563, -15.519745879422842 ], [ -47.973294806230662, -15.514299294563815 ], [ -47.97350058634369, -15.512613266303513 ], [ -47.974063090841895, -15.510624517416275 ], [ -47.974017007086452, -15.507063013386295 ], [ -47.974554408501632, -15.505121686059978 ], [ -47.975959702711513, -15.50242998121448 ], [ -47.772066047154084, -15.502370222954744 ], [ -47.77179698834248, -15.502756771659524 ] ] ] } },
{ "type": "Feature", "properties": { "ra_cira": 32, "ra_nome": "Sol Nascente/Pôr do Sol", "ra_codigo": "RA-XXXII", "regiao_saude": "Oeste" }, "geometry": { "type": "Polygon", "coordinates": [ [ [ -48.16394210502537, -15.79396218761052 ], [ -48.1591472242267, -15.80950194793855 ], [ -48.158009443869581, -15.810238592585188 ], [ -48.155904686828002, -15.809627173899607 ], [ -48.155459827063844, -15.81040709013592 ], [ -48.154226850019263, -15.809340464836973 ], [ -48.151155917560203, -15.808448636723133 ], [ -48.14777256643152, -15.808891906968949 ], [ -48.146102515488558, -15.808438346470982 ], [ -48.145899205185181, -15.809108243762472 ], [ -48.143081447579341, -15.809398506719971 ], [ -48.14096765059309, -15.81028052065078 ], [ -48.136797919597406, -15.809080924119343 ], [ -48.136396058618594, -15.810670585235469 ], [ -48.134723038852634, -15.815019185688875 ], [ -48.133298940579273, -15.814516585243954 ], [ -48.132665284439462, -15.816150205669768 ], [ -48.131608464148186, -15.815783236498149 ], [ -48.130806306384088, -15.817880085616363 ], [ -48.131178872587647, -15.817893926577298 ], [ -48.131842799644772, -15.818250119801075 ], [ -48.131250632304408, -15.819694892189382 ], [ -48.128696561493769, -15.818788842354026 ], [ -48.126706421955696, -15.823999142335229 ], [ -48.125925135762834, -15.823740457576015 ], [ -48.125667928232161, -15.823863612437348 ], [ -48.124203604755657, -15.82593331032724 ], [ -48.123993377493989, -15.827931271032018 ], [ -48.123765886800562, -15.828358861223828 ], [ -48.121132729705614, -15.826388359907945 ], [ -48.119250658261556, -15.828888767905896 ], [ -48.118014298891175, -15.828162935488837 ], [ -48.117993181059497, -15.828403748866723 ], [ -48.115121927848385, -15.832159579575857 ], [ -48.116347320554581, -15.834191780796827 ], [ -48.122627974516199, -15.83869529972962 ], [ -48.123946038450761, -15.836979195741737 ], [ -48.12422025081316, -15.836965686416349 ], [ -48.129733394281935, -15.840793238173504 ], [ -48.130400051443154, -15.841427390037312 ], [ -48.13051992186935, -15.84223908637869 ], [ -48.13024842890389, -15.842877269559493 ], [ -48.129472350165912, -15.843681607540352 ], [ -48.120491964558759, -15.855473644622485 ], [ -48.113412776663381, -15.850417418866884 ], [ -48.110837391888481, -15.853810771522477 ], [ -48.111303482469857, -15.854151472588018 ], [ -48.109902686643849, -15.856526033930667 ], [ -48.109364779623661, -15.856930554293818 ], [ -48.109302904365897, -15.857196216321906 ], [ -48.108869486194251, -15.857346277036003 ], [ -48.107899138435549, -15.859072410837392 ], [ -48.107353618122993, -15.859447897458038 ], [ -48.108084957750854, -15.860102516064979 ], [ -48.1098358163905, -15.862256350489615 ], [ -48.109848736239861, -15.862816994606167 ], [ -48.109443241589119, -15.863144201252064 ], [ -48.109498698376505, -15.863672421803781 ], [ -48.110323440313572, -15.865265752647968 ], [ -48.1104045052789, -15.866061345651591 ], [ -48.110851209833086, -15.866713756720795 ], [ -48.111574586926906, -15.866897531075427 ], [ -48.112598683159753, -15.867512364367508 ], [ -48.113630970045243, -15.867742864990742 ], [ -48.115485075304449, -15.867359209143036 ], [ -48.116299924729333, -15.867562868177377 ], [ -48.116546187480232, -15.867475985136959 ], [ -48.116725693203492, -15.867646327003069 ], [ -48.117694664665706, -15.866889451193659 ], [ -48.118747412564339, -15.867277031020638 ], [ -48.119167383125351, -15.866903089727737 ], [ -48.120289917702152, -15.866884555135005 ], [ -48.120749927976263, -15.866386821590153 ], [ -48.120882539689219, -15.865741782066973 ], [ -48.121315183400924, -15.865433637314185 ], [ -48.122355408685799, -15.866124930140279 ], [ -48.123575447440004, -15.86652732600211 ], [ -48.12390231339208, -15.867032764249082 ], [ -48.124424612305745, -15.867477322979326 ], [ -48.124644213277911, -15.867480975649324 ], [ -48.125204034660776, -15.866794663251779 ], [ -48.126242331086708, -15.866259505999928 ], [ -48.126996694372806, -15.865575083668711 ], [ -48.128381705028417, -15.865344122411154 ], [ -48.128850649817068, -15.864773849942893 ], [ -48.129205970903399, -15.864595533528657 ], [ -48.129569883856412, -15.864637783215015 ], [ -48.130268206102222, -15.864039929168865 ], [ -48.131049045887735, -15.864544647492213 ], [ -48.131611240000957, -15.864076078411347 ], [ -48.131863640239366, -15.863429054761944 ], [ -48.132411060269952, -15.863067695965839 ], [ -48.132701022663809, -15.863050762080276 ], [ -48.133755251070546, -15.864094673066772 ], [ -48.135300678698137, -15.864343678681578 ], [ -48.135759639596067, -15.863806136603326 ], [ -48.136786897766811, -15.86376004726305 ], [ -48.137256300820987, -15.863578067633039 ], [ -48.137530145520373, -15.862949654966673 ], [ -48.137997172660071, -15.862812494744636 ], [ -48.138281928934035, -15.862518441201553 ], [ -48.139107019123678, -15.862521763412492 ], [ -48.140507883870889, -15.86163041574695 ], [ -48.141067040264097, -15.861589732395418 ], [ -48.141352320982747, -15.86128046622788 ], [ -48.142375319525939, -15.86099660881874 ], [ -48.14291670515172, -15.860217237982585 ], [ -48.143333558548349, -15.860246197590108 ], [ -48.14346633488897, -15.860100992972658 ], [ -48.143338032586186, -15.859808259785261 ], [ -48.143570599019725, -15.859154505615953 ], [ -48.144031658292882, -15.858947328118793 ], [ -48.144131756271541, -15.85864379097576 ], [ -48.144362101371236, -15.858590905301755 ], [ -48.144580483595711, -15.858913738420638 ], [ -48.145237631400654, -15.858620951299036 ], [ -48.146098515353692, -15.856957764768955 ], [ -48.147317005149489, -15.857080623430948 ], [ -48.147926847319056, -15.856119172865787 ], [ -48.148260359071209, -15.855925702689913 ], [ -48.149922929528614, -15.855803995825365 ], [ -48.150049454574003, -15.855541250791321 ], [ -48.149940395297868, -15.854912827534438 ], [ -48.15025747958331, -15.854592246782586 ], [ -48.150643103074522, -15.854524749320074 ], [ -48.150898360029572, -15.8541769313165 ], [ -48.152951815346221, -15.854305652546103 ], [ -48.153714197907078, -15.855097586874498 ], [ -48.154110814378519, -15.855100178000507 ], [ -48.155191672906412, -15.854522368793281 ], [ -48.158524348044054, -15.854877757422059 ], [ -48.159437376364586, -15.854331558296339 ], [ -48.159771718689782, -15.853735629509762 ], [ -48.160309832310389, -15.853282167143954 ], [ -48.160704232134222, -15.853444598010787 ], [ -48.161004220116673, -15.853263970648632 ], [ -48.161384885285983, -15.85250844976191 ], [ -48.162509116197107, -15.852750012729787 ], [ -48.163616208965202, -15.851713620771308 ], [ -48.164246682652134, -15.852003383473731 ], [ -48.164398627748952, -15.852770201661153 ], [ -48.164996030118196, -15.853179494037287 ], [ -48.165808745945142, -15.853002978657111 ], [ -48.166872281466084, -15.853317143729322 ], [ -48.167446934581925, -15.852736549313489 ], [ -48.167858959442619, -15.852640720402324 ], [ -48.168859884402593, -15.85300550825548 ], [ -48.169005953365492, -15.853306089358753 ], [ -48.168919642244845, -15.853956171304812 ], [ -48.170154720188563, -15.854130855301763 ], [ -48.171144337876143, -15.854549009419944 ], [ -48.172064167162524, -15.85552641394248 ], [ -48.172444608626378, -15.855606050294847 ], [ -48.172980594153955, -15.855318403773452 ], [ -48.174211064521934, -15.855625298746613 ], [ -48.174592764221856, -15.855874829204188 ], [ -48.175357810457058, -15.857070744897444 ], [ -48.175488242212708, -15.856428852703768 ], [ -48.176427630991419, -15.855872654454483 ], [ -48.175986295409743, -15.855306575578824 ], [ -48.176042567916838, -15.85511346050745 ], [ -48.176390913225035, -15.855082959923179 ], [ -48.17654034611715, -15.854328091653091 ], [ -48.176347410697034, -15.853977286623364 ], [ -48.176775602155693, -15.853596435980176 ], [ -48.176751576419591, -15.853225809105133 ], [ -48.177168086193198, -15.852055079705135 ], [ -48.176756982311815, -15.851487902942543 ], [ -48.176887307908949, -15.851101811946243 ], [ -48.177204864823587, -15.850923928159137 ], [ -48.177379229042046, -15.849992727961991 ], [ -48.177776383247746, -15.849580509257565 ], [ -48.177620008578167, -15.848877913764921 ], [ -48.178063146215237, -15.847995179176982 ], [ -48.178744653540633, -15.847366220281026 ], [ -48.179783273946128, -15.846765006646692 ], [ -48.18035955931893, -15.846685117858717 ], [ -48.180233428964463, -15.846153496557031 ], [ -48.181425089676445, -15.845720460371192 ], [ -48.181424919971221, -15.845314513221544 ], [ -48.18180299810485, -15.845391106118507 ], [ -48.18166835225729, -15.845749759477663 ], [ -48.181877150208173, -15.845814316710857 ], [ -48.182800774195627, -15.845127999948492 ], [ -48.183210469096935, -15.845730491761929 ], [ -48.18352852781846, -15.845124381930852 ], [ -48.184026237228274, -15.845043236064036 ], [ -48.184265963049924, -15.844362611515749 ], [ -48.185179800273723, -15.845001935576315 ], [ -48.186223330985158, -15.84413873568538 ], [ -48.186482432907994, -15.843221412788104 ], [ -48.186059612533889, -15.842270614398918 ], [ -48.18654052043474, -15.841639335869537 ], [ -48.186293640291275, -15.841198642834296 ], [ -48.186883697406913, -15.84036369908563 ], [ -48.187100346478942, -15.839576387688458 ], [ -48.187563655794307, -15.839673307953573 ], [ -48.187675303417258, -15.839294615070814 ], [ -48.188808210850667, -15.838351696301681 ], [ -48.189207479425669, -15.837265231987685 ], [ -48.189993623759378, -15.836424949376109 ], [ -48.189744568299979, -15.836049009014921 ], [ -48.19015913705632, -15.835890552213927 ], [ -48.190189455563264, -15.835720293290487 ], [ -48.189071557205253, -15.834818257123146 ], [ -48.189065805350751, -15.833693463148084 ], [ -48.188822286659544, -15.833799877619025 ], [ -48.188611686803135, -15.833511625957545 ], [ -48.1886049401554, -15.832557317939605 ], [ -48.18877413284541, -15.832183553274866 ], [ -48.187985964745948, -15.831548609103841 ], [ -48.18816561567975, -15.831280593356176 ], [ -48.188127495094356, -15.83069563815487 ], [ -48.187510391439737, -15.830037137947976 ], [ -48.186901259804671, -15.828749014188286 ], [ -48.186775731610076, -15.827845192408658 ], [ -48.186013577626184, -15.826946399562393 ], [ -48.185825367114369, -15.826224781524672 ], [ -48.185380571644785, -15.826041012171791 ], [ -48.184988030313605, -15.825552163591119 ], [ -48.184693355595087, -15.824736428952836 ], [ -48.184268254700065, -15.824204945925203 ], [ -48.183864101639216, -15.824068579699015 ], [ -48.184104263965764, -15.823389938395056 ], [ -48.183824430289569, -15.823029872716637 ], [ -48.183772420819054, -15.8233295743283 ], [ -48.183382676783118, -15.82315952261335 ], [ -48.183537060362653, -15.822754816724943 ], [ -48.183206193860585, -15.822584249417066 ], [ -48.183219162830788, -15.822047036589055 ], [ -48.183499989838943, -15.822029885531647 ], [ -48.183678757729986, -15.821783924663475 ], [ -48.183540988790099, -15.821518423479672 ], [ -48.183963887053025, -15.821417151339716 ], [ -48.184047155171008, -15.821108657400348 ], [ -48.184503018040338, -15.821350380724589 ], [ -48.184436484604419, -15.820589243870206 ], [ -48.184288135353043, -15.820492897676994 ], [ -48.184754541251237, -15.820141437847335 ], [ -48.184586141930403, -15.819349929618332 ], [ -48.185170855042543, -15.817922044108766 ], [ -48.186176308049106, -15.8169281571958 ], [ -48.186245930240212, -15.816128194763792 ], [ -48.186703140367825, -15.815900368169011 ], [ -48.187101179179635, -15.815175845048133 ], [ -48.187602257782601, -15.815039825169073 ], [ -48.187841590572695, -15.81475886991019 ], [ -48.188952430416478, -15.814808712184902 ], [ -48.1894487894116, -15.814033173345814 ], [ -48.190044401423883, -15.813527303110511 ], [ -48.190852478847262, -15.811983454812371 ], [ -48.19118486969132, -15.809673576343958 ], [ -48.190884114823177, -15.808168785689887 ], [ -48.190993960424649, -15.80758582172367 ], [ -48.190858463428135, -15.807312262455692 ], [ -48.190080104815053, -15.806873360686515 ], [ -48.190075327563349, -15.806316734150382 ], [ -48.189552911564519, -15.805360066479457 ], [ -48.189671321410422, -15.805150578993491 ], [ -48.188604977299725, -15.802091023706225 ], [ -48.188413445767914, -15.800990183353411 ], [ -48.188576474851892, -15.800412436423297 ], [ -48.188309284381603, -15.799799579266296 ], [ -48.188448122075393, -15.799395596081471 ], [ -48.188849005035237, -15.799013660147905 ], [ -48.188555298874107, -15.798009367445815 ], [ -48.184652064103453, -15.799119165534712 ], [ -48.182534983092609, -15.799184846401769 ], [ -48.180418208673103, -15.798717792573836 ], [ -48.16394210502537, -15.79396218761052 ] ] ] } },
{ "type": "Feature", "properties": { "ra_cira": 33, "ra_nome": "Arniqueira", "ra_codigo": "RA-XXXIII", "regiao_saude": "Sudoeste" }, "geometry": { "type": "Polygon", "coordinates": [ [ [ -48.010885139500061, -15.84112660614613 ], [ -48.008026786676609, -15.847437154611256 ], [ -48.007636210287828, -15.847275948643476 ], [ -48.006407219374417, -15.850212328883035 ], [ -48.001951257845597, -15.848312397891632 ], [ -48.001030804320138, -15.846952637388364 ], [ -47.999866920882504, -15.846424755146359 ], [ -47.99875671617945, -15.848650916737856 ], [ -48.000644679842701, -15.850419666442077 ], [ -47.99800426497449, -15.853029946691779 ], [ -47.997670550545593, -15.853653373497293 ], [ -47.997402994640908, -15.85370874946816 ], [ -47.996089218695239, -15.855008523175336 ], [ -47.996463391733379, -15.855366186078593 ], [ -47.995211478527345, -15.856704200200699 ], [ -47.994975293672987, -15.856873018357648 ], [ -47.994561507177551, -15.856597061387225 ], [ -47.990883182409164, -15.86018713313416 ], [ -47.990560266943206, -15.859868925669808 ], [ -47.987960521829656, -15.862418954834034 ], [ -47.988308291644714, -15.86275669700192 ], [ -47.986659948423913, -15.86437072346887 ], [ -47.986544755034579, -15.864780642705535 ], [ -47.991947483871328, -15.866216616256786 ], [ -47.991427211777605, -15.868017641535893 ], [ -47.991834827508661, -15.86846907581195 ], [ -47.993872149769466, -15.869001703921166 ], [ -47.993327121024983, -15.871203641837431 ], [ -47.993615179539532, -15.871239798162529 ], [ -47.993597144363001, -15.871368472786852 ], [ -47.992097244802032, -15.876511181975763 ], [ -48.011525892299822, -15.878227109012947 ], [ -48.013294121930223, -15.878125909311514 ], [ -48.023244838487642, -15.876719425916813 ], [ -48.027764452379827, -15.875907725555741 ], [ -48.03061563848317, -15.870539771032753 ], [ -48.025516812213304, -15.868004777230896 ], [ -48.030206357341569, -15.859330725722209 ], [ -48.028970538219539, -15.858703790182032 ], [ -48.030561882865541, -15.85571635576582 ], [ -48.032967773130089, -15.84951619349796 ], [ -48.01665845006255, -15.842822989861384 ], [ -48.010885139500061, -15.84112660614613 ] ] ] } },
{ "type": "Feature", "properties": { "ra_cira": 34, "ra_nome": "Arapoanga", "ra_codigo": "RA-XXXIV", "regiao_saude": "Norte" }, "geometry": { "type": "Polygon", "coordinates": [ [ [ -47.600777068319218, -15.622207868912044 ], [ -47.597998112956716, -15.622606026247579 ], [ -47.597325589994362, -15.622464648144017 ], [ -47.597071894600113, -15.622657787709507 ], [ -47.624412999098702, -15.641386181031276 ], [ -47.623339523874151, -15.646985257344413 ], [ -47.622385236356749, -15.647281378394025 ], [ -47.621695934202783, -15.647979601487355 ], [ -47.621436086256544, -15.648770686805303 ], [ -47.621406007605991, -15.650509806622683 ], [ -47.620693409324524, -15.651571468864033 ], [ -47.602131647723851, -15.658524501876188 ], [ -47.601437879521313, -15.658849782571265 ], [ -47.601706059732386, -15.659293283647736 ], [ -47.601215749591724, -15.659782642878039 ], [ -47.601208177789069, -15.659982699304877 ], [ -47.602232398170067, -15.660114888497219 ], [ -47.602796821457531, -15.659688354473534 ], [ -47.603092077233889, -15.659659498342741 ], [ -47.60384672535573, -15.660575437682223 ], [ -47.605051205920581, -15.660064838267433 ], [ -47.606324197940843, -15.660725193586554 ], [ -47.60691698301116, -15.660632594280006 ], [ -47.607525533388454, -15.660141064974502 ], [ -47.608132064798539, -15.660043987667061 ], [ -47.609316982277065, -15.660449811347556 ], [ -47.610228543070811, -15.66044389606361 ], [ -47.610701308589952, -15.660718227518524 ], [ -47.61188188662053, -15.659508196673967 ], [ -47.613181454017763, -15.659412723810084 ], [ -47.614704324326567, -15.658686963434914 ], [ -47.615352061274677, -15.658665088969574 ], [ -47.615439795957037, -15.658841699444221 ], [ -47.61589451700798, -15.658944405041272 ], [ -47.616418555358294, -15.658738762179112 ], [ -47.61664652497889, -15.658289966886571 ], [ -47.616445171614963, -15.657696604283512 ], [ -47.616800904583549, -15.657401473834835 ], [ -47.617372444672547, -15.657972867897824 ], [ -47.618293735181794, -15.657719174211161 ], [ -47.619341866379052, -15.658109312565468 ], [ -47.620890925215953, -15.657429170418265 ], [ -47.62149814427616, -15.658172449944978 ], [ -47.623905556885859, -15.657483174799513 ], [ -47.62437747992518, -15.657610776813314 ], [ -47.624853852061641, -15.658034907803309 ], [ -47.625101377875083, -15.65758819147622 ], [ -47.627014584228647, -15.658471040059837 ], [ -47.627971354862566, -15.658098942670259 ], [ -47.628731091963672, -15.657281576590769 ], [ -47.629128647393308, -15.657487202084127 ], [ -47.630089822082056, -15.657452903704062 ], [ -47.630823625252731, -15.657927826268732 ], [ -47.632120519972062, -15.658241060756014 ], [ -47.63286984022735, -15.658123205145982 ], [ -47.633385822289164, -15.658265806269521 ], [ -47.634220250149021, -15.657984470574256 ], [ -47.634789274115363, -15.658547733741168 ], [ -47.63518562709946, -15.659292750079404 ], [ -47.636143470173714, -15.659982015323189 ], [ -47.636616401199291, -15.660776214218886 ], [ -47.638793310301317, -15.661996796330774 ], [ -47.638858575971092, -15.662632831505469 ], [ -47.639628099068268, -15.663362796090498 ], [ -47.639472101652935, -15.663846082231705 ], [ -47.639821174322115, -15.664343753616418 ], [ -47.640196929640574, -15.664437023495802 ], [ -47.640516162180198, -15.663574955251285 ], [ -47.641848689838895, -15.663622524298814 ], [ -47.642038263595794, -15.6638357163362 ], [ -47.642404643064722, -15.66381107971597 ], [ -47.64243246563435, -15.663512530153211 ], [ -47.642182483913324, -15.663436805095433 ], [ -47.642290969264231, -15.663295652735581 ], [ -47.643050336337652, -15.663357566786956 ], [ -47.643715192018007, -15.663142082529802 ], [ -47.643809610349201, -15.663521788539875 ], [ -47.644420085065327, -15.663834688618223 ], [ -47.644511102826691, -15.664194506047521 ], [ -47.644942263795116, -15.664505608268849 ], [ -47.645084927444479, -15.665020176597164 ], [ -47.645362729131357, -15.66484044582249 ], [ -47.645963900707571, -15.665155043712288 ], [ -47.645973290774343, -15.665434829885067 ], [ -47.646408626859689, -15.665696101364757 ], [ -47.646344102117403, -15.666112869693734 ], [ -47.646730462206385, -15.666198563716591 ], [ -47.646724653703778, -15.666614360877961 ], [ -47.647056119170323, -15.666969968353474 ], [ -47.647085735292912, -15.665991828990114 ], [ -47.647368019588733, -15.665991169230482 ], [ -47.647713651516945, -15.666931410980173 ], [ -47.648255926199134, -15.66742035505281 ], [ -47.649071507658967, -15.66918942514485 ], [ -47.649748182096843, -15.669938898837479 ], [ -47.650543249473728, -15.670082917300867 ], [ -47.650851753762687, -15.670453958885952 ], [ -47.651041125222783, -15.6704488426412 ], [ -47.651325363555557, -15.669592598487288 ], [ -47.651791530870604, -15.669486922010112 ], [ -47.652469166090491, -15.668719840966608 ], [ -47.652609848888531, -15.668916997341794 ], [ -47.65254894611617, -15.669438807018704 ], [ -47.652816385715802, -15.66985900241623 ], [ -47.65320334747652, -15.669816206381734 ], [ -47.653684111234689, -15.670122003743854 ], [ -47.654337215091715, -15.669907416740676 ], [ -47.655018273681073, -15.670250148299429 ], [ -47.655315053023166, -15.670743861906736 ], [ -47.65477516420389, -15.671429216941599 ], [ -47.654885389753908, -15.671747437305056 ], [ -47.65569567870179, -15.672009144403814 ], [ -47.656369234515125, -15.672525080558191 ], [ -47.656516398815889, -15.672357617070052 ], [ -47.656412464850796, -15.672111800605551 ], [ -47.656748833943475, -15.67208535546526 ], [ -47.656941396701029, -15.672321935501097 ], [ -47.657207739855501, -15.672201519617895 ], [ -47.657408692545935, -15.672398383262856 ], [ -47.657571952190303, -15.672130036736124 ], [ -47.657755085332909, -15.672179737873574 ], [ -47.657729719105859, -15.672912221580146 ], [ -47.658045600196147, -15.673222104138244 ], [ -47.658412882277709, -15.673073814851318 ], [ -47.658676471726068, -15.673337704259202 ], [ -47.658610201958552, -15.673811617977501 ], [ -47.659134713239297, -15.673659870957476 ], [ -47.659540805070904, -15.673786152728621 ], [ -47.659813115164674, -15.674179976158946 ], [ -47.659823860325261, -15.674861721641944 ], [ -47.660527237694311, -15.675601805300296 ], [ -47.661034454525335, -15.675596730538453 ], [ -47.661331458387302, -15.675347326345065 ], [ -47.662022044686211, -15.675817142811358 ], [ -47.662088160141387, -15.676067747506279 ], [ -47.662744132052701, -15.6758232328843 ], [ -47.66342637463741, -15.67623762702469 ], [ -47.663821736255713, -15.676272108814825 ], [ -47.664490548585825, -15.675779082108448 ], [ -47.665454829225858, -15.676769596296062 ], [ -47.665917035866499, -15.676850395213261 ], [ -47.666525368067333, -15.676531527569072 ], [ -47.666751787224875, -15.67588420825005 ], [ -47.667626423860312, -15.675897541023858 ], [ -47.667976291699254, -15.675296178964285 ], [ -47.66827474750523, -15.675334950084546 ], [ -47.668777782194368, -15.674982184784961 ], [ -47.66923064863807, -15.675131222203277 ], [ -47.669285762934358, -15.67486757204898 ], [ -47.668832183026502, -15.673454164338466 ], [ -47.668019463710124, -15.67244523603201 ], [ -47.668561460336754, -15.671684237538337 ], [ -47.67013945701364, -15.672104508700865 ], [ -47.670642611350779, -15.671383218212776 ], [ -47.67124989037022, -15.671434612091961 ], [ -47.671511322094865, -15.671081207424372 ], [ -47.670672359479248, -15.669967635272158 ], [ -47.671527619901589, -15.669625385519808 ], [ -47.671571084445432, -15.66945450136507 ], [ -47.670251658205395, -15.668548980925284 ], [ -47.669663570573043, -15.667642741581759 ], [ -47.668461901690215, -15.666954508537074 ], [ -47.668213280399755, -15.666214930180804 ], [ -47.667804482228135, -15.665794984014431 ], [ -47.666971144671585, -15.665361777783332 ], [ -47.666656120212252, -15.664410895406105 ], [ -47.666239899236274, -15.664032916576641 ], [ -47.665926287641504, -15.663314019071095 ], [ -47.664812366172683, -15.662409841440764 ], [ -47.662619234025954, -15.66178999676432 ], [ -47.662722400924231, -15.661283404527943 ], [ -47.662077620089143, -15.656424028195602 ], [ -47.661497554628802, -15.653410664777585 ], [ -47.661226695448242, -15.650424279880848 ], [ -47.66131408913872, -15.648182214553255 ], [ -47.666594484506376, -15.648384507638536 ], [ -47.667704834522887, -15.648646473197683 ], [ -47.669630695160947, -15.649481078391958 ], [ -47.671122191578228, -15.649729348193791 ], [ -47.672900734959633, -15.649401763990676 ], [ -47.674707634516004, -15.648405079724251 ], [ -47.673670001648325, -15.648036074046306 ], [ -47.6733352137758, -15.647560702273518 ], [ -47.67291516921788, -15.647447628127926 ], [ -47.67287659864796, -15.64718454595547 ], [ -47.67252849457136, -15.647121198157331 ], [ -47.671867980922123, -15.64638451224743 ], [ -47.672259937260712, -15.646195954423035 ], [ -47.672244301947352, -15.645683458386992 ], [ -47.672479838822802, -15.645508695472445 ], [ -47.672384315578832, -15.645362895988105 ], [ -47.67209414081335, -15.64544948122836 ], [ -47.671970550451604, -15.645101709507644 ], [ -47.672415031509672, -15.64499929125412 ], [ -47.672296335082791, -15.644210284311459 ], [ -47.671959206104681, -15.644153494792054 ], [ -47.672023674439963, -15.64390553924545 ], [ -47.671801410323923, -15.643548988022188 ], [ -47.671037146112475, -15.643221673243124 ], [ -47.671255744099994, -15.642729527006273 ], [ -47.67086415507282, -15.642802462137901 ], [ -47.670037414786634, -15.642201215421858 ], [ -47.670250242777499, -15.641989477379941 ], [ -47.670017425458113, -15.641805949588493 ], [ -47.670364635025443, -15.641615146711274 ], [ -47.670177362999361, -15.641291676328555 ], [ -47.670430925385098, -15.641338090755495 ], [ -47.670542959020615, -15.640975841468036 ], [ -47.670811595434557, -15.64078188229036 ], [ -47.67036750409553, -15.640182452769841 ], [ -47.670654713926581, -15.639628329185316 ], [ -47.67024199559097, -15.639395912229544 ], [ -47.670296069569197, -15.638652051460486 ], [ -47.669578408198056, -15.638510627468122 ], [ -47.669753768275235, -15.638143568910346 ], [ -47.669473492689598, -15.638158677495968 ], [ -47.669159167494747, -15.637877734031509 ], [ -47.669458007507558, -15.637647503085118 ], [ -47.669341762509127, -15.637431497460193 ], [ -47.668942961314841, -15.637555856007364 ], [ -47.668698425976345, -15.637355109403998 ], [ -47.668163055236072, -15.637464608281975 ], [ -47.668069599638066, -15.637166883898795 ], [ -47.668335413287473, -15.637075984637063 ], [ -47.668053771902983, -15.63660841004449 ], [ -47.667561283225488, -15.63656576754313 ], [ -47.667725166625829, -15.636094387053904 ], [ -47.667118138553235, -15.636300453902647 ], [ -47.667485833510348, -15.635828683787832 ], [ -47.667152312725541, -15.635918330005094 ], [ -47.667043155440055, -15.635549602465616 ], [ -47.667512795064951, -15.635436470112305 ], [ -47.667645886777755, -15.635213882981125 ], [ -47.666917543160963, -15.635097917396218 ], [ -47.667066960975504, -15.634605799009437 ], [ -47.666717878992365, -15.634436450200448 ], [ -47.667417627835583, -15.634214166843648 ], [ -47.667291653970771, -15.634076837989436 ], [ -47.66692101409847, -15.634136865658819 ], [ -47.666948015433057, -15.633483688642054 ], [ -47.666460268875028, -15.633399272819481 ], [ -47.66625325638342, -15.633090349571944 ], [ -47.664760869071792, -15.632921436425706 ], [ -47.659704469314718, -15.635168199175446 ], [ -47.657750544211346, -15.635378870691316 ], [ -47.656771109783236, -15.635156372778015 ], [ -47.65608756576475, -15.63521670433208 ], [ -47.655737754692552, -15.634923093809228 ], [ -47.654313425853481, -15.634551260340897 ], [ -47.653047019798244, -15.633917098797678 ], [ -47.652311992754029, -15.633431041782035 ], [ -47.652108292923046, -15.633011213883252 ], [ -47.651468123188835, -15.632654336896662 ], [ -47.649996870231845, -15.63241602240466 ], [ -47.648757718255666, -15.631604897517075 ], [ -47.648577324433099, -15.631268535555861 ], [ -47.647932701969914, -15.630781813305299 ], [ -47.64622603921714, -15.630289825065818 ], [ -47.64476329200231, -15.630144616603854 ], [ -47.642137936721966, -15.629367498101994 ], [ -47.641791543348759, -15.629103949242261 ], [ -47.641533027358612, -15.629158638501643 ], [ -47.641477513449409, -15.62843490432868 ], [ -47.641089805390372, -15.628394772622572 ], [ -47.639345595522094, -15.628381898362569 ], [ -47.638026559901789, -15.629085771883503 ], [ -47.636879395242488, -15.629942569561793 ], [ -47.635254696411636, -15.630114296772733 ], [ -47.631392724324684, -15.631079730279504 ], [ -47.630803443409498, -15.631057896765155 ], [ -47.630002512344376, -15.630761482335842 ], [ -47.628414166224438, -15.630876361411188 ], [ -47.627302694729124, -15.630341767855965 ], [ -47.626823166383701, -15.629876163547888 ], [ -47.627044258170102, -15.627188133358692 ], [ -47.626706811756947, -15.626496737312548 ], [ -47.625406447414925, -15.626105772162868 ], [ -47.624868989423085, -15.625522306028923 ], [ -47.624423846552958, -15.62561372346617 ], [ -47.623082577035007, -15.624818468481097 ], [ -47.621331648298217, -15.624533103693564 ], [ -47.619404541591827, -15.623931429855119 ], [ -47.617657526198315, -15.623337251737684 ], [ -47.616991427441917, -15.622901968366067 ], [ -47.615604445403385, -15.622891681820439 ], [ -47.615286027289372, -15.623036008266736 ], [ -47.613537312624182, -15.622653731088405 ], [ -47.611504641475612, -15.622538109000384 ], [ -47.610587993181461, -15.622847130894554 ], [ -47.608776225929908, -15.622731730783052 ], [ -47.607439621368165, -15.622920337511477 ], [ -47.605368557668832, -15.622387341255573 ], [ -47.603467899589582, -15.622306268846168 ], [ -47.602377062031223, -15.622551813386528 ], [ -47.600777068319218, -15.622207868912044 ] ] ] } },
{ "type": "Feature", "properties": { "ra_cira": 35, "ra_nome": "Água Quente", "ra_codigo": "RA-XXXV", "regiao_saude": "Sudoeste" }, "geometry": { "type": "Polygon", "coordinates": [ [ [ -48.238632776047439, -15.929196068092111 ], [ -48.237964531365627, -15.929662475244587 ], [ -48.237039001649521, -15.931121015980118 ], [ -48.235809520543434, -15.932128406518435 ], [ -48.235648309395273, -15.932498061570822 ], [ -48.234969152180071, -15.932911698647468 ], [ -48.234740254133406, -15.933419556864674 ], [ -48.234398079420089, -15.933400378762173 ], [ -48.234346987539737, -15.933698301138721 ], [ -48.234821362449587, -15.934482086777614 ], [ -48.234569817758135, -15.934677985030959 ], [ -48.234702390153132, -15.934943991872379 ], [ -48.234316965118978, -15.934891793801418 ], [ -48.233974562635822, -15.93529394136516 ], [ -48.233564946461357, -15.935139578623028 ], [ -48.233088785723567, -15.934491117977945 ], [ -48.233174782614689, -15.933975152597391 ], [ -48.232802671229841, -15.933947385902975 ], [ -48.232272370580993, -15.93429461047811 ], [ -48.2324161913618, -15.933738524042262 ], [ -48.232290652061899, -15.933607115367918 ], [ -48.231642530571122, -15.933664112901477 ], [ -48.231030195413652, -15.933223890090124 ], [ -48.230511477912664, -15.933470158801384 ], [ -48.230283544463511, -15.932402868999503 ], [ -48.229917276318808, -15.931834826271283 ], [ -48.229089188663743, -15.932386842775948 ], [ -48.22853667997154, -15.931677391133894 ], [ -48.228492322076846, -15.931351923615985 ], [ -48.227721667327373, -15.932088002215581 ], [ -48.227216706071516, -15.932162549980266 ], [ -48.226876504111836, -15.932987962617764 ], [ -48.226485856192589, -15.932693705364319 ], [ -48.226193405824127, -15.933564411222106 ], [ -48.226372727365572, -15.933719338151166 ], [ -48.226267858852445, -15.934005109461392 ], [ -48.224580930161096, -15.934299228783185 ], [ -48.224355294887182, -15.934028503805768 ], [ -48.224256207535653, -15.93421807806979 ], [ -48.224441064672902, -15.934594124627102 ], [ -48.223678538653672, -15.934546995618163 ], [ -48.223288512166093, -15.935438655458313 ], [ -48.222765066510021, -15.935995081712335 ], [ -48.222163685495836, -15.935515628654407 ], [ -48.221839211784705, -15.935581546352273 ], [ -48.221681328896508, -15.935220168035663 ], [ -48.22173804041401, -15.93445295415375 ], [ -48.221008554832139, -15.934120920457678 ], [ -48.220585522946067, -15.934240396017413 ], [ -48.2203593973327, -15.93401160410745 ], [ -48.220166808487676, -15.934057900246406 ], [ -48.220080898096697, -15.93434219678492 ], [ -48.219417800505759, -15.934391261237341 ], [ -48.218225158756439, -15.935797794340731 ], [ -48.217568737147921, -15.936256550696548 ], [ -48.21712686580873, -15.937169760894868 ], [ -48.216125002426878, -15.938052254803155 ], [ -48.215224423850792, -15.939777214403771 ], [ -48.214493696794818, -15.940619114516771 ], [ -48.214178206605339, -15.941691645515498 ], [ -48.213786057961954, -15.941923318848694 ], [ -48.213550438215293, -15.942527749867319 ], [ -48.217551288888707, -15.944033734221303 ], [ -48.216976225616762, -15.944910030177775 ], [ -48.216664277693113, -15.946057554524671 ], [ -48.215631815859837, -15.946988384877473 ], [ -48.215497559910055, -15.947467354575869 ], [ -48.215062759451122, -15.947935313606978 ], [ -48.214425053494736, -15.949137916162059 ], [ -48.213007958613275, -15.94971106624055 ], [ -48.212348672800566, -15.950844358527767 ], [ -48.210804147712793, -15.952541777373501 ], [ -48.211148327881929, -15.953162649679399 ], [ -48.212719104442392, -15.954660372215802 ], [ -48.213455286157362, -15.956482981088694 ], [ -48.214835940011078, -15.957500951212708 ], [ -48.216445230895594, -15.958106747061922 ], [ -48.220151912052806, -15.958318572664659 ], [ -48.222142902212063, -15.957776160867679 ], [ -48.223259595215502, -15.955467387073394 ], [ -48.224265696451852, -15.954198761948437 ], [ -48.226617202576918, -15.953004109441601 ], [ -48.22749837290656, -15.953059889801652 ], [ -48.229188548993719, -15.953694631948759 ], [ -48.229354950873855, -15.953325603677554 ], [ -48.22971687253365, -15.953232399358448 ], [ -48.231314728428607, -15.95405379282424 ], [ -48.231817330266146, -15.953926938261318 ], [ -48.232073513122671, -15.953503785509088 ], [ -48.232512984398348, -15.953637374908999 ], [ -48.233056502386574, -15.953205591192326 ], [ -48.233490029673419, -15.953268291251712 ], [ -48.234430092800267, -15.953030894187835 ], [ -48.236430044920411, -15.953206008853677 ], [ -48.236936933613769, -15.952886554830465 ], [ -48.236884362854461, -15.952536542218942 ], [ -48.237123112422779, -15.952388499896227 ], [ -48.238238085619493, -15.952567214423638 ], [ -48.238837300952135, -15.952409517356852 ], [ -48.239981380574477, -15.952897526128098 ], [ -48.240458845947977, -15.952750583327484 ], [ -48.241089235646932, -15.95283842280031 ], [ -48.241560796039636, -15.953322913652343 ], [ -48.24259054923079, -15.952898973691584 ], [ -48.243519568238291, -15.953768893088922 ], [ -48.244129031009265, -15.953984324983059 ], [ -48.244286650706378, -15.954320953993712 ], [ -48.244985642497241, -15.954486462416993 ], [ -48.245111890132321, -15.954706018145826 ], [ -48.245451100064258, -15.954445770141986 ], [ -48.245794127194067, -15.95474096056928 ], [ -48.246545429849547, -15.954616307374893 ], [ -48.24688470976308, -15.954394477054423 ], [ -48.247183852390954, -15.954543929975365 ], [ -48.247566468803363, -15.95413245539125 ], [ -48.247790576463501, -15.954268677864127 ], [ -48.248022680577286, -15.954120610951302 ], [ -48.248408760592071, -15.954220678453099 ], [ -48.248556368140001, -15.954584175368906 ], [ -48.249322715799771, -15.954517084986023 ], [ -48.249365662966959, -15.954946531933404 ], [ -48.250073863692457, -15.955405024480756 ], [ -48.25135039963083, -15.955398217198587 ], [ -48.251379845793146, -15.954016362357907 ], [ -48.251912709071107, -15.95273725254666 ], [ -48.251866974177759, -15.951763582628621 ], [ -48.252155469610202, -15.950557620134303 ], [ -48.252138046914581, -15.948842264060513 ], [ -48.252494828030692, -15.9483570164812 ], [ -48.253271398692313, -15.948583439125269 ], [ -48.253504945270848, -15.948288130205079 ], [ -48.253412678061324, -15.947326667222791 ], [ -48.253557248029601, -15.946804745909592 ], [ -48.253233496531017, -15.946381623776519 ], [ -48.251659240307838, -15.94780436093188 ], [ -48.250598737289998, -15.948141798140433 ], [ -48.250163502513942, -15.947679861351943 ], [ -48.25060108118501, -15.945863798788302 ], [ -48.250850865783043, -15.943815462786723 ], [ -48.25120566423081, -15.943780538801514 ], [ -48.251701705811648, -15.944049713742467 ], [ -48.252029958462636, -15.944869483235106 ], [ -48.252455267780235, -15.944794658019431 ], [ -48.252902718936554, -15.944210445118307 ], [ -48.252749257275383, -15.942474510920205 ], [ -48.252191598659699, -15.941317326638773 ], [ -48.252704456215362, -15.940212066206689 ], [ -48.251321908845874, -15.937751243905193 ], [ -48.252460891940231, -15.935513947119619 ], [ -48.250519212324129, -15.93372810246432 ], [ -48.249935438313422, -15.933542670174615 ], [ -48.24991712930597, -15.933706480209212 ], [ -48.249414749059888, -15.933881144433871 ], [ -48.248303209524636, -15.933866615120442 ], [ -48.247134206695002, -15.933485306282975 ], [ -48.246621424524648, -15.933256361673195 ], [ -48.246259343286269, -15.932760311495901 ], [ -48.246191220582737, -15.932222376606317 ], [ -48.245864331637712, -15.931958344632468 ], [ -48.245142882007059, -15.9318695233115 ], [ -48.243682122374011, -15.93205885465655 ], [ -48.242662174568814, -15.93191669110081 ], [ -48.240646486833342, -15.930693323912351 ], [ -48.240275721734562, -15.930229688014279 ], [ -48.240006872703987, -15.929375510148889 ], [ -48.238632776047439, -15.929196068092111 ] ] ] } }
]
}
